expediente,nombre_establecimiento,ciudad,departamento,direccion,concepto_corto,concepto,fecha_notificacion,fecha_vencimiento
2094R,MEDICINA NUCLEAR DIAGNÓSTICA  S.A.S.,VILLAVICENCIO,META,Carrera 36 Nro. 35- 53.,Cumple,"CUMPLE CON LAS BUENAS PRACTICAS DE ELABORACION DE RADIOFARMACOS - BPER PARA LOS SIGUIENTES PROCESOS Y/O ACTIVIDADES:

1. ESTERILES
1.1. ELUCION DE GENERADORES (RADIONUCLIDOS) DE MOLIBDENO 99MO/TECNECIO 99MTC. 
1.1.1. LIQUIDOS: SOLUCIONES EN VIALES.

1.2. MARCACION Y DOSIFICACION DE RADIOFARMACOS CON REGISTRO SANITARIO SIGUIENDO ESTRICTAMENTE LAS INDICACIONES DEL FABRICANTE.
1.2.1. LIQUIDOS: SOLUCIONES Y SUSPENSIONES EN JERINGAS.


NOTAS ACLARATORIAS: 

1.PREPARACION MAGISTRAL: ES EL PREPARADO O PRODUCTO FARMACEUTICO PARA ATENDER UNA PRESCRIPCION MEDICA, DE UN PACIENTE INDIVIDUAL, QUE REQUIERE DE ALGUN TIPO DE INTERVENCION TECNICA DE VARIADA COMPLEJIDAD.
2. RADIOFARMACO: PRODUCTO PREPARADO CON FINES DIAGNOSTICOS, DE MONITOREO DE ENFERMEDAD O TERAPEUTICOS CUYO EFECTO ES PRODUCIDO POR LA RADIACION, DEBIDO A QUE CONTIENEN RADIONUCLIDOS QUE EXHIBEN DESINTEGRACIONES ESPONTANEAS DEL NUCLEO INESTABLE CON EMISION DE PARTICULAS NUCLEARES O FOTONES.
3.LA ELUCION DE GENERADORES SE AUTORIZA DE ACUERDO CON LOS RADIONUCLIDOS AUTORIZADOS BAJO LA LICENCIA DEL INSTITUTO GEOLOGICO COLOMBIANO.
4.EL PRESENTE CONCEPTO INCLUYE LOS PROCESOS DE ELUCION, MARCACION Y DOSIFICACION DE LOS RADIONUCLIDOS CON LOS FARMACOS DESCRITOS ANTERIORMENTE.
5.LOS PROCESOS ESTERILES ANTERIORMENTE MENCIONADOS SE REALIZAN EN CONDICIONES ASEPTICAS..
6.EL ANTERIOR CONCEPTO TECNICO, AUTORIZA UNICAMENTE LOS PROCESOS Y LAS FORMAS FARMACEUTICAS ANTERIORMENTE DESCRITAS.
7.LOS PRODUCTOS ELABORADOS SOLO PUEDEN SER COMERCIALIZADOS A TRAVES DE CONVENIOS O CONTRATOS ESTABLECIDOS CON OTROS SERVICIOS FARMACEUTICOS HABILITADOS DE INSTITUCIONES PRESTADORAS DE SERVICIOS DE SALUD.
8.TODO CAMBIO CRITICO QUE SE HAGA Y AFECTE LAS CONDICIONES EVALUADAS Y CERTIFICADAS DURANTE LA PRESENTE AUDITORIA, RESPECTO A EQUIPOS, AREAS, PROCESOS PRODUCTIVOS, PERSONAL TECNICO PRINCIPAL (DIRECTOR TECNICO) O DE LAS EMPRESAS CON LAS QUE SE CONTRATO LA REALIZACION DE ACTIVIDADES DE PRODUCCION Y CONTROL DE CALIDAD, DEBERAN SER NOTIFICADOS AL INVIMA CON EL FIN DE QUE ESTE EVALUE Y VERIFIQUE SI SE REQUIERE UNA VISITA DE AMPLIACION O VERIFICACION DEL CONCEPTO TECNICO EMITIDO, DE ACUERDO CON LAS DISPOSICIONES DE LA NORMATIVIDAD SANITARIA CORRESPONDIENTE, SO PENA DE LAS ACCIONES A QUE HAYA LUGAR.",2024-07-09T00:00:00.000,2029-08-01T00:00:00.000
1793S,UNIDAD ONCOLOGICA SURCOLOMBIANA S.A.S.,NEIVA,HUILA,CALLE 9 No. 13-24 Altico,Cumple,"CUMPLE CON LAS BUENAS PRACTICAS DE ELABORACION POR LO TANTO SE RENUEVA EL CONCEPTO TECNICO  PARA LOS SIGUIENTES PROCESOS Y/O ACTIVIDADES:

1.          ESTERILES
1.1.      ADECUACION Y AJUSTE DE CONCENTRACIONES DE  DOSIS DE MEDICAMENTOS ONCOLOGICOS
1.1.1.   LIQUIDOS

NOTAS ACLARATORIAS:
1. PREPARACION MAGISTRAL: ES EL PREPARADO O PRODUCTO FARMACEUTICO PARA ATENDER UNA PRESCRIPCION MEDICA, DE UN PACIENTE INDIVIDUAL, QUE REQUIERE DE ALGUN TIPO DE INTERVENCION MEDICA DE VARIADA COMPLEJIDAD.
2. LA ADECUACION Y AJUSTE DE CONCENTRACIONES DE MEDICAMENTOS ESTERILES ONCOLOGICOS ES REALIZADA EN AREAS INDEPENDIENTES Y EXCLUSIVAS.
3. LOS MEDICAMENTOS DE PARTIDA QUE VAN A SER SOMETIDOS A MEZCLA, ADECUACIONES Y AJUSTE DE CONCENTRACIONES DE DOSIS CORRESPONDEN A FORMAS FARMACEUTICAS SOLIDAS Y LIQUIDAS ESTERILES. LA PRESENTACION FINAL ES EN BOLSAS, JERINGAS E INFUSORES.
4. EL ANTERIOR CONCEPTO TECNICO AUTORIZA UNICAMENTE LOS PROCESOS Y LAS FORMAS FARMACEUTICAS ANTERIORMENTE DESCRITAS, PARA MEDICAMENTOS QUE REQUIEREN Y NO REQUIEREN CADENA DE FRIO CON EL FIN DE CUMPLIR CON LAS DOSIS PRESCRITAS. SE REFIERE A QUE DICHOS PROCESOS DEBEN CIRCUNSCRIBIRSE AL SISTEMA DE DISTRIBUCION DE MEDICAMENTOS EN DOSIS UNITARIA.
5. TODO CAMBIO CRITICO QUE SE HAGA Y AFECTE LAS CONDICIONES EVALUADAS Y CERTIFICADAS DURANTE LA PRESENTE AUDITORIA, RESPECTO A EQUIPOS, AREAS, PROCESOS PRODUCTIVOS, PERSONAL TECNICO PRINCIPAL (DIRECTOR TECNICO) O DE LAS EMPRESAS CON LAS QUE SE CONTRATO LA REALIZACION DE ACTIVIDADES DE PRODUCCION Y CONTROL DE CALIDAD, DEBERAN SER NOTIFICADOS AL INVIMA CON EL FIN DE QUE ESTE EVALUE Y VERIFIQUE SI SE REQUIERE UNA VISITA DE AMPLIACION O VERIFICACION DEL CONCEPTO TECNICO EMITIDO, DE ACUERDO CON LAS DISPOSICIONES DE LA NORMATIVIDAD SANITARIA CORRESPONDIENTE, SO PENA  DE LAS ACCIONES A QUE HAYA LUGAR.",2024-11-13T00:00:00.000,2029-01-12T00:00:00.000
1800,ESE HOSPITAL OCCIDENTE DE KENNEDY-III NIVEL,BOGOTA D.C.,BOGOTA D.C.,Transversal 74 F No. 40 B-54 Sur,Cumple,"CUMPLE CON LAS BUENAS PRÁCTICAS DE ELABORACION PARA LOS SIGUIENTES PROCESOS Y/O ACTIVIDADES: 

1. ESTÉRILES

1.1. NUTRICIONES PARENTERALES 
1.1.1. LÍQUIDOS

1.2. ADECUACIÓN Y AJUSTE DE CONCENTRACIONES DE MEDICAMENTO SONCOLÓGICOS. 
1.2.1. LÍQUIDOS 

1.3. ADECUACIÓN Y AJUSTE DE CONCENTRACIONES DE DOSIS DE MEDICAMENTOS NO ONCOLÓGICOS 
1.3.1. LÍQUIDOS

2. NO ESTÉRILES

2.1. REEMPAQUE  
2.1.1. SÓLIDOS 

2.2. REENVASE
2.2.1. SÓLIDOS

NOTAS ACLARATORIAS:
1. PREPARACIÓN MAGISTRAL: ES EL PREPARADO O PRODUCTO FARMACÉUTICO PARA ATENDER UNA PRESCRIPCIÓN MÉDICA, DE UN PACIENTE INDIVIDUAL, QUE REQUIERE DE ALGÚN TIPO DE INTERVENCIÓN TÉCNICA DE VARIADA COMPLEJIDAD.
2. LA ADECUACIÓN Y AJUSTE DE CONCENTRACIONES DE MEDICAMENTOS ONCOLÓGICOS ES REALIZADA EN ÁREAS INDEPENDIENTES Y EXCLUSIVAS.
3. LA ADECUACIÓN Y AJUSTE DE CONCENTRACIONES DE MEDICAMENTOS NO ONCOLÓGICOS Y NUTRICIONES PARENTERALES ES REALIZADA EN ÁREAS INDEPENDIENTES Y EXCLUSIVAS.
4. LOS MEDICAMENTOS DE PARTIDA QUE VAN A SER SOMETIDOS A MEZCLA, ADECUACIONES Y AJUSTE DE CONCENTRACIONES CORRESPONDEN A FORMAS FARMACÉUTICAS SÓLIDAS Y LÍQUIDAS. LA PRESENTACIÓN FINAL ES EN BOLSAS, JERINGAS, FRASCOS E INFUSORES.
5. EL ANTERIOR CONCEPTO TÉCNICO AUTORIZA ÚNICAMENTE LOS PROCESOS Y LAS FORMAS FARMACÉUTICAS ANTERIORMENTE DESCRITAS, PARA MEDICAMENTOS QUE REQUIEREN Y NO REQUIEREN CADENA DE FRÍO CON EL FIN DE CUMPLIR CON LAS DOSIS PRESCRITAS. SE REFIERE A QUE DICHOS PROCESOS DEBEN CIRCUNSCRIBIRSE AL SISTEMA DE DISTRIBUCIÓN DE MEDICAMENTOS EN DOSIS UNITARIA.
6. CUALQUIER MODIFICACIÓN QUE SE HAGA EN LAS CONDICIONES EVALUADAS Y CERTIFICADAS DURANTE LA PRESENTE AUDITORIA, RESPECTO A EQUIPOS, ÁREAS, PROCESOS PRODUCTIVOS, PERSONAL TÉCNICO PRINCIPAL O DE LAS EMPRESAS CON LAS QUE SE CONTRATÓ LA REALIZACIÓN DE ACTIVIDADES CRÍTICAS DE PRODUCCIÓN Y CONTROL DE CALIDAD, DEBERÁN SER NOTIFICADAS AL INVIMA CON EL FIN DE QUE ÉSTE EVALÚE Y VERIFIQUE SI SE REQUIERE UNA VISITA DE AMPLIACIÓN O VERIFICACIÓN DEL CONCEPTO TÉCNICO EMITIDO, DE ACUERDO CON LAS DISPOSICIONES DE LA NORMATIVIDAD SANITARIA CORRESPONDIENTE, SO PENA  DE LAS ACCIONES A QUE HAYA LUGAR.",2025-12-26T00:00:00.000,2029-01-30T00:00:00.000
1804S,UNIDAD DE ONCOHEMATOLOGICA SAS Ahora CLINICA ONCOLOGICA AURORA S.A.S.,PASTO,NARIÑO,"CARRERA 34 No. 11A-12 , BARRIO LA AURORA PASTO NARIÑO",Cumple,"CUMPLE CON LAS UENAS PRACTICAS DE ELABORACION, PARA LOS SIGUIENTES PROCESOS Y/O MEDICAMENTOS:

1. ESTÉRILES
1.1. ADECUACIÓN Y AJUSTE DE CONCENTRACIONES DE DOSIS DE MEDICAMENTOS ONCOLÓGICOS
1.1.1. LÍQUIDOS.
1.2. ADECUACIÓN Y AJUSTE DE CONCENTRACIONES DE DOSIS DE MEDICAMENTOS NO ONCOLÓGICOS
1.2.1. LÍQUIDOS.
1.3. PREPARACIÓN DE NUTRICIONES PARENTERALES
1.3.1. LÍQUIDOS.
1.3.2. 
2. NO ESTERILES
1.1. REEMPAQUE DE MEDICAMENTOS.
1.1.1. SÓLIDOS
1.2. REENVASE DE MEDICAMENTOS
1.3. SÓLIDOS.


3. NOTAS ACLARATORIAS:
1. PREPARACION MAGISTRAL: ES EL PREPARADO O PRODUCTO FARMACEUTICO PARA ATENDER UNA PRESCRIPCION MEDICA, DE UN PACIENTE INDIVIDUAL, QUE REQUIERE DE ALGUN TIPO DE INTERVENCION TECNICA DE VARIADA COMPLEJIDAD.
2. LA ADECUACION Y AJUSTE DE CONCENTRACIONES DE MEDICAMENTOS ONCOLOGICOS ES REALIZADA EN AREAS INDEPENDIENTES Y EXCLUSIVAS.
3. LA ADECUACION Y AJUSTE DE CONCENTRACIONES DE MEDICAMENTOS NO ONCOLOGICOS Y NUTRICIONES PARENTERALES ES REALIZADA EN AREAS INDEPENDIENTES Y EXCLUSIVAS.
4. LOS MEDICAMENTOS DE PARTIDA QUE VAN A SER SOMETIDOS A MEZCLA, ADECUACIONES Y AJUSTE DE CONCENTRACIONES DE DOSIS CORRESPONDEN A FORMAS FARMACEUTICAS SOLIDAS Y LIQUIDAS. LA PRESENTACION FINAL ES EN BOLSAS Y JERINGAS.
5. EL ANTERIOR CONCEPTO TECNICO AUTORIZA UNICAMENTE LOS PROCESOS Y LAS FORMAS FARMACEUTICAS ANTERIORMENTE DESCRITAS, PARA MEDICAMENTOS QUE REQUIEREN Y NO REQUIEREN CADENA DE FRIO CON EL FIN DE CUMPLIR CON LAS DOSIS PRESCRITAS. SE REFIERE A QUE DICHOS PROCESOS DEBEN CIRCUNSCRIBIRSE AL SISTEMA DE DISTRIBUCION DE MEDICAMENTOS EN DOSIS UNITARIA.
6. CUALQUIER MODIFICACION QUE SE HAGA EN LAS CONDICIONES EVALUADAS Y CERTIFICADAS DURANTE LA PRESENTE AUDITORIA, RESPECTO A EQUIPOS, AREAS, PROCESOS PRODUCTIVOS, PERSONAL TECNICO PRINCIPAL O DE LAS EMPRESAS CON LAS QUE SE CONTRATO LA REALIZACION DE ACTIVIDADES CRITICAS DE PRODUCCION Y CONTROL DE CALIDAD, DEBERAN SER NOTIFICADAS AL INVIMA CON EL FIN DE QUE ESTE EVALUE Y VERIFIQUE SI SE REQUIERE UNA VISITA DE AMPLIACION O VERIFICACION DEL CONCEPTO TECNICO EMITIDO, DE ACUERDO CON LAS DISPOSICIONES DE LA NORMATIVIDAD SANITARIA CORRESPONDIENTE, SO PENA DE LAS ACCIONES A QUE HAYA LUGAR.


Y SE AMPLIA EN CAPACIDAD INSTALADA DE INFRAESTRUCTURA: PASSTROUGH EN EL ÁREA DE NO ONCOLÓGICOS, PASSTROUGH EN EL ÁREA DE ONCOLÓGICOS Y PASSTROUGH EN EL ÁREA DE NUTRICIONES PARENTERALES, RENOVACIÓN TECNOLÓGICA DE LA CABINA DE SEGURIDAD BIOLÓGICA DEL ÁREA DE ONCOLÓGICOS Y LA CABINA DE SEGURIDAD BIOLÓGICA DEL ÁREA DE NO ONCOLÓGICOS, E INDEPENDIZACIÓN DE LA EXTRACCIÓN DE AIRE EN EL ÁREA DE ONCOLÓGICOS.",2021-12-24T00:00:00.000,2027-01-24T00:00:00.000
1667S,FUNDACIÓN OFTALMOLÓGICA DE SANTANDER-FOSCAL,FLORIDABLANCA,SANTANDER,Avenida El Bosque No. 23-60 Autopista a Floridablanca,Cumple,"CUMPLE CON LAS BUENAS PRÁCTICAS DE ELABORACIÓN, POR LO TANTO, SE RENUEVA EL CONCEPTO TÉCNICO, PARA LOS SIGUIENTES PROCESOS Y/O ACTIVIDADES:

1. NO ESTÉRILES
1.1 REEMPAQUE DE MEDICAMENTOS: SÓLIDOS.

NOTAS ACLARATORIAS:
1. EL ANTERIOR CONCEPTO TÉCNICO AUTORIZA ÚNICAMENTE LOS PROCESOS Y LAS FORMAS FARMACÉUTICAS ANTERIORMENTE DESCRITAS, PARA MEDICAMENTOS QUE NO REQUIEREN CADENA DE FRÍO CON EL FIN DE CUMPLIR CON LAS DOSIS PRESCRITAS. SE REFIERE A QUE DICHOS PROCESOS DEBEN CIRCUNSCRIBIRSE AL SISTEMA DE DISTRIBUCIÓN DE MEDICAMENTOS EN DOSIS UNITARIA.
2. LOS MEDICAMENTOS DE PARTIDA QUE VAN A SER SOMETIDOS A REEMPAQUE, CORRESPONDEN A FORMAS FARMACÉUTICAS SÓLIDAS. LA PRESENTACIÓN FINAL ES EN BOLSAS TRASLUCIDAS Y/O NEGRAS.
3. TODO CAMBIO CRÍTICO QUE SE HAGA Y AFECTE LAS CONDICIONES EVALUADAS Y CERTIFICADAS DURANTE LA PRESENTE AUDITORIA, RESPECTO A EQUIPOS, ÁREAS, PROCESOS PRODUCTIVOS, PERSONAL TÉCNICO PRINCIPAL (DIRECTOR TÉCNICO) O DE LAS EMPRESAS CON LAS QUE SE CONTRATÓ LA REALIZACIÓN DE ACTIVIDADES DE PRODUCCIÓN Y CONTROL DE CALIDAD, DEBERÁN SER NOTIFICADOS AL INVIMA CON EL FIN DE QUE ÉSTE EVALÚE Y VERIFIQUE SI SE REQUIERE UNA VISITA DE AMPLIACIÓN O VERIFICACIÓN DEL CONCEPTO TÉCNICO EMITIDO, DE ACUERDO CON LAS DISPOSICIONES DE LA NORMATIVIDAD SANITARIA CORRESPONDIENTE, SO PENA DE LAS ACCIONES A QUE HAYA LUGAR.",2023-02-14T00:00:00.000,2028-03-22T00:00:00.000
1809S,AUDIFARMA - LOS ROSALES,PEREIRA,RISARALDA,CARRERA 9 No. 25-25,Pendiente Inspeccion,"CUMPLE CON LAS BUENAS PRÁCTICAS DE ELABORACION POR LO TANTO RENUEVA EL CONCEPTO TECNICO PARA LOS SIGUIENTES PROCESOS Y/O ACTIVIDADES:

1. ESTÉRILES
1.1. PREPARACION NUTRICIONES PARENTERALES 
1.1.1. LÍQUIDOS.
1.2. ADECUACIÓN, AJUSTE DE CONCENTRACION DE MEDICAMENTOS NO ONCOLOGICOS ANTIBIÓTICOS. 
1.2.1. LÍQUIDOS Y SÓLIDOS.
1.3. ADECUACIÓN, AJUSTE DE CONCENTRACION DE MEDICAMENTOS ONCOLÓGICOS. 
1.3.1. LÍQUIDOS

2. NO ESTÉRILES
2.1. RE EMPAQUE DE MEDICAMENTOS
2.1.1. SÓLIDOS

NOTAS ACLARATORIAS:
1. PREPARACIÓN MAGISTRAL: ES EL PREPARADO O PRODUCTO FARMACÉUTICO PARA ATENDER UNA PRESCRIPCIÓN MÉDICA, DE UN PACIENTE INDIVIDUAL, QUE REQUIERE DE ALGÚN TIPO DE INTERVENCIÓN TÉCNICA DE VARIADA COMPLEJIDAD.
2. EL ANTERIOR CONCEPTO TÉCNICO, AUTORIZA ÚNICAMENTE LOS POROCESOS O ACTIVIDADES Y LAS FORMAS FARMACÉUTICAS ANTERIORMENTE DESCRITAS, LOS CUALES DEBEN CIRCUNSCRIBIRSE AL SISTEMA DE DISTRIBUCION DE MEDICAMENTOS EN DOSIS UNITARIA.
3. CUALQUIER MODIFICACIÓN QUE SE EFECTUÉ EN LAS CONDICIONES CEETIFICADAS O EVALUADAS DURANTE LA PRESENTE AUDITORIA RESPECTO A EQUIPOS, ÁREAS, PROCESOS PRODUCTIVOS, PERSONAL TECNICO PRONCIPAL O DE LAS EMPRESAS QUE SE CONTRATÓ LA REALIZACIÓN DE LAS ACTIVIDADES CRÍTICAS DE CONTROL DE CALIDAD Y PRODUCCIÓN, DEBERÁN SER NOTIFICADAS AL INVIMA CON EL FIN DE QUE SE EVALUÉ Y VERIFIQUE SI SE REQUIERE UNA VISITA DE VERIFICACIÓN O AMPLIACIÓN DEL CONCEPTO TÉCNICO EMITIDO, DE ACUERDO CON LAS DISPOSICIONES DE LA NORMATIVIDAD SANITARIA CORRESPONDIENTE, SO PENA DE LAS ACCIONES A QUE HAYA LUGAR.",2018-05-25T00:00:00.000,2023-12-13T00:00:00.000
1757S,ASISFARMA TEQUENDAMA CALI,CALI,VALLE DEL CAUCA,CARRERA 41 NRO. 5C-63,Cumple,"CUMPLE CON LAS BUENAS PRACTICAS DE ELABORACION, POR LO TANTO SE RENUEVA EL CONCEPTO TECNICO PARA LOS SIGUIENTES PROCESOS Y/O ACTIVIDADES: 

1. ESTERILES
1.1 ADECUACION Y AJUSTE DE CONCENTRACIONES DE DOSIS DE MEDICAMENTOS ONCOLOGICOS: LIQUIDOS
1.2 ADECUACION Y AJUSTE DE CONCENTRACIONES DE DOSIS DE MEDICAMENTOS NO ONCOLOGICOS: LIQUIDOS
1.3 PREPARACION DE NUTRICIONES PARENTERALES: LIQUIDOS

NOTAS ACLARATORIAS:

1.  PREPARACION MAGISTRAL: ES EL PREPARADO O PRODUCTO FARMACEUTICO PARA ATENDER UNA PRESCRIPCION MEDICA, DE UN PACIENTE INDIVIDUAL, QUE REQUIERE DE ALGÚN TIPO DE INTERVENCION TECNICA DE VARIADA COMPLEJIDAD.
2.  LA ADECUACION Y AJUSTE DE CONCENTRACIONES DE MEDICAMENTOS ONCOLOGICOS ES REALIZADA EN AREAS INDEPENDIENTES Y EXCLUSIVAS.
3.  LA ADECUACION Y AJUSTE DE CONCENTRACIONES DE MEDICAMENTOS NO ONCOLOGICOS Y NUTRICIONES PARENTERALES ES REALIZADA EN AREAS INDEPENDIENTES Y EXCLUSIVAS.
4.  LOS MEDICAMENTOS DE PARTIDA QUE VAN A SER SOMETIDOS A MEZCLA, ADECUACIONES Y AJUSTE DE CONCENTRACIONES CORRESPONDEN A FORMAS FARMACEUTICAS SOLIDAS Y LIQUIDAS. LA PRESENTACION FINAL ES EN BOLSAS, FRASCOS, JERINGAS E INFUSORES.
5.  EL ANTERIOR CONCEPTO TECNICO AUTORIZA ÚNICAMENTE LOS PROCESOS Y LAS FORMAS FARMACEUTICAS ANTERIORMENTE DESCRITAS, PARA MEDICAMENTOS QUE REQUIEREN Y NO REQUIEREN CADENA DE FRIO CON EL FIN DE CUMPLIR CON LAS DOSIS PRESCRITAS. SE REFIERE A QUE DICHOS PROCESOS DEBEN CIRCUNSCRIBIRSE AL SISTEMA DE DISTRIBUCION DE MEDICAMENTOS EN DOSIS UNITARIA.
6.  LOS PRODUCTOS ELABORADOS SOLO PUEDEN SER COMERCIALIZADOS A TRAVES DE CONVENIOS O CONTRATOS ESTABLECIDOS CON OTROS ESTABLECIMIENTOS FARMACEUTICOS AUTORIZADOS O SERVICIOS FARMACEUTICOS HABILITADOS DE INSTITUCIONES PRESTADORAS DE SERVICIOS DE SALUD.
7.  TODO CAMBIO CRITICO QUE SE HAGA Y AFECTE LAS CONDICIONES EVALUADAS Y CERTIFICADAS DURANTE LA PRESENTE AUDITORIA, RESPECTO A EQUIPOS, AREAS, PROCESOS PRODUCTIVOS, PERSONAL TECNICO PRINCIPAL (DIRECTOR TECNICO) O DE LAS EMPRESAS CON LAS QUE SE CONTRATO LA REALIZACION DE ACTIVIDADES DE PRODUCCION Y CONTROL DE CALIDAD, DEBERAN SER NOTIFICADOS AL INVIMA CON EL FIN DE QUE ESTE EVALÚE Y VERIFIQUE SI SE REQUIERE UNA VISITA DE AMPLIACION O VERIFICACION DEL CONCEPTO TECNICO EMITIDO, DE ACUERDO CON LAS DISPOSICIONES DE LA NORMATIVIDAD SANITARIA CORRESPONDIENTE, SO PENA  DE LAS ACCIONES A QUE HAYA LUGAR.",2023-09-29T00:00:00.000,2028-12-28T00:00:00.000
1712S,HOSPITAL UNIVERSITARIO HERNANDO MONCALEANO PERDOMO E.S.E.,NEIVA,HUILA,CALLE 9 Nro. 15-25,Cumple,"CUMPLE CON LAS BUENAS PRÁCTICAS DE ELABORACION, PARA LOS SIGUIENTES PROCESOS Y/O ACTIVIDADES:

1. ESTÉRILES
1.1. ADECUACIÓN Y AJUSTE DE CONCENTRACIONES DE DOSIS DE MEDICAMENTOS ONCOLÓGICOS: LÍQUIDOS.
1.2. ADECUACIÓN Y AJUSTE DE CONCENTRACIONES DE DOSIS DE MEDICAMENTOS NO ONCOLÓGICOS: LÍQUIDOS.
1.3. PREPARACIÓN DE NUTRICIONES PARENTERALES: LÍQUIDOS.
2. NO ESTERILES
2.1. REEMPAQUE DE MEDICAMENTOS: SÓLIDOS
2.2. REENVASE DE MEDICAMENTOS: SÓLIDOS.
2.3. PREPARACIÓN DE MAGISTRALES: LÍQUIDOS.

NOTAS ACLARATORIAS:
1. PREPARACIÓN MAGISTRAL: ES EL PREPARADO O PRODUCTO FARMACÉUTICO PARA ATENDER UNA PRESCRIPCIÓN MÉDICA, DE UN PACIENTE INDIVIDUAL, QUE REQUIERE DE ALGÚN TIPO DE INTERVENCIÓN TÉCNICA DE VARIADA COMPLEJIDAD.
2.LA ADECUACIÓN Y AJUSTE DE CONCENTRACIONES DE MEDICAMENTOS ONCOLÓGICOS ES REALIZADA EN ÁREAS INDEPENDIENTES Y EXCLUSIVAS.
3.LA ADECUACIÓN Y AJUSTE DE CONCENTRACIONES DE MEDICAMENTOS NO ONCOLÓGICOS Y NUTRICIONES PARENTERALES ES REALIZADA EN ÁREAS INDEPENDIENTES Y EXCLUSIVAS.
4.LOS MEDICAMENTOS DE PARTIDA QUE VAN A SER SOMETIDOS A MEZCLA, ADECUACIONES Y AJUSTE DE CONCENTRACIONES DE DOSIS CORRESPONDEN A FORMAS FARMACÉUTICAS SÓLIDAS Y LÍQUIDAS. LA PRESENTACIÓN FINAL ES EN BOLSAS, JERINGAS E INFUSORES.
5.EL ANTERIOR CONCEPTO TÉCNICO AUTORIZA ÚNICAMENTE LOS PROCESOS Y LAS FORMAS FARMACÉUTICAS ANTERIORMENTE DESCRITAS, PARA MEDICAMENTOS QUE REQUIEREN Y NO REQUIEREN CADENA DE FRÍO CON EL FIN DE CUMPLIR CON LAS DOSIS PRESCRITAS. SE REFIERE A QUE DICHOS PROCESOS DEBEN CIRCUNSCRIBIRSE AL SISTEMA DE DISTRIBUCIÓN DE MEDICAMENTOS EN DOSIS UNITARIA.
6.CUALQUIER MODIFICACIÓN QUE SE HAGA EN LAS CONDICIONES EVALUADAS Y CERTIFICADAS DURANTE LA PRESENTE AUDITORIA, RESPECTO A EQUIPOS, ÁREAS, PROCESOS PRODUCTIVOS, PERSONAL TÉCNICO PRINCIPAL O DE LAS EMPRESAS CON LAS QUE SE CONTRATÓ LA REALIZACIÓN DE ACTIVIDADES CRÍTICAS DE PRODUCCIÓN Y CONTROL DE CALIDAD, DEBERÁN SER NOTIFICADAS AL INVIMA CON EL FIN DE QUE ÉSTE EVALÚE Y VERIFIQUE SI SE REQUIERE UNA VISITA DE AMPLIACIÓN O VERIFICACIÓN DEL CONCEPTO TÉCNICO EMITIDO, DE ACUERDO CON LAS DISPOSICIONES DE LA NORMATIVIDAD SANITARIA CORRESPONDIENTE, SO PENA DE LAS ACCIONES A QUE HAYA LUGAR.",2025-08-26T00:00:00.000,2028-09-16T00:00:00.000
1761S,HOSPITAL UNIVERSITARIO SAN JOSE DE POPAYAN,POPAYAN,CAUCA,CARRERA 6 Nro. 10N-142 BARRIO BOLIVAR,Cumple,"CUMPLE CON LAS BUENAS PRÁCTICAS DE ELABORACIÓN PARA LOS SIGUIENTES PROCESOS Y/O ACTIVIDADES:

1. ESTÉRILES
1.1 ADECUACIÓN Y AJUSTE DE CONCENTRACIONES DE DOSIS DE MEDICAMENTOS ONCOLÓGICOS: LÍQUIDOS.
1.2 ADECUACIÓN Y AJUSTE DE CONCENTRACIONES DE DOSIS DE MEDICAMENTOS NO ONCOLÓGICOS: LÍQUIDOS
1.3 PREPARACIÓN DE NUTRICIONES PARENTERALES: LÍQUIDOS
1.4      PREPARACIÓN DE MAGISTRALES: LÍQUIDOS (SOLUCIONES OFTÁLMICAS)
1.5 REENVASE: LÍQUIDOS

2. NO ESTÉRILES
2.1 REEMPAQUE DE MEDICAMENTOS: SÓLIDOS
2.2 PREPARACIONES MAGISTRALES: LÍQUIDOS (SOLUCIONES Y SUSPENSIONES) Y SEMISÓLIDOS (CREMAS, UNGÜENTOS Y GELES)
2.3 REENVASE: SÓLIDOS Y LÍQUIDOS

NOTAS ACLARATORIAS:
1. PREPARACIÓN MAGISTRAL: ES EL PREPARADO O PRODUCTO FARMACÉUTICO PARA ATENDER UNA PRESCRIPCIÓN MÉDICA, DE UN PACIENTE INDIVIDUAL, QUE REQUIERE DE ALGÚN TIPO DE INTERVENCIÓN TÉCNICA DE VARIADA COMPLEJIDAD.
2. LA ADECUACIÓN Y AJUSTE DE CONCENTRACIONES DE MEDICAMENTOS ESTÉRILES ONCOLÓGICOS, NO ONCOLÓGICOS Y NUTRICIONES PARENTERALES ES REALIZADA EN ÁREAS INDEPENDIENTES Y EXCLUSIVAS.
3. LOS MEDICAMENTOS DE PARTIDA QUE VAN A SER SOMETIDOS A MEZCLA, ADECUACIONES Y AJUSTE DE CONCENTRACIONES DE DOSIS CORRESPONDEN A FORMAS FARMACÉUTICAS SÓLIDAS Y LÍQUIDAS. LA PRESENTACIÓN FINAL ES EN BOLSAS, JERINGAS, INFUSORES Y BURETROLES.
4. LAS PREPARACIONES DE MAGISTRALES ESTERILES (SOLUCIONES OFTALMOLOGICAS) SON ELABORADAS EN AREAS INDEPENDIENTES Y EXCLUSIVAS. 
5. LOS MEDICAMENTOS DE PARTIDA QUE VAN A SER UTILIZADOS EN PREPARACIONES MAGISTRALES ESTERILES CORRESPONDEN A FORMAS FARMACÉUTICAS LÍQUIDAS. LA PRESENTACIÓN FINAL ES EN BOLSAS, JERINGAS, INFUSORES Y FRASCXOS GOTEROS EN EL CASO DE SOLUCIONES OFTALMICAS ESTERILES.
6. LAS PREPARACIONES DE MAGISTRALES ESTERILES 
LOS PRODUCTOS ELABORADOS SÓLO PUEDEN SER COMERCIALIZADOS A TRAVÉS DE CONVENIOS O CONTRATOS ESTABLECIDOS CON OTROS ESTABLECIMIENTOS FARMACÉUTICOS AUTORIZADOS O SERVICIOS FARMACÉUTICOS HABILITADOS DE INSTITUCIONES PRESTADORAS DE SERVICIOS DE SALUD.
7. EL ANTERIOR CONCEPTO TÉCNICO AUTORIZA ÚNICAMENTE LOS PROCESOS Y LAS FORMAS FARMACÉUTICAS ANTERIORMENTE DESCRITAS, PARA MEDICAMENTOS QUE REQUIEREN Y NO REQUIEREN CADENA DE FRÍO CON EL FIN DE CUMPLIR CON LAS DOSIS PRESCRITAS. SE REFIERE A QUE DICHOS PROCESOS DEBEN CIRCUNSCRIBIRSE AL SISTEMA DE DISTRIBUCIÓN DE MEDICAMENTOS EN DOSIS UNITARIA.
8. TODO CAMBIO CRÍTICO QUE SE HAGA EN LAS CONDICIONES EVALUADAS Y CERTIFICADAS DURANTE LA PRESENTE AUDITORIA, RESPECTO A EQUIPOS, ÁREAS, PROCESOS PRODUCTIVOS, PERSONAL TÉCNICO PRINCIPAL O DE LAS EMPRESAS CON LAS QUE SE CONTRATÓ LA REALIZACIÓN DE ACTIVIDADES CRÍTICAS DE PRODUCCIÓN Y CONTROL DE CALIDAD, DEBERÁN SER NOTIFICADAS AL INVIMA CON EL FIN DE QUE ÉSTE EVALÚE Y VERIFIQUE SI SE REQUIERE UNA VISITA DE AMPLIACIÓN O VERIFICACIÓN DEL CONCEPTO TÉCNICO EMITIDO, DE ACUERDO CON LAS DISPOSICIONES DE LA NORMATIVIDAD SANITARIA CORRESPONDIENTE, SO PENA DE LAS ACCIONES A QUE HAYA LUGAR.",2025-04-11T00:00:00.000,2030-05-19T00:00:00.000
1763S,CLINICA DE CANCEROLOGÍA DEL NORTE DE SANTANDER,CUCUTA,NORTE DE SANTANDER,Avenida 2 Nro. 17-94 Barrio La Playa,Pendiente Inspección,"CUMPLE CON LAS BUENAS PRACTICAS DE ELABORACION PARA LOS SIGUIENTES PROCESOS Y/O ACTIVIDADES DEL SERVICIO FARMACEUTICO.

1. ESTERILES
1.1. ADECUACION Y AJUSTE DE CONCENTRACIONES DE DOSIS DE MEDICAMENTOS ONCOLOGICOS:
1.1.1. LIQUIDOS

2. NOTAS ACLARATORIAS:
2.1.PREPARACION MAGISTRAL: ES EL PREPARADO O PRODUCTO FARMACEUTICO PARA ATENDER UNA PRESCRIPCION MEDICA, DE UN PACIENTE INDIVIDUAL, QUE REQUIERE DE ALGUN TIPO DE INTERVENCION TECNICA DE VARIADA COMPLEJIDAD.
2.2.LA ADECUACION Y AJUSTE DE CONCENTRACIONES DE MEDICAMENTOS ONCOLOGICOS ES REALIZADA EN AREAS INDEPENDIENTES Y EXCLUSIVAS DOTADA DE CABINA DE SEGURIDAD BIOLOGICA.
2.3. LOS PRODUCTOS ELABORADOS SOLO PUEDEN SER COMERCIALIZADOS A TRAVES DE CONVENIOS O CONTRATOS ESTABLECIDOS CON OTROS ESTABLECIMIENTOS FARMACEUTICOS AUTORIZADOS O SERVICIOS FARMACEUTICOS HABILITADOS DE INSTITUCIONES PRESTADORAS DE SERVICIOS DE SALUD.
2.4.EL ANTERIOR CONCEPTO TECNICO AUTORIZA UNICAMENTE LOS PROCESOS Y LAS FORMAS FARMACEUTICAS ANTERIORMENTE DESCRITAS, PARA MEDICAMENTOS QUE REQUIEREN Y NO REQUIEREN CADENA DE FRIO CON EL FIN DE CUMPLIR CON LAS DOSIS PRESCRITAS. SE REFIERE A QUE DICHOS PROCESOS DEBEN CIRCUNSCRIBIRSE AL SISTEMA DE DISTRIBUCION DE MEDICAMENTOS EN DOSIS UNITARI
2.5.CUALQUIER MODIFICACION QUE SE HAGA EN LAS CONDICIONES EVALUADAS Y CERTIFICADAS DURANTE LA PRESENTE AUDITORIA, RESPECTO A EQUIPOS, AREAS, PROCESOS PRODUCTIVOS, PERSONAL TECNICO PRINCIPAL O DE LAS EMPRESAS CON LAS QUE SE CONTRATO LA REALIZACION DE ACTIVIDADES CRITICAS DE PRODUCCION Y CONTROL DE CALIDAD, DEBERAN SER NOTIFICADAS AL INVIMA CON EL FIN DE QUE ESTE EVALUE Y VERIFIQUE SI SE REQUIERE UNA VISITA DE AMPLIACION O VERIFICACION DEL CONCEPTO TECNICO EMITIDO, DE ACUERDO CON LAS DISPOSICIONES DE LA NORMATIVIDAD SANITARIA CORRESPONDIENTE, SO PENA  DE LAS ACCIONES A QUE HAYA LUGAR.",2021-02-04T00:00:00.000,2026-03-08T00:00:00.000
1536R,SELIG DE COLOMBIA S.A.,BOGOTA D.C.,BOGOTA D.C.,Carrera 69 Nº. 78-40,Cumple,"CUMPLE CON LAS LAS BUENAS PRACTICAS DE ELABORACION DE RADIOFARMACOS - BPER PARA LOS SIGUIENTES PROCESOS Y/O ACTIVIDADES:

1. ESTÉRILES

1.1. ELUCION DE GENERADORES (RADIONUCLIDOS) DE MOLIBDENO-99MO/TECNECIO TC-99M. 
1.1.1.LIQUIDOS: SOLUCIONES EN VIALES.
1.2. MARCACION Y DOSIFICACION DE RADIOFARMACOS CON REGISTRO SANITARIO SIGUIENDO ESTRICTAMENTE LAS INDICACIONES DEL FABRICANTE TECNECIO TC-99M.
1.2.1. LIQUIDOS: SOLUCIONES Y SUSPENSIONES EN JERINGAS.
1.3. MARCACION Y DOSIFICACION DE RADIOFARMACOS DE USO TERAPEUTICO LU -177.
1.3.1. LIQUIDOS: SOLUCIONES EN JERINGAS.
1.4.MARCACION DE LEUCOCITOS (AUTOLOGO) CON TECNECIO TC-99M.
1.4.1. LIQUIDOS: SUSPENSIONES EN JERINGAS.

NOTAS ACLARATORIAS: 

1.PREPARACION MAGISTRAL: ES EL PREPARADO O PRODUCTO FARMACEUTICO PARA ATENDER UNA PRESCRIPCION MEDICA, DE UN PACIENTE INDIVIDUAL, QUE REQUIERE DE ALGUN TIPO DE INTERVENCION TECNICA DE VARIADA COMPLEJIDAD.
2.EL PRESENTE CONCEPTO INCLUYE LOS PROCESOS DE ELUCION, MARCACION Y DOSIFICACION DE LOS RADIONUCLIDOS CON LOS FARMACOS DESCRITOS ANTERIORMENTE.
3.LOS PROCESOS ANTERIORMENTE MENCIONADOS SE REALIZAN DE FORMA ASEPTICA.
4.EL ANTERIOR CONCEPTO TECNICO AUTORIZA UNICAMENTE LOS PROCESOS Y LAS FORMAS FARMACEUTICAS ANTERIORMENTE DESCRITAS, PARA MEDICAMENTOS QUE REQUIEREN Y NO REQUIEREN CADENA DE FRIO CON EL FIN DE CUMPLIR CON LAS DOSIS PRESCRITAS. SE REFIERE A QUE DICHOS PROCESOS DEBEN CIRCUNSCRIBIRSE AL SISTEMA DE DISTRIBUCION DE MEDICAMENTOS EN DOSIS UNITARIA. 
5.LOS PRODUCTOS ELABORADOS SOLO PUEDEN SER COMERCIALIZADOS A TRAVES DE CONVENIOS O CONTRATOS ESTABLECIDOS CON OTROS SERVICIOS FARMACEUTICOS HABILITADOS DE INSTITUCIONES PRESTADORAS DE SERVICIOS DE SALUD.
6.TODO CAMBIO CRITICO QUE SE HAGA Y AFECTE LAS CONDICIONES EVALUADAS Y CERTIFICADAS DURANTE LA PRESENTE AUDITORIA, RESPECTO A EQUIPOS, AREAS, PROCESOS PRODUCTIVOS, PERSONAL TECNICO PRINCIPAL (DIRECTOR TECNICO) O DE LAS EMPRESAS CON LAS QUE SE CONTRATO LA REALIZACION DE ACTIVIDADES DE PRODUCCION Y CONTROL DE CALIDAD, DEBERAN SER NOTIFICADOS AL INVIMA CON EL FIN DE QUE ESTE EVALUE Y VERIFIQUE SI SE REQUIERE UNA VISITA DE AMPLIACION O VERIFICACION DEL CONCEPTO TECNICO EMITIDO, DE ACUERDO CON LAS DISPOSICIONES DE LA NORMATIVIDAD SANITARIA CORRESPONDIENTE, SO PENA DE LAS ACCIONES A QUE HAYA LUGAR.",2023-12-28T00:00:00.000,2029-02-07T00:00:00.000
1555S,FUNDACIÓN CARDIO INFANTIL - INSTITUTO DE CARDIOLOGÍA,BOGOTA D.C.,BOGOTA D.C.,CALLE 163A No. 13B-60,Pendiente Inspeccion,"CUMPLE CON LAS BUENAS PRÁCTICAS DE ELABORACION, POR LO TANTO SE RENUEVA EL CONCEPTO TÉCNICO, PARA LOS SIGUIENTES PROCESOS Y/O ACTIVIDADES:

1. NO ESTERILES
1.1 REEMPAQUE - 
1.1.1. SOLIDOS ORALES
1.2     REENVASE - 
1.2.1. SOLIDOS Y LIQUIDOS ORALES
1.3     PREPARACIONES MAGISTRALES
1.3.1 LIQUIDOS: SOLUCIONES Y SUSPENSIONES

2.  ESTERILES
2.1  ADECUACION Y AJUSTE DE CONCENTRACIONES DE DOSIS DE  MEDICAMENTOS ONCOLOGICOS
2.1.1  LIQUIDOS
2.2     ADECUACIÓN Y AJUSTE DE CONCENTRACIONES DE DOSIS DE MEDICAMENTOS NO ONCOLOGICOS
2.2.1  LIQUIDOS
2.3     PREPARACION DE NUTRICIONES PARENTERALES
2.3.1  LIQUIDOS


NOTAS ACLARATORIAS:
1. PREPARACION MAGISTRAL: ES EL PREPARADO O PRODUCTO FARMACEUTICO PARA ATENDER UNA PRESCRIPCION MEDICA, DE UN PACIENTE INDIVIDUAL, QUE REQUIERE DE ALGUN TIPO DE INTERVENCION TECNICA DE VARIADA COMPLEJIDAD.
2. LA ADECUACION Y AJUSTE DE CONCENTRACIONES DE MEDICAMENTOS ONCOLOGICOS ES REALIZADA EN AREAS INDEPENDIENTES Y EXCLUSIVAS.
3. LA ADECUACION Y AJUSTE DE CONCENTRACIONES DE MEDICAMENTOS NO ONCOLOGICOS Y NUTRICIONES PARENTERALES ES REALIZADA EN AREAS INDEPENDIENTES Y EXCLUSIVAS.
4. LOS MEDICAMENTOS DE PARTIDA QUE VAN A SER SOMETIDOS A MEZCLA, ADECUACIONES Y AJUSTE DE CONCENTRACIONES DE DOSIS CORRESPONDEN A FORMAS FARMACEUTICAS SOLIDAS Y LIQUIDAS. LA PRESENTACION FINAL ES EN BOLSAS, JERINGAS E INFUSORES.
5. EL ANTERIOR CONCEPTO TECNICO AUTORIZA UNICAMENTE LOS PROCESOS Y LAS FORMAS FARMACEUTICAS ANTERIORMENTE DESCRITAS, PARA MEDICAMENTOS QUE REQUIEREN Y NO REQUIEREN CADENA DE FRIO CON EL FIN DE CUMPLIR CON LAS DOSIS PRESCRITAS. SE REFIERE A QUE DICHOS PROCESOS DEBEN CIRCUNSCRIBIRSE AL SISTEMA DE DISTRIBUCION DE MEDICAMENTOS EN DOSIS UNITARIA.
6. CUALQUIER MODIFICACION QUE SE HAGA EN LAS CONDICIONES EVALUADAS Y CERTIFICADAS DURANTE LA PRESENTE AUDITORIA, RESPECTO A EQUIPOS, AREAS, PROCESOS PRODUCTIVOS, PERSONAL TECNICO PRINCIPAL O DE LAS EMPRESAS CON LAS QUE SE CONTRATO LA REALIZACION DE ACTIVIDADES CRITICAS DE PRODUCCION Y CONTROL DE CALIDAD, DEBERAN SER NOTIFICADAS AL INVIMA CON EL FIN DE QUE ESTE EVALUE Y VERIFIQUE SI SE REQUIERE UNA VISITA DE AMPLIACION O VERIFICACION DEL CONCEPTO TECNICO EMITIDO, DE ACUERDO CON LAS DISPOSICIONES DE LA NORMATIVIDAD SANITARIA CORRESPONDIENTE, SO PENA DE LAS ACCIONES A QUE HAYA LUGAR.",2020-11-24T00:00:00.000,2025-12-24T00:00:00.000
1560,DIME CLINICA NEUROCARDIOVASCULAR S.A.,CALI,VALLE DEL CAUCA,Avenida 5 No. 20 Norte - 75,Cumple,"CUMPLE CON LA BUENAS PRÀCTICAS DE ELABORACIÒN PARA EL SIGUIENTE PROCESO Y/O ACTIVIDAD:

1. NO ESTERILES
1.1. REEMPAQUE DE MEDICAMENTOS
1.1.1. SOLIDOS

NOTAS ACLARATORIAS:
1. LOS PRODUCTOS ELABORADOS SOLO PUEDEN SER COMERCIALIZADOS A TRAVES DE CONVENIOS O CONTRATOS ESTABLECIDOS CON OTROS ESTABLECIMIENTOS FARMACEUTICOS AUTORIZADOS O SERVICIOS FARMACEUTICOS HABILITADOS DE INSTITUCIONES PRESTADORAS DE SALUD. 
2. EL REEMPAQUE DE MEDICAMENTOS NO ESTERILES EN FORMA DE SOLIDOS ES REALIZADO EN UN AREA INDEPENDIENTE Y EXCLUSIVA.
3. EL ANTERIOR CONCEPTO TECNICO AUTORIZA UNICAMENTE LOS PROCESOS Y LAS FORMAS FARMACEUTICAS ANTERIORMENTE DESCRITAS, PARA MEDICAMENTOS QUE NO REQUIEREN CADENA DE FRIO CON EL FIN DE CUMPLIR CON LAS DOSIS PRESCRITAS. SE REFIERE A QUE DICHOS PROCESOS DEBEN CIRCUNSCRIBIRSE AL SISTEMA DE DISTRIBUCION DE MEDICAMENTOS EN DOSIS UNITARIA.
4. CUALQUIER MODIFICACION QUE SE EFECTUE EN LAS CONDICIONES EVALUADAS Y CERTIFICADAS DURANTE LA PRESENTE AUDITORIA RESPECTO A EQUIPOS, AREAS, PROCESOS PRODUCTIVOS, PERSONAL TECNICO PRINCIPAL O DE LAS EMPRESAS QUE SE CONTRATO LA REALIZACION DE LAS ACTIVIDADES CRITICAS DE CONTROL DE CALIDAD Y PRODUCCION, DEBERAN SER NOTIFICADAS AL INVIMA CON EL FIN DE QUE SE EVALUE Y VERIFIQUE SI SE REQUIERE UNA VISITA DE AMPLIACION O VERIFICACION DEL CONCEPTO TECNICO EMITIDO, DE ACUERDO CON LAS DISPOSICIONES DE LA NORMATIVIDAD SANITARIA CORRESPONDIENTE, SO PENA DE LAS ACCIONES A QUE HAYA LUGAR.",2021-08-02T00:00:00.000,2026-09-02T00:00:00.000
1477S,E.S.E. HOSPITAL UNIVERSITARIO SAN RAFAEL DE TUNJA,TUNJA,BOYACA,carrera 11 No. 27 - 27,Cumple Condicionado,"CUMPLE CONDICIONADO CON LAS BUENAS PRACTICAS DE ELABORACION PARA LOS SIGUIENTES PROCESOS Y/O ACTIVIDADES: 

1. ESTERILES 
1.1. ADECUACION Y AJUSTE DE CONCENTRACIONES DE DOSIS DE MEDICAMENTOS ONCOLOGICOS : LIQUIDOS
1.2. ADECUACION Y AJUSTE DE CONCENTRACIONES DE DOSIS DE MEDICAMENTOS NO ONCOLOGICOS : LIQUIDOS 
1.3. PREPARACION DE NUTRICIONES PARENTERALES :    LIQUIDOS
2. NO ESTERILES 
2.1.1 REEMPAQUE DE MEDICAMENTOS: SOLIDOS. 
2.1.2 REENVASE DE MEDICAMENTOS : SOLIDOS  
2.1.3 PREPARACIONES MAGISTRALES: SUSPENSIONES 

NOTAS ACLARATORIAS: 
1. PREPARACION MAGISTRAL: ES EL PREPARADO O PRODUCTO FARMACEUTICO PARA ATENDER UNA PRESCRIPCION MEDICA, DE UN PACIENTE INDIVIDUAL, QUE REQUIERE DE ALGUN TIPO DE INTERVENCION TECNICA DE VARIADA COMPLEJIDAD. 
2. LA ADECUACION Y AJUSTE DE CONCENTRACIONES DE MEDICAMENTOS ONCOLOGICOS ES REALIZADA EN AREAS INDEPENDIENTES Y EXCLUSIVAS. 
3. LA ADECUACION Y AJUSTE DE CONCENTRACIONES DE MEDICAMENTOS NO ONCOLOGICOS Y NUTRICIONES PARENTERALES ES REALIZADA EN AREAS INDEPENDIENTES Y EXCLUSIVAS. 
4. LOS MEDICAMENTOS DE PARTIDA QUE VAN A SER SOMETIDOS A MEZCLA, ADECUACIONES Y AJUSTE DE CONCENTRACIONES CORRESPONDEN A FORMAS FARMACEUTICAS SOLIDAS Y LIQUIDAS. LA PRESENTACION FINAL ES EN BOLSAS O JERINGAS. 
5. EL ANTERIOR CONCEPTO TECNICO AUTORIZA UNICAMENTE LOS PROCESOS Y LAS FORMAS FARMACEUTICAS ANTERIORMENTE DESCRITAS, PARA MEDICAMENTOS QUE REQUIEREN Y NO REQUIEREN CADENA DE FRIO CON EL FIN DE CUMPLIR CON LAS DOSIS PRESCRITAS. SE REFIERE A QUE DICHOS PROCESOS DEBEN CIRCUNSCRIBIRSE AL SISTEMA DE DISTRIBUCION DE MEDICAMENTOS EN DOSIS UNITARIA. 
6. EL ANTERIOR CONCEPTO TECNICO, AUTORIZA UNICAMENTE LOS PROCESOS Y LAS FORMAS FARMACEUTICAS ANTERIORMENTE DESCRITAS. 
7. TODO CAMBIO CRITICO QUE SE HAGA Y AFECTE LAS CONDICIONES EVALUADAS Y CERTIFICADAS DURANTE LA PRESENTE AUDITORIA, RESPECTO A EQUIPOS, AREAS, PROCESOS PRODUCTIVOS, PERSONAL TECNICO PRINCIPAL (DIRECTOR TECNICO) O DE LAS EMPRESAS CON LAS QUE SE CONTRATO LA REALIZACION DE ACTIVIDADES DE PRODUCCION Y CONTROL DE CALIDAD, DEBERAN SER NOTIFICADOS AL INVIMA CON EL FIN DE QUE ESTE EVALUE Y VERIFIQUE SI SE REQUIERE UNA VISITA DE AMPLIACION O VERIFICACION DEL CONCEPTO TECNICO EMITIDO, DE ACUERDO CON LAS DISPOSICIONES DE LA NORMATIVIDAD SANITARIA CORRESPONDIENTE, SO PENA  DE LAS ACCIONES A QUE HAYA LUGAR.",,
1719S,HOSPITALARTE S.A.S ESTABLECIMIENTO LA ESTANCIA HOSP (ANTES AUDIFARMA CLINICA LA ESTANCIA),POPAYAN,CAUCA,Calle 15 Norte No. 2 - 350,Cumple,"CUMPLE CON LAS BUENAS PRACTICAS DE ELABORACION, POR LO TANTO, SE RENUEVA EL CONCEPTO TECNICO PARA LOS SIGUIENTES PROCESOS Y/O ACTIVIDADES:

1. ESTERILES
1.1 ADECUACION Y AJUSTE DE CONCENTRACIONES DE DOSIS DE MEDICAMENTOS ONCOLOGICOS
1.1.1 LIQUIDOS
1.2 ADECUACION Y AJUSTE DE CONCENTRACIONES DE DOSIS DE MEDICAMENTOS NO ONCOLOGICOS
1.2.1 LIQUIDOS
1.3 PREPARACION DE NUTRICIONES PARENTERALES
1.3.1  LIQUIDOS

NOTAS ACLARATORIAS:
1. PREPARACION MAGISTRAL: ES EL PREPARADO O PRODUCTO FARMACEUTICO PARA ATENDER UNA PRESCRIPCION MEDICA, DE UN PACIENTE INDIVIDUAL, QUE REQUIERE DE ALGUN TIPO DE INTERVENCION TECNICA DE VARIADA COMPLEJIDAD.
2. LA ADECUACION Y AJUSTE DE CONCENTRACIONES DE MEDICAMENTOS ONCOLOGICOS ES REALIZADA EN UN AREA INDEPENDIENTE Y EXCLUSIVA, DOTADA CON UNA CABINA DE SEGURIDAD BIOLOGICA. 
3. LA ADECUACION Y AJUSTE DE CONCENTRACIONES DE MEDICAMENTOS NO ONCOLOGICOS Y NUTRICIONES PARENTERALES ES REALIZADA EN AREAS INDEPENDIENTES Y EXCLUSIVAS PARA CADA PROCESO, Y DOTADAS CON CABINAS DE FLUJO LAMINAR.
4. EL ANTERIOR CONCEPTO TECNICO AUTORIZA UNICAMENTE LOS PROCESOS Y LAS FORMAS FARMACEUTICAS ANTERIORMENTE DESCRITAS, PARA MEDICAMENTOS QUE REQUIEREN Y NO REQUIEREN CADENA DE FRIO CON EL FIN DE CUMPLIR CON LAS DOSIS PRESCRITAS. SE REFIERE A QUE DICHOS PROCESOS DEBEN CIRCUNSCRIBIRSE AL SISTEMA DE DISTRIBUCION DE MEDICAMENTOS EN DOSIS UNITARIA.
5. LOS MEDICAMENTOS DE PARTIDA QUE VAN A SER SOMETIDOS A MEZCLA, ADECUACIONES Y AJUSTE DE CONCENTRACIONES CORRESPONDEN A FORMAS FARMACEUTICAS SOLIDAS Y LIQUIDAS. LA PRESENTACION FINAL ES EN BOLSAS E INFUSORES.
6. LOS PRODUCTOS ELABORADOS SOLO PUEDEN SER COMERCIALIZADOS A TRAVES DE CONVENIOS O CONTRATOS ESTABLECIDOS CON OTROS ESTABLECIMIENTOS FARMACEUTICOS AUTORIZADOS O SERVICIOS FARMACEUTICOS HABILITADOS DE INSTITUCIONES PRESTADORAS DE SERVICIOS DE SALUD.
7. TODO CAMBIO CRITICO QUE SE HAGA Y AFECTE LAS CONDICIONES EVALUADAS Y CERTIFICADAS DURANTE LA PRESENTE AUDITORIA, RESPECTO A EQUIPOS, AREAS, PROCESOS PRODUCTIVOS, PERSONAL TECNICO PRINCIPAL (DIRECTOR TECNICO) O DE LAS EMPRESAS CON LAS QUE SE CONTRATO LA REALIZACION DE ACTIVIDADES DE PRODUCCION Y CONTROL DE CALIDAD, DEBERAN SER NOTIFICADOS AL INVIMA CON EL FIN DE QUE ESTE EVALUE Y VERIFIQUE SI SE REQUIERE UNA VISITA DE AMPLIACION O VERIFICACION DEL CONCEPTO TECNICO EMITIDO, DE ACUERDO CON LAS DISPOSICIONES DE LA NORMATIVIDAD SANITARIA CORRESPONDIENTE, SO PENA DE LAS ACCIONES A QUE HAYA LUGAR.",2023-08-30T00:00:00.000,2028-09-27T00:00:00.000
1714S,CLINICA MEDELLIN S.A.S. (antes CLINICA COMFENALCO ANTIOQUIA),MEDELLIN,ANTIOQUIA,Carrera 65B Nro. 30 A - 95,Cumple,"CUMPLE CON LAS BUENAS PRACTICAS DE ELABORACION PARA LOS SIGUIENTES PROCESOS Y/O ACTIVIDADES:

1. ESTERILES
1.1. ADECUACION Y AJUSTE DE CONCENTRACIONES DE DOSIS DE MEDICAMENTOS ONCOLOGICO
1.1.1. LIQUIDOS
1.2. ADECUACION Y AJUSTE DE CONCENTRACIONES DE DOSIS DE MEDICAMENTOS NO ONCOLOGICOS
1.2.1. LIQUIDOS
1.3. PREPARACION DE NUTRICIONES PARENTERALES
1.3.1.  LIQUIDOS

2. NO ESTERILES
2.1. REENVASE DE MEDICAMENTOS
2.1.1. SOLIDOS
2.1.2. LIQUIDOS
2.2. REEMPAQUE DE MEDICAMENTOS
2.2.1. SOLIDOS

Y SE AMPLIA LA CAPACIDAD INSTALADA DE EQUIPOS PARA: ENVASADORA VANTAGE THE CADET, EXACTAMIX EM2400 – MEZCLADOR AUTOMATIZADO Y BOMBA DE UNIDOSIS (REPEATER PUMP).

NOTAS ACLARATORIAS:
1. PREPARACION MAGISTRAL: ES EL PREPARADO O PRODUCTO FARMACEUTICO PARA ATENDER UNA PRESCRIPCION MEDICA, DE UN PACIENTE INDIVIDUAL, QUE REQUIERE DE ALGUN TIPO DE INTERVENCION TECNICA DE VARIADA COMPLEJIDAD.
2. LA ADECUACION Y AJUSTE DE CONCENTRACIONES DE MEDICAMENTOS ONCOLOGICOS, NO ONCOLOGICOS Y DE NUTRICIONES PARENTERALES ES REALIZADA EN AREAS INDEPENDIENTES Y EXCLUSIVAS DOTADAS CON CABINAS DE FLUJO LAMINAR Y CABINAS DE BIOSEGURIDAD.
3. LOS MEDICAMENTOS DE PARTIDA QUE VAN A SER SOMETIDOS A ADECUACIONES Y AJUSTE DE CONCENTRACIONES CORRESPONDEN A FORMAS FARMACEUTICAS SOLIDAS Y LIQUIDAS ESTERILES. LA PRESENTACION FINAL ES EN BOLSAS, JERINGAS E INFUSORES. 
4. EL ANTERIOR CONCEPTO TECNICO AUTORIZA UNICAMENTE LOS PROCESOS Y LAS FORMAS FARMACEUTICAS ANTERIORMENTE DESCRITAS, PARA MEDICAMENTOS QUE REQUIEREN Y NO REQUIEREN CADENA DE FRIO CON EL FIN DE CUMPLIR CON LAS DOSIS PRESCRITAS. SE REFIERE A QUE DICHOS PROCESOS DEBEN CIRCUNSCRIBIRSE AL SISTEMA DE DISTRIBUCION DE MEDICAMENTOS EN DOSIS UNITARIA.
5. LOS PRODUCTOS ELABORADOS SOLO PUEDEN SER COMERCIALIZADOS A TRAVES DE CONVENIOS O CONTRATOS ESTABLECIDOS CON OTROS ESTABLECIMIENTOS FARMACEUTICOS AUTORIZADOS O SERVICIOS FARMACEUTICOS HABILITADOS DE INSTITUCIONES PRESTADORAS DE SERVICIOS DE SALUD.
6. TODO CAMBIO CRITICO QUE SE HAGA Y AFECTE LAS CONDICIONES EVALUADAS Y CERTIFICADAS DURANTE LA PRESENTE AUDITORIA, RESPECTO A EQUIPOS, AREAS, PROCESOS PRODUCTIVOS, PERSONAL TECNICO PRINCIPAL O DE LAS EMPRESAS CON LAS QUE SE CONTRATO LA REALIZACION DE ACTIVIDADES DE PRODUCCION Y CONTROL DE CALIDAD, DEBERAN SER NOTIFICADOS AL INVIMA CON EL FIN DE QUE ESTE EVALUE Y VERIFIQUE SI SE REQUIERE UNA VISITA DE AMPLIACION O VERIFICACION DEL CONCEPTO TECNICO EMITIDO, DE ACUERDO CON LAS DISPOSICIONES DE LA NORMATIVIDAD SANITARIA CORRESPONDIENTE, SO PENA  DE LAS ACCIONES A QUE HAYA LUGAR.",2022-09-02T00:00:00.000,2027-09-23T00:00:00.000
1829S,INSTITUTO DE CANCEROLOGIA DE SUCRE S.A.S.,SINCELEJO,SUCRE,CARRERA 22 No. 18 - 123,Cumple,"CUMPLE CON LAS BUENAS PRACTICAS DE ELABORACION PARA LOS SIGUIENTES PROCESOS Y/O ACTIVIDADES:

1. ESTERILES
1.1. ADECUACION Y AJUSTE DE CONCENTRACIONES DE DOSIS DE MEDICAMENTOS ONCOLOGICOS: LIQUIDOS
1.2.DECUACION Y AJUSTE DE CONCENTRACIONES DE DOSIS DE MEDICAMENTOS NO ONCOLOGICOS: LIQUIDOS
1.3.PREPARACION DE NUTRICIONES PARENTERALES:LIQUIDOS
1.4.REENVASE DE MEDICAMENTOS: LIQUIDOS

2. NO ESTERILES
2.1. REEMPAQUE DE MEDICAMENTOS: SOLIDOS
2.2. PREPARACIONES MAGISTRALES: LIQUIDOS (SUSPENSIONES)

NOTAS ACLARATORIAS

1. PREPARACIÓN MAGISTRAL: ES EL PREPARADO O PRODUCTO FARMACÉUTICO PARA ATENDER UNA PRESCRIPCIÓN MÉDICA, DE UN PACIENTE INDIVIDUAL, QUE REQUIERE DE ALGÚN TIPO DE INTERVENCIÓN TÉCNICA DE VARIADA COMPLEJIDAD.
2. LA ADECUACIÓN Y AJUSTE DE CONCENTRACIONES DE MEDICAMENTOS ONCOLÓGICOS ES REALIZADA EN ÁREAS INDEPENDIENTES Y EXCLUSIVAS.
3. LA ADECUACIÓN Y AJUSTE DE CONCENTRACIONES DE MEDICAMENTOS NO ONCOLÓGICOS Y NUTRICIONES PARENTERALES ES REALIZADA EN ÁREAS INDEPENDIENTES Y EXCLUSIVAS.
4. EL ANTERIOR CONCEPTO TÉCNICO AUTORIZA ÚNICAMENTE LOS PROCESOS Y LAS FORMAS FARMACÉUTICAS ANTERIORMENTE DESCRITAS, PARA MEDICAMENTOS QUE REQUIEREN Y NO REQUIEREN CADENA DE FRÍO CON EL FIN DE CUMPLIR CON LAS DOSIS PRESCRITAS. SE REFIERE A QUE DICHOS PROCESOS DEBEN CIRCUNSCRIBIRSE AL SISTEMA DE DISTRIBUCIÓN DE MEDICAMENTOS EN DOSIS UNITARIA.
5. LOS MEDICAMENTOS DE PARTIDA QUE VAN A SER SOMETIDOS A MEZCLA, ADECUACIONES Y AJUSTE DE CONCENTRACIONES CORRESPONDEN A FORMAS FARMACÉUTICAS SÓLIDAS Y LÍQUIDAS. LA PRESENTACIÓN FINAL ES EN BOLSAS, MINIBOLSAS O JERINGAS.
6. LOS PRODUCTOS ELABORADOS SÓLO PUEDEN SER COMERCIALIZADOS A TRAVÉS DE CONVENIOS O CONTRATOS ESTABLECIDOS CON OTROS ESTABLECIMIENTOS FARMACÉUTICOS AUTORIZADOS O SERVICIOS FARMACÉUTICOS HABILITADOS DE INSTITUCIONES PRESTADORAS DE SERVICIOS DE SALUD.
7. EL ANTERIOR CONCEPTO TÉCNICO, AUTORIZA ÚNICAMENTE LOS PROCESOS Y LAS FORMAS FARMACÉUTICAS ANTERIORMENTE DESCRITAS.
8. TODO CAMBIO CRÍTICO QUE SE HAGA Y AFECTE LAS CONDICIONES EVALUADAS Y CERTIFICADAS DURANTE LA PRESENTE AUDITORIA, RESPECTO A EQUIPOS, ÁREAS, PROCESOS PRODUCTIVOS, PERSONAL TÉCNICO PRINCIPAL (DIRECTOR TÉCNICO),  O DE LAS EMPRESAS CON LAS QUE SE CONTRATÓ LA REALIZACIÓN DE ACTIVIDADES DE PRODUCCIÓN Y CONTROL DE CALIDAD, DEBERÁN SER NOTIFICADOS AL INVIMA CON EL FIN DE QUE ÉSTE EVALÚE Y VERIFIQUE SI SE REQUIERE UNA VISITA DE AMPLIACIÓN O VERIFICACIÓN DEL CONCEPTO TÉCNICO EMITIDO, DE ACUERDO CON LAS DISPOSICIONES DE LA NORMATIVIDAD SANITARIA CORRESPONDIENTE, SO PENA  DE LAS ACCIONES A QUE HAYA LUGAR.",2024-03-12T00:00:00.000,2029-04-17T00:00:00.000
1652S,HOSPITAL GENERAL DE MEDELLIN LUZ CASTRO DE GUTIÉRREZ E.S.E.,MEDELLIN,ANTIOQUIA,Carrera 48 No. 32-102 MEDELLÍN,Cumple,"CUMPLE CON LAS BUENAS PRÁCTICAS DE ELABORACION PARA LOS SIGUIENTES PROCESOS Y/O ACTIVIDADES:

1. ESTERILES
1.1. ADECUACION Y AJUSTE DE CONCENTRACIONES DE DOSIS DE MEDICAMENTOS ONCOLOGICOS
1.1.1. LIQUIDOS
1.2. ADECUACION Y AJUSTE DE CONCENTRACIONES DE DOSIS DE MEDICAMENTOS NO ONCOLOGICOS
1.2.1. LIQUIDOS
1.3. ELABORACION DE NUTRICIONES PARENTERALES
1.3.1. LIQUIDOS
2. NO ESTERILES
2.1. REENVASE DE MEDICAMENTOS: SOLIDOS
2.2. REEMPAQUE DE MEDICAMENTOS:  SOLIDOS

NOTAS ACLARATORIAS:
1.PREPARACIÓN MAGISTRAL: ES EL PREPARADO O PRODUCTO FARMACÉUTICO PARA ATENDER UNA PRESCRIPCIÓN MÉDICA, DE UN PACIENTE INDIVIDUAL, QUE REQUIERE DE ALGÚN TIPO DE INTERVENCIÓN TÉCNICA DE VARIADA COMPLEJIDAD.
2.LA ADECUACIÓN Y AJUSTE DE CONCENTRACIONES DE MEDICAMENTOS ONCOLÓGICOS ES REALIZADA EN ÁREAS INDEPENDIENTES Y EXCLUSIVAS.
3.LA ADECUACIÓN Y AJUSTE DE CONCENTRACIONES DE MEDICAMENTOS NO ONCOLÓGICOS Y NUTRICIONES PARENTERALES ES REALIZADA EN ÁREAS INDEPENDIENTES Y EXCLUSIVAS.
4.LOS MEDICAMENTOS DE PARTIDA QUE VAN A SER SOMETIDOS A MEZCLA, ADECUACIONES Y AJUSTE DE CONCENTRACIONES CORRESPONDEN A FORMAS FARMACÉUTICAS SÓLIDAS Y LÍQUIDAS. LA PRESENTACIÓN FINAL ES EN BOLSAS, JERINGAS E INFUSORES. 
5.EL ANTERIOR CONCEPTO TÉCNICO AUTORIZA ÚNICAMENTE LOS PROCESOS Y LAS FORMAS FARMACÉUTICAS ANTERIORMENTE DESCRITAS, PARA MEDICAMENTOS QUE REQUIEREN Y NO REQUIEREN CADENA DE FRÍO CON EL FIN DE CUMPLIR CON LAS DOSIS PRESCRITAS. SE REFIERE A QUE DICHOS PROCESOS DEBEN CIRCUNSCRIBIRSE AL SISTEMA DE DISTRIBUCIÓN DE MEDICAMENTOS EN DOSIS UNITARIA.
6.LOS PRODUCTOS ELABORADOS SÓLO PUEDEN SER COMERCIALIZADOS A TRAVÉS DE CONVENIOS O CONTRATOS ESTABLECIDOS CON OTROS ESTABLECIMIENTOS FARMACÉUTICOS AUTORIZADOS O SERVICIOS FARMACÉUTICOS HABILITADOS DE INSTITUCIONES PRESTADORAS DE SERVICIOS DE SALUD.
7.TODO CAMBIO CRÍTICO QUE SE HAGA Y AFECTE LAS CONDICIONES EVALUADAS Y CERTIFICADAS DURANTE LA PRESENTE AUDITORIA, RESPECTO A EQUIPOS, ÁREAS, PROCESOS PRODUCTIVOS, PERSONAL TÉCNICO PRINCIPAL O DE LAS EMPRESAS CON LAS QUE SE CONTRATÓ LA REALIZACIÓN DE ACTIVIDADES DE PRODUCCIÓN Y CONTROL DE CALIDAD, DEBERÁN SER NOTIFICADOS AL INVIMA CON EL FIN DE QUE ÉSTE EVALÚE Y VERIFIQUE SI SE REQUIERE UNA VISITA DE AMPLIACIÓN O VERIFICACIÓN DEL CONCEPTO TÉCNICO EMITIDO, DE ACUERDO CON LAS DISPOSICIONES DE LA NORMATIVIDAD SANITARIA CORRESPONDIENTE, SO PENA  DE LAS ACCIONES A QUE HAYA LUGAR.",2023-02-24T00:00:00.000,2028-04-04T00:00:00.000
1578,FUNDACION HOSPITALARIA SAN VICENTE DE PAUL (CENTRAL DE MEZCLAS),MEDELLIN,ANTIOQUIA,CALLE 64 No. 51D - 154,Pendiente Inspección,"CUMPLE CON LAS BUENAS PRACTICAS DE ELABORACION POR LO TANTO SE RENUEVA EL CONCEPTO TECNICO PARA LOS SIGUIENTES PROCESOS Y/ACTIVIDADES:
1. ESTERILES
1.1. ADECUACION Y AJUSTE DE CONCENTRACIONES DE DOSIS DE MEDICAMENTOS NO ONCOLOGICOS
1.1.1.  LIQUIDOS
1.2. ADECUACION Y AJUSTE DE CONCENTRACIONES DE DOSIS DE MEDICAMENTOS ONCOLOGICOS
1.2.1. LIQUIDOS
1.3. PREPARACION DE NUTRICIONES PARENTERALES
1.3.1.  LIQUIDOS
2. NO ESTERILES
2.1. REENVASE DE MEDICAMENTOS
2.1.1. LIQUIDOS Y SOLIDOS
2.2. REEMPAQUE DE MEDICAMENTOS
2.2.1.  SOLIDOS
2.3. PREPARACION DE MAGISTRALES
2.3.1.  LIQUIDOS ((JARABES Y SUSPENSIONES) Y SEMISOLIDOS (CREMA, GEL Y UNGÜENTO)


NOTAS ACLARATORIAS:
1. PREPARACION MAGISTRAL: ES EL PREPARADO O PRODUCTO FARMACEUTICO PARA ATENDER UNA PRESCRIPCION MEDICA, DE UN PACIENTE INDIVIDUAL, QUE REQUIERE DE ALGUN TIPO DE INTERVENCION TECNICA DE VARIADA COMPLEJIDAD.
2. LA ADECUACION Y AJUSTE DE CONCENTRACIONES DE MEDICAMENTOS ONCOLOGICOS ES REALIZADA EN AREAS INDEPENDIENTES Y EXCLUSIVAS.
3. LA ADECUACION Y AJUSTE DE CONCENTRACIONES DE MEDICAMENTOS NO ONCOLOGICOS, NUTRICIONES PARENTERALES, PREPARACION DE MAGISTRALES Y REENVASE Y REEMPAQUE SON REALIZADAS EN AREAS INDEPENDIENTES Y EXCLUSIVAS.
4. EL ANTERIOR CONCEPTO TECNICO AUTORIZA UNICAMENTE LOS PROCESOS Y LAS FORMAS FARMACEUTICAS ANTERIORMENTE DESCRITAS, PARA MEDICAMENTOS QUE REQUIEREN Y NO REQUIEREN CADENA DE FRIO CON EL FIN DE CUMPLIR CON LAS DOSIS PRESCRITAS. SE REFIERE A QUE DICHOS PROCESOS DEBEN CIRCUNSCRIBIRSE AL SISTEMA DE DISTRIBUCION DE MEDICAMENTOS EN DOSIS UNITARIA.
5. LOS MEDICAMENTOS DE PARTIDA QUE VAN A SER SOMETIDOS A MEZCLA, ADECUACIONES Y AJUSTE DE CONCENTRACIONES CORRESPONDEN A FORMAS FARMACEUTICAS SOLIDAS Y LIQUIDAS. LA PRESENTACION FINAL ES EN BOLSAS, MINIBOLSAS O JERINGAS.
6. LOS PRODUCTOS ELABORADOS SOLO PUEDEN SER COMERCIALIZADOS A TRAVES DE CONVENIOS O CONTRATOS ESTABLECIDOS CON OTROS ESTABLECIMIENTOS FARMACEUTICOS AUTORIZADOS O SERVICIOS FARMACEUTICOS HABILITADOS DE INSTITUCIONES PRESTADORAS DE SERVICIOS DE SALUD.
7. EL ANTERIOR CONCEPTO TECNICO, AUTORIZA UNICAMENTE LOS PROCESOS Y LAS FORMAS FARMACEUTICAS ANTERIORMENTE DESCRITAS.
8. TODO CAMBIO CRITICO QUE SE HAGA Y AFECTE LAS CONDICIONES EVALUADAS Y CERTIFICADAS DURANTE LA PRESENTE AUDITORIA, RESPECTO A EQUIPOS, AREAS, PROCESOS PRODUCTIVOS, PERSONAL TECNICO PRINCIPAL (DIRECTOR TECNICO),  O DE LAS EMPRESAS CON LAS QUE SE CONTRATO LA REALIZACION DE ACTIVIDADES DE PRODUCCION Y CONTROL DE CALIDAD, DEBERAN SER NOTIFICADOS AL INVIMA CON EL FIN DE QUE ESTE EVALUE Y VERIFIQUE SI SE REQUIERE UNA VISITA DE AMPLIACION O VERIFICACION DEL CONCEPTO TECNICO EMITIDO, DE ACUERDO CON LAS DISPOSICIONES DE LA NORMATIVIDAD SANITARIA CORRESPONDIENTE, SO PENA  DE LAS ACCIONES A QUE HAYA LUGAR.",2021-04-12T00:00:00.000,2026-05-06T00:00:00.000
1583,AUDIFARMA HOSPITALARIO,BOGOTA D.C.,BOGOTA D.C.,"Calle 12 C No. 79 A -25, Bodega 25, Parque Industrial Alsacia",Cumple,"CUMPLE CON LAS BUENAS PRACTICAS DE ELABORACION PARA LOS SIGUIENTES PROCESOS Y/O ACTIVIDADES:

1. ESTERILES

1.1 PREPARACION DE NUTRICIONES PARENTERALES:
1.1.1. LIQUIDOS

1.2 ADECUACION, AJUSTE DE CONCENTRACION DE DOSIS DE MEDICAMENTOS NO ONCOLOGICOS: 
1.2.1. LIQUIDOS

1.3 ADECUAACION Y AJUSTE DE MEDICAMENTOS ONCOLOGICOS:
1.3.1. LIQUIDOS

2. NO ESTERILES

2.1. REEMPAQUE
2.1.1. SOLIDOS

2.1 REENVASE
2.1.1. LIQUIDOS 
2.1.2. SOLIDOS

2.2 PREPARACION DE MAGISTRALES:
2.2.1. LIQUIDOS 
2.2.2. SEMISOLIDOS

NOTAS ACLARATORIAS:
1. PREPARACION MAGISTRAL: ES EL PREPARADO O PRODUCTO FARMACEUTICO PARA ATENDER UNA PRESCRIPCION MEDICA, DE UN PACIENTE INDIVIDUAL, QUE REQUIERE DE ALGUN TIPO DE INTERVENCION TECNICA DE VARIADA COMPLEJIDAD.
2. LA ADECUACION Y AJUSTE DE CONCENTRACIONES DE MEDICAMENTOS ONCOLOGICOS ES REALIZADA EN AREAS INDEPENDIENTES Y EXCLUSIVAS.
3. LA ADECUACION Y AJUSTE DE CONCENTRACIONES DE MEDICAMENTOS NO ONCOLOGICOS Y NUTRICIONES PARENTERALES ES REALIZADA EN AREAS INDEPENDIENTES Y EXCLUSIVAS.
4. EL ANTERIOR CONCEPTO TECNICO AUTORIZA UNICAMENTE LOS PROCESOS Y LAS FORMAS FARMACEUTICAS ANTERIORMENTE DESCRITAS, PARA MEDICAMENTOS QUE REQUIEREN Y NO REQUIEREN CADENA DE FRIO CON EL FIN DE CUMPLIR CON LAS DOSIS PRESCRITAS. SE REFIERE A QUE DICHOS PROCESOS DEBEN CIRCUNSCRIBIRSE AL SISTEMA DE DISTRIBUCION DE MEDICAMENTOS EN DOSIS UNITARIA.
5. LOS MEDICAMENTOS DE PARTIDA QUE VAN A SER SOMETIDOS A MEZCLA, ADECUACIONES Y AJUSTE DE CONCENTRACIONES CORRESPONDEN A FORMAS FARMACEUTICAS SOLIDAS Y LIQUIDAS. LA PRESENTACION FINAL ES EN BOLSAS, JERINGAS, FRASCOS E INFUSORES.
6. LOS PRODUCTOS ELABORADOS SOLO PUEDEN SER COMERCIALIZADOS A TRAVES DE CONVENIOS O CONTRATOS ESTABLECIDOS CON OTROS ESTABLECIMIENTOS FARMACEUTICOS AUTORIZADOS O SERVICIOS FARMACEUTICOS HABILITADOS DE INSTITUCIONES PRESTADORAS DE SERVICIOS DE SALUD.
7. EL ANTERIOR CONCEPTO TECNICO, AUTORIZA UNICAMENTE LOS PROCESOS Y LAS FORMAS FARMACEUTICAS ANTERIORMENTE DESCRITAS.
8. CUALQUIER MODIFICACION QUE SE HAGA EN LAS CONDICIONES EVALUADAS Y CERTIFICADAS DURANTE LA PRESENTE AUDITORIA, RESPECTO A EQUIPOS, AREAS, PROCESOS PRODUCTIVOS, PERSONAL TECNICO PRINCIPAL O DE LAS EMPRESAS CON LAS QUE SE CONTRATO LA REALIZACION DE ACTIVIDADES CRITICAS DE PRODUCCION Y CONTROL DE CALIDAD, DEBERAN SER NOTIFICADAS AL INVIMA CON EL FIN DE QUE ESTE EVALUE Y VERIFIQUE SI SE REQUIERE UNA VISITA DE AMPLIACION O VERIFICACION DEL CONCEPTO TECNICO EMITIDO, DE ACUERDO CON LAS DISPOSICIONES DE LA NORMATIVIDAD SANITARIA CORRESPONDIENTE, SO PENA DE LAS ACCIONES A QUE HAYA LUGAR.",2021-06-22T00:00:00.000,2026-07-27T00:00:00.000
1588,UNIDOSSIS  S.A.S. ANTIOQUIA,MEDELLIN,ANTIOQUIA,"carrera 51D No. 67 – 60 piso 4, Edificio MEDICANCER",Cumple,"CUMPLE CON LAS BUENAS PRACTICAS DE ELABORACION POR LO TANTO SE RENUEVA PARA LOS SIGUIENTES PROCESOS Y/O ACTIVIDADES:

1. ESTERILES
1.1. ADECUACION Y AJUSTE DE CONCENTRACIONES DE DOSIS DE MEDICAMENTOS ONCOLOGICOS: LIQUIDOS
1.2. ADECUACION Y AJUSTE DE CONCENTRACIONES DE DOSIS DE MEDICAMENTOS NO ONCOLOGICOS: LIQUIDOS
1.3. PREPARACION DE NUTRICIONES PARENTERALES:  LIQUIDOS
 

2. NOTAS ACLARATORIAS:
2.1. PREPARACION MAGISTRAL: ES EL PREPARADO O PRODUCTO FARMACEUTICO PARA ATENDER UNA PRESCRIPCION MEDICA, DE UN PACIENTE INDIVIDUAL, QUE REQUIERE DE ALGUN TIPO DE INTERVENCION TECNICA DE VARIADA COMPLEJIDAD.
2.2. LA ADECUACION Y AJUSTE DE CONCENTRACIONES DE MEDICAMENTOS ONCOLOGICOS ES REALIZADA EN AREAS INDEPENDIENTES Y EXCLUSIVAS.
2.3. LA ADECUACION Y AJUSTE DE CONCENTRACIONES DE MEDICAMENTOS NO ONCOLOGICOS Y NUTRICIONES PARENTERALES ES REALIZADA EN AREAS INDEPENDIENTES Y EXCLUSIVAS.
2.4. EL ANTERIOR CONCEPTO TECNICO AUTORIZA UNICAMENTE LOS PROCESOS Y LAS FORMAS FARMACEUTICAS ANTERIORMENTE DESCRITAS, PARA MEDICAMENTOS QUE REQUIEREN Y NO REQUIEREN CADENA DE FRIO CON EL FIN DE CUMPLIR CON LAS DOSIS PRESCRITAS. SE REFIERE A QUE DICHOS PROCESOS DEBEN CIRCUNSCRIBIRSE AL SISTEMA DE DISTRIBUCION DE MEDICAMENTOS EN DOSIS UNITARIA.
2.5. LOS MEDICAMENTOS DE PARTIDA QUE VAN A SER SOMETIDOS A MEZCLA, ADECUACIONES Y AJUSTE DE CONCENTRACIONES CORRESPONDEN A FORMAS FARMACEUTICAS SOLIDAS Y LIQUIDAS. LA PRESENTACION FINAL ES EN BOLSAS, BURETROLES O JERINGAS.
2.6. LOS PRODUCTOS ELABORADOS SOLO PUEDEN SER COMERCIALIZADOS A TRAVES DE CONVENIOS O CONTRATOS ESTABLECIDOS CON OTROS ESTABLECIMIENTOS FARMACEUTICOS AUTORIZADOS O SERVICIOS FARMACEUTICOS HABILITADOS DE INSTITUCIONES PRESTADORAS DE SERVICIOS DE SALUD.
2.7. EL ANTERIOR CONCEPTO TECNICO, AUTORIZA UNICAMENTE LOS PROCESOS Y LAS FORMAS FARMACEUTICAS ANTERIORMENTE DESCRITAS.
2.8.   TODO CAMBIO CRITICO QUE SE HAGA Y AFECTE LAS CONDICIONES EVALUADAS Y CERTIFICADAS DURANTE LA PRESENTE AUDITORIA, RESPECTO A EQUIPOS, AREAS, PROCESOS PRODUCTIVOS, PERSONAL TECNICO PRINCIPAL O DE LAS EMPRESAS CON LAS QUE SE CONTRATO LA REALIZACION DE ACTIVIDADES DE PRODUCCION Y CONTROL DE CALIDAD, DEBERAN SER NOTIFICADOS AL INVIMA CON EL FIN DE QUE ESTE EVALUE Y VERIFIQUE SI SE REQUIERE UNA VISITA DE AMPLIACION O VERIFICACION DEL CONCEPTO TECNICO EMITIDO, DE ACUERDO CON LAS DISPOSICIONES DE LA NORMATIVIDAD SANITARIA CORRESPONDIENTE, SO PENA  DE LAS ACCIONES A QUE HAYA LUGAR.",2023-11-17T00:00:00.000,2028-12-11T00:00:00.000
1616S,"EVOLUCIA S.A.S.,  ESTABLECIMIENTOS EVOLUCIA REEMPAQUE, EVOLUCIA MAGISTRALES NO ESTERILES, EVOLUCIA MAGISTRALES ESTERILES Y EVOLUCIA ESTERILES ONCOLOGICOS Y NO ONCOLOGICOS",BOGOTA D.C.,BOGOTA D.C.,CARRERA 23 No. 45 C – 31 CONSULTORIOS 212 - 214 -305,Cumple,"CUMPLE CON LAS BUENAS PRACTICAS DE ELABORACION, PARA LOS SIGUIENTES PROCESOS Y/O ACTIVIDADES:

1. ESTERILES
1.1. ADECUACION Y AJUSTE DE CONCENTRACIONES DE DOSIS DE MEDICAMENTOS ONCOLOGICOS:
1.1.1. LIQUIDOS
1.2. ADECUACION Y AJUSTE DE CONCENTRACIONES DE DOSIS DE MEDICAMENTOS NO ONCOLOGICOS
1.2.1. LIQUIDOS
1.3. PREPARACION DE MAGISTRALES:
1.3.1. LIQUIDOS (SOLUCIONES)

2. NO ESTERILES
2.1. REEMPAQUE DE MEDICAMENTOS: 
2.1.1. SOLIDOS Y LIQUIDOS
2.2. PREPARACION DE MAGISTRALES
2.2.1. LIQUIDOS: SOLUCIONES Y SUSPENSIONES
2.2.2. SEMISOLIDOS: GELES


NOTAS ACLARATORIAS:
1. PREPARACION MAGISTRAL: ES EL PREPARADO O PRODUCTO FARMACEUTICO PARA ATENDER UNA PRESCRIPCION MEDICA, DE UN PACIENTE INDIVIDUAL, QUE REQUIERE DE ALGUN TIPO DE INTERVENCION TECNICA DE VARIADA COMPLEJIDAD.
2. LA ADECUACION Y AJUSTE DE CONCENTRACIONES DE MEDICAMENTOS ONCOLOGICOS ES REALIZADA EN AREAS INDEPENDIENTES Y EXCLUSIVAS.
3. LA ADECUACION Y AJUSTE DE CONCENTRACIONES DE MEDICAMENTOS NO ONCOLOGICOS Y MAGISTRALES ESTERILES ES REALIZADA EN AREAS INDEPENDIENTES Y EXCLUSIVAS.
4. LOS MEDICAMENTOS DE PARTIDA QUE VAN A SER SOMETIDOS A MEZCLAS, ADECUACIONES Y AJUSTE DE CONCENTRACIONES CORRESPONDEN A FORMAS FARMACEUTICAS SOLIDAS Y LIQUIDAS. LA PRESENTACION FINAL ES EN BOLSAS, FRASCOS GOTEROS Y JERINGAS PRELLENADAS.
5. LAS PREPARACIONES MAGISTRALES ESTERILES PARTEN DE MATERIA PRIMA NO ESTERIL Y LA PRESENTACION FINAL ES EN FRASCO GOTERO Y COLIRIO ESTERILES.
6. LOS PRODUCTOS ELABORADOS SOLO PUEDEN SER COMERCIALIZADOS A TRAVES DE CONVENIOS O CONTRATOS ESTABLECIDOS CON OTROS ESTABLECIMIENTOS FARMACEUTICOS AUTORIZADOS O SERVICIOS FARMACEUTICOS HABILITADOS DE INSTITUCIONES PRESTADORAS DE SERVICIOS DE SALUD.
7. EL ANTERIOR CONCEPTO TECNICO AUTORIZA UNICAMENTE LOS PROCESOS Y LAS FORMAS FARMACEUTICAS ANTERIORMENTE DESCRITAS, PARA MEDICAMENTOS QUE REQUIEREN Y NO REQUIEREN CADENA DE FRIO CON EL FIN DE CUMPLIR CON LAS DOSIS PRESCRITAS. SE REFIERE A QUE DICHOS PROCESOS DEBEN CIRCUNSCRIBIRSE AL SISTEMA DE DISTRIBUCION DE MEDICAMENTOS EN DOSIS UNITARIA.
8. TODO CAMBIO CRITICO QUE SE HAGA Y AFECTE LAS CONDICIONES EVALUADAS Y CERTIFICADAS DURANTE LA PRESENTE AUDITORIA, RESPECTO A EQUIPOS, AREAS, PROCESOS PRODUCTIVOS, PERSONAL TECNICO PRINCIPAL (DIRECTOR TECNICO) O DE LAS EMPRESAS CON LAS QUE SE CONTRATO LA REALIZACION DE ACTIVIDADES DE PRODUCCION Y CONTROL DE CALIDAD, DEBERAN SER NOTIFICADOS AL INVIMA CON EL FIN DE QUE ESTE EVALUE Y VERIFIQUE SI SE REQUIERE UNA VISITA DE AMPLIACION O VERIFICACION DEL CONCEPTO TECNICO EMITIDO, DE ACUERDO CON LAS DISPOSICIONES DE LA NORMATIVIDAD SANITARIA CORRESPONDIENTE, SO PENA DE LAS ACCIONES A QUE HAYA LUGAR.",2023-04-18T00:00:00.000,2028-05-30T00:00:00.000
1620S,INSTITUTO DE ORTOPEDIA INFANTIL ROOSEVELT,BOGOTA D.C.,BOGOTA D.C.,"Carrera 4 Este (Avenida Circunvalar) No.17 - 50, BOGOTA D.C.",Cumple,"CUMPLE  CON LAS BUENAS PRACTICAS DE ELABORACION PARA LOS SIGUIENTES PROCESOS Y/O ACTIVIDADES:
ESTERILES:
PROCESO O ACTIVIDAD: ADECUACION Y AJUSTE DE CONCENTRACIONES DE DOSIS DE MEDICAMENTOS NO ONCOLOGICOS.
FORMA FARMACEUTICA: LIQUIDOS.
PROCESO O ACTIVIDAD: PREPARACION DE NUTRICIONES PARENTERALES
FORMA FARMACEUTICA: LIQUIDOS.

NO ESTERILES:
PRPCESO O ACTIVIDAD: REEMPAQUE DE MEDICAMENTOS.
FORMA FARMACEUTICA: SOLIDOS.
PRPCESO O ACTIVIDAD: REENVASE DE MEDICAMENTOS
FORMA FARMACEUTICA: LIQUIDOS Y SOLIDOS.

NOTAS ACLARATORIAS:
1. PREPARACIÓN MAGISTRAL: ES EL PREPARADO O PRODUCTO FARMACÉUTICO PARA ATENDER UNA PRESCRIPCIÓN MÉDICA, DE UN PACIENTE INDIVIDUAL, QUE REQUIERE DE ALGÚN TIPO DE INTERVENCIÓN TÉCNICA DE VARIADA COMPLEJIDAD.
2. LA ADECUACIÓN Y AJUSTE DE CONCENTRACIÓN DE MEDICAMENTOS NO ONCOLÓGICOS Y NUTRICIONES PARENTERALES ES REALIZADA EN ÁREA INDEPENDIENTES Y EXCLUSIVAS.
3. EL ANTERIOR CONCEPTO TÉCNICO AUTORIZA ÚNICAMENTE LOS PROCESOS Y LAS FORMAS FARMACÉUTICAS ANTERIORMENTE DESCRITAS, PARA MEDICAMENTOS QUE REQUIEREN Y NO REQUIEREN CADENA DE FRÍO CON EL FIN DE CUMPLIR CON LAS DOSIS PRESCRITAS. SE REFIERE A QUE DICHOS PROCESOS DEBEN CIRCUNSCRIBIRSE AL SISTEMA DE DISTRIBUCIÓN DE MEDICAMENTOS EN DOSIS UNITARIA.
4. LOS MEDICAMENTOS DE PARTIDA QUE VAN A SER SOMETIDOS A MEZCLA, ADECUACIONES Y AJUSTE DE CONCENTRACIONES CORRESPONDEN A FORMAS FARMACÉUTICAS SÓLIDAS Y LÍQUIDAS. LA PRESENTACIÓN FINAL ES EN BOLSAS, O JERINGAS.
5. TODO CAMBIO CRÍTICO QUE SE HAGA Y AFECTE LAS CONDICIONES EVALUADAS Y CERTIFICADAS DURANTE LA PRESENTE AUDITORIA, RESPECTO A EQUIPOS, ÁREAS, PROCESOS PRODUCTIVOS, PERSONAL TÉCNICO PRINCIPAL (DIRECTOR TÉCNICO) O DE LAS EMPRESAS CON LAS QUE SE CONTRATÓ LA REALIZACIÓN DE ACTIVIDADES DE PRODUCCIÓN Y CONTROL DE CALIDAD, DEBERÁN SER NOTIFICADOS AL INVIMA CON EL FIN DE QUE ÉSTE EVALÚE Y VERIFIQUE SI SE REQUIERE UNA VISITA DE AMPLIACIÓN O VERIFICACIÓN DEL CONCEPTO TÉCNICO EMITIDO, DE ACUERDO CON LAS DISPOSICIONES DE LA NORMATIVIDAD SANITARIA CORRESPONDIENTE, SO PENA  DE LAS ACCIONES A QUE HAYA LUGAR.",2016-09-12T00:00:00.000,2028-10-11T00:00:00.000
1601S,EPITHELIUM S.A.,COTA,CUNDINAMARCA,"Autopista Medellín Km 2,5 vía Parcelas 900 metros CIEM Oikos de Occidente Bodega D54",Cumple,"CUMPLE CON LAS BUENAS PRÁCTICAS DE ELABORACION, POR LO TANTO SE RENUEVA EL CONCEPTO TÉCNICO, PARA LOS SIGUIENTES PROCESOS Y/O ACTIVIDADES:

1. NO ESTÉRILES
1.1. PREPARACIONES MAGISTRALES DE USO TÓPICO
1.1.1 LÍQUIDOS: SOLUCIONES, EMULSIONES Y SUSPENSIONES.
1.1.2 SEMISÓLIDOS: CREMAS, UNGÜENTOS Y GELES

NOTAS ACLARATORIAS:
1. PREPARACIÓN MAGISTRAL: ES EL PREPARADO O PRODUCTO FARMACÉUTICO PARA ATENDER UNA PRESCRIPCIÓN MÉDICA, DE UN PACIENTE INDIVIDUAL, QUE REQUIERE DE ALGÚN TIPO DE INTERVENCIÓN TÉCNICA DE VARIADA COMPLEJIDAD.
2. LAS FÓRMULAS MAGISTRALES TÓPICAS SON PREPARADAS A PARTIR DE MATERIAS PRIMAS.
3. LAS FÓRMULAS MAGISTRALES ELABORADAS SÓLO PUEDEN SER COMERCIALIZADOS A TRAVÉS DE CONVENIOS O CONTRATOS ESTABLECIDOS CON OTROS ESTABLECIMIENTOS FARMACÉUTICOS AUTORIZADOS O SERVICIOS FARMACÉUTICOS HABILITADOS DE INSTITUCIONES PRESTADORAS DE SERVICIOS DE SALUD.
4. EL ANTERIOR CONCEPTO TÉCNICO AUTORIZA ÚNICAMENTE LOS PROCESOS Y LAS FORMAS FARMACÉUTICAS ANTERIORMENTE DESCRITAS, PARA MEDICAMENTOS QUE NO REQUIEREN CADENA DE FRÍO CON EL FIN DE CUMPLIR CON LAS DOSIS PRESCRITAS. SE REFIERE A QUE DICHOS PROCESOS DEBEN CIRCUNSCRIBIRSE AL SISTEMA DE DISTRIBUCIÓN DE MEDICAMENTOS EN DOSIS UNITARIA.
5. CUALQUIER MODIFICACIÓN QUE SE HAGA EN LAS CONDICIONES EVALUADAS Y CERTIFICADAS DURANTE LA PRESENTE AUDITORIA, RESPECTO A EQUIPOS, ÁREAS, PROCESOS PRODUCTIVOS, PERSONAL TÉCNICO PRINCIPAL O DE LAS EMPRESAS CON LAS QUE SE CONTRATÓ LA REALIZACIÓN DE ACTIVIDADES CRÍTICAS DE PRODUCCIÓN Y CONTROL DE CALIDAD, DEBERÁN SER NOTIFICADAS AL INVIMA CON EL FIN DE QUE ÉSTE EVALÚE Y VERIFIQUE SI SE REQUIERE UNA VISITA DE AMPLIACIÓN O VERIFICACIÓN DEL CONCEPTO TÉCNICO EMITIDO, DE ACUERDO CON LAS DISPOSICIONES DE LA NORMATIVIDAD SANITARIA CORRESPONDIENTE, SO PENA  DE LAS ACCIONES A QUE HAYA LUGAR.",2021-06-23T00:00:00.000,2026-07-27T00:00:00.000
1861S,U.S.F. UNIDAD DE SERVICIOS FARMACÉUTICOS DE SUCRE S.A.S.,SINCELEJO,SUCRE,CARRERA 24 NRO. 14 - 165 PISO 3,Cumple,"CUMPLE  CON LAS BUENAS PRACTICAS DE ELABORACION PARA LOS SIGUIENTES PROCESOS Y/O ACTIVIDADES:

1. ESTERILES
1.1. ADECUACIÓN Y AJUSTE DE CONCENTRACIONES DE DOSIS DE MEDICAMENTOS ONCOLÓGICOS
1.1.1. LIQUIDOS

1.2. ADECUACION Y AJUSTE DE CONCENTRACIONES DE DOSIS DE MEDICAMENTOS NO ONCOLOGICOS
1.2.1. LIQUIDOS
1.3. PREPARACION DE NUTRICIONES PARENTERALES
1.3.1. LIQUIDOS 

2. NO ESTERILES
2.1. REEMPAQUE DE MEDICAMENTOS.
2.1.1. SOLIDOS.
2.2. REENVASE DE MEDICAMENTOS
2.2.1. SOLIDOS Y LIQUIDOS

NOTAS ACLARATORIAS:
1. PREPARACIÓN MAGISTRAL: ES EL PREPARADO O PRODUCTO FARMACÉUTICO PARA ATENDER UNA PRESCRIPCIÓN MÉDICA, DE UN PACIENTE INDIVIDUAL, QUE REQUIERE DE ALGÚN TIPO DE INTERVENCIÓN TÉCNICA DE VARIADA COMPLEJIDAD.
2. LA ADECUACIÓN Y AJUSTE DE CONCENTRACIONES DE MEDICAMENTOS ONCOLÓGICOS, NO ONCOLÓGICOS Y NUTRICIONES PARENTERALES ES REALIZADA EN ÁREAS INDEPENDIENTES Y EXCLUSIVAS.
3. LOS MEDICAMENTOS DE PARTIDA QUE VAN A SER SOMETIDOS A MEZCLA, ADECUACIONES Y AJUSTE DE CONCENTRACIONES DE DOSIS CORRESPONDEN A FORMAS FARMACÉUTICAS SÓLIDAS Y LÍQUIDAS. LA PRESENTACIÓN FINAL ES EN BOLSAS, JERINGAS E INFUSORES.
4. LA PRESENTACIÓN FINAL DE LAS NUTRICIONES PARENTERALES ES EN BOLSAS EVA.
5. LOS MEDICAMENTOS DE PARTIDA QUE VAN A SER SOMETIDOS A REENVASE DE NO ESTÉRILES CORRESPONDEN A FORMAS FARMACÉUTICAS LIQUIDAS Y SÓLIDAS. 
6. LOS MEDICAMENTOS DE PARTIDA QUE VAN A SER SOMETIDOS A REEMPAQUE DE NO ESTÉRILES CORRESPONDEN A FORMAS FARMACÉUTICAS SOLIDAS. 
7. LOS PRODUCTOS ELABORADOS SÓLO PUEDEN SER COMERCIALIZADOS A TRAVÉS DE CONVENIOS O CONTRATOS ESTABLECIDOS CON OTROS ESTABLECIMIENTOS FARMACÉUTICOS AUTORIZADOS O SERVICIOS FARMACÉUTICOS HABILITADOS DE INSTITUCIONES PRESTADORAS DE SERVICIOS DE SALUD. 
8. EL ANTERIOR CONCEPTO TÉCNICO AUTORIZA ÚNICAMENTE LOS PROCESOS Y LAS FORMAS FARMACÉUTICAS ANTERIORMENTE DESCRITAS, PARA MEDICAMENTOS QUE REQUIEREN Y NO REQUIEREN CADENA DE FRÍO CON EL FIN DE CUMPLIR CON LAS DOSIS PRESCRITAS. SE REFIERE A QUE DICHOS PROCESOS DEBEN CIRCUNSCRIBIRSE AL SISTEMA DE DISTRIBUCIÓN DE MEDICAMENTOS EN DOSIS UNITARIA.
9. TODO CAMBIO CRÍTICO QUE SE HAGA Y AFECTE LAS CONDICIONES EVALUADAS Y CERTIFICADAS DURANTE LA PRESENTE AUDITORIA, RESPECTO A EQUIPOS, ÁREAS, PROCESOS PRODUCTIVOS, PERSONAL TÉCNICO PRINCIPAL (DIRECTOR TÉCNICO) O DE LAS EMPRESAS CON LAS QUE SE CONTRATÓ LA REALIZACIÓN DE ACTIVIDADES DE PRODUCCIÓN Y CONTROL DE CALIDAD, DEBERÁN SER NOTIFICADOS AL INVIMA CON EL FIN DE QUE ÉSTE EVALÚE Y VERIFIQUE SI SE REQUIERE UNA VISITA DE AMPLIACIÓN O VERIFICACIÓN DEL CONCEPTO TÉCNICO EMITIDO, DE ACUERDO CON LAS DISPOSICIONES DE LA NORMATIVIDAD SANITARIA CORRESPONDIENTE, SO PENA  DE LAS ACCIONES A QUE HAYA LUGAR.",2024-12-11T00:00:00.000,2030-01-27T00:00:00.000
1865S,FUNDACIÓN CARDIOVASCULAR DE COLOMBIA INSTITUTO CARDIOVASCULAR,FLORIDABLANCA,SANTANDER,Calle 155A No 23-58,Cumple,"CUMPLE CON LAS BUENAS PRÁCTICAS DE ELABORACION, POR LO TANTO SE RENUEVA EL CONCEPTO TÉCNICO PARA LOS SIGUIENTES PROCESOS Y/O ACTIVIDADES:

1. NO ESTERILES    

1.1. REEMPAQUE DE MEDICAMENTOS.
1.1.1. SÓLIDOS.

1.2. REENVASE DE MEDICAMENTOS 
1.2.1. LÍQUIDOS 

1.3. PREPARACIÓN DE MAGISTRALES 
1.3.1. LÍQUIDOS 

NOTAS ACLARATORIAS:

1. PREPARACIÓN MAGISTRAL: ES EL PREPARADO O PRODUCTO FARMACÉUTICO PARA ATENDER UNA PRESCRIPCIÓN MÉDICA, DE UN PACIENTE INDIVIDUAL, QUE REQUIERE DE ALGÚN TIPO DE INTERVENCIÓN TÉCNICA DE VARIADA COMPLEJIDAD.
2. EL ANTERIOR CONCEPTO TÉCNICO AUTORIZA ÚNICAMENTE LOS PROCESOS Y LAS FORMAS FARMACÉUTICAS ANTERIORMENTE DESCRITAS, PARA MEDICAMENTOS QUE NO REQUIEREN CADENA DE FRÍO CON EL FIN DE CUMPLIR CON LAS DOSIS PRESCRITAS. SE REFIERE A QUE DICHOS PROCESOS DEBEN CIRCUNSCRIBIRSE AL SISTEMA DE DISTRIBUCIÓN DE MEDICAMENTOS EN DOSIS UNITARIA.
3. LOS PRODUCTOS ELABORADOS SÓLO PUEDEN SER COMERCIALIZADOS A TRAVÉS DE CONVENIOS O CONTRATOS ESTABLECIDOS CON OTROS ESTABLECIMIENTOS FARMACÉUTICOS AUTORIZADOS O SERVICIOS FARMACÉUTICOS HABILITADOS DE INSTITUCIONES PRESTADORAS DE SERVICIOS DE SALUD.
4. LOS MEDICAMENTOS DE PARTIDA PARA LAS PREPARACIONES MAGISTRALES CORRESPONDEN A MEDICAMENTOS COMO PRODUCTOS TERMINADOS COMERCIALES SÓLIDOS COMO LÍQUIDOS.
5. EL ANTERIOR CONCEPTO TÉCNICO, AUTORIZA ÚNICAMENTE LOS PROCESOS Y LAS FORMAS FARMACÉUTICAS ANTERIORMENTE DESCRITAS.
6. CUALQUIER MODIFICACIÓN QUE SE HAGA EN LAS CONDICIONES EVALUADAS Y CERTIFICADAS DURANTE LA PRESENTE AUDITORIA, RESPECTO A EQUIPOS, ÁREAS, PROCESOS PRODUCTIVOS, PERSONAL TÉCNICO PRINCIPAL O DE LAS EMPRESAS CON LAS QUE SE CONTRATÓ LA REALIZACIÓN DE ACTIVIDADES CRÍTICAS DE PRODUCCIÓN Y CONTROL DE CALIDAD, DEBERÁN SER NOTIFICADAS AL INVIMA CON EL FIN DE QUE ÉSTE EVALÚE Y VERIFIQUE SI SE REQUIERE UNA VISITA DE AMPLIACIÓN O VERIFICACIÓN DEL CONCEPTO TÉCNICO EMITIDO, DE ACUERDO CON LAS DISPOSICIONES DE LA NORMATIVIDAD SANITARIA CORRESPONDIENTE, SO PENA  DE LAS ACCIONES A QUE HAYA LUGAR.",2025-03-20T00:00:00.000,2030-04-23T00:00:00.000
1541,INSTITUTO COLOMBIANO DEL SISTEMA NERVIOSO - CLÍNICA MONTSERRAT,BOGOTA D.C.,BOGOTA D.C.,CALLE 134 No. 17-71,Cumple,"CUMPLE CON LAS BUENAS PRACTICAS DE ELABORACION PARA LOS SIGUIENTES PROCESOS Y FORMAS FARMACÉUTICAS:

1. NO ESTÉRILES:
1.1. REEMPAQUE DE MEDICAMENTOS
1.1.1. SÓLIDOS

NOTAS ACLARATORIAS:
1. EL ANTERIOR CONCEPTO TÉCNICO AUTORIZA ÚNICAMENTE LOS PROCESOS Y LAS FORMAS FARMACÉUTICAS ANTERIORMENTE DESCRITAS PARA MEDICAMENTOS QUE NO REQUIEREN CADENA DE FRÍO CON EL FIN DE CUMPLIR CON LAS DOSIS PRESCRITAS. SE REFIERE A QUE DICHO PROCESO DEBE CIRCUNSCRIBIRSE AL SISTEMA DE DISTRIBUCIÓN DE MEDICAMENTOS EN DOSIS UNITARIA.
2. LOS PRODUCTOS ELABORADOS SÓLO PUEDEN SER COMERCIALIZADOS A TRAVÉS DE CONVENIOS O CONTRATOS ESTABLECIDOS CON OTROS ESTABLECIMIENTOS FARMACÉUTICOS AUTORIZADOS O SERVICIOS FARMACÉUTICOS HABILITADOS DE INSTITUCIONES PRESTADORAS DE SERVICIOS DE SALUD.
3. CUALQUIER MODIFICACIÓN QUE SE HAGA EN LAS CONDICIONES EVALUADAS Y CERTIFICADAS DURANTE LA PRESENTE AUDITORIA, RESPECTO A EQUIPOS, ÁREAS, PROCESOS PRODUCTIVOS, PERSONAL TÉCNICO PRINCIPAL O DE LAS EMPRESAS CON LAS QUE SE CONTRATÓ LA REALIZACIÓN DE ACTIVIDADES CRÍTICAS DE PRODUCCIÓN Y CONTROL DE CALIDAD, DEBERÁN SER NOTIFICADAS AL INVIMA CON EL FIN DE QUE ÉSTE EVALÚE Y VERIFIQUE SI SE REQUIERE UNA VISITA DE AMPLIACIÓN O VERIFICACIÓN DEL CONCEPTO TÉCNICO EMITIDO, DE ACUERDO CON LAS DISPOSICIONES DE LA NORMATIVIDAD SANITARIA CORRESPONDIENTE, SO PENA DE LAS ACCIONES A QUE HAYA LUGAR.",2022-02-17T00:00:00.000,2027-04-01T00:00:00.000
1543,UNIDOSSIS S.A.- REGIONAL CUNDINAMARCA,BOGOTA D.C.,BOGOTA D.C.,CARRERA 43 A # 20 B - 10,Pendiente Inspeccion,"CUMPLE CON LAS BUENAS PRACTICAS DE ELABORACION PARA LOS SIGUIENTES PROCESOS Y/O ACTIVIDADES DEL SERVICIO FARMACEUTICO.

1. ESTERILES
1.1. ADECUACION Y AJUSTE DE CONCENTRACIONES DE DOSIS DE MEDICAMENTOS ONCOLOGICOS:
1.1.1. LIQUIDOS
1.2. ADECUACION Y AJUSTE DE CONCENTRACIONES DE DOSIS DE MEDICAMENTOS NO ONCOLOGICOS:
1.2.1. LIQUIDOS
1. 3. PREPARACION DE NUTRICIONES PARENTERALES 
1.3.1. LIQUIDOS
1. 4. REENVASE DE MEDICAMENTOS: 
1.4.1. LIQUIDOS

2.  NO ESTERILES
2.1.  ADECUACION Y AJUSTE DE MEDICAMENTOS ONCOLOGICOS
2.1.1. LIQUIDOS


3. NOTAS ACLARATORIAS:
3.1.PREPARACION MAGISTRAL: ES EL PREPARADO O PRODUCTO FARMACEUTICO PARA ATENDER UNA PRESCRIPCION MEDICA, DE UN PACIENTE INDIVIDUAL, QUE REQUIERE DE ALGUN TIPO DE INTERVENCION TECNICA DE VARIADA COMPLEJIDAD.
3.2.LA ADECUACION Y AJUSTE DE CONCENTRACIONES DE MEDICAMENTOS ONCOLOGICOS ES REALIZADA EN AREAS INDEPENDIENTES Y EXCLUSIVAS.
3.3.LA ADECUACION Y AJUSTE DE CONCENTRACIONES DE MEDICAMENTOS NO ONCOLOGICOS Y NUTRICIONES PARENTERALES ES REALIZADA EN AREAS INDEPENDIENTES Y EXCLUSIVAS.
3.4. EL ANTERIOR CONCEPTO TECNICO AUTORIZA UNICAMENTE LOS PROCESOS Y LAS FORMAS FARMACEUTICAS ANTERIORMENTE DESCRITAS, PARA MEDICAMENTOS QUE REQUIEREN Y NO REQUIEREN CADENA DE FRIO CON EL FIN DE CUMPLIR CON LAS DOSIS PRESCRITAS. SE REFIERE A QUE DICHOS PROCESOS DEBEN CIRCUNSCRIBIRSE AL SISTEMA DE DISTRIBUCION DE MEDICAMENTOS EN DOSIS UNITARIA.
3.5.  LOS MEDICAMENTOS DE PARTIDA QUE VAN A SER SOMETIDOS A MEZCLA, ADECUACIONES Y AJUSTE DE CONCENTRACIONES CORRESPONDEN A FORMAS FARMACEUTICAS SOLIDAS Y LIQUIDAS. LA PRESENTACION FINAL ES EN BOLSAS, BURETROLES O JERINGAS.
3.6.LOS PRODUCTOS ELABORADOS SOLO PUEDEN SER COMERCIALIZADOS A TRAVES DE CONVENIOS O CONTRATOS ESTABLECIDOS CON OTROS ESTABLECIMIENTOS FARMACEUTICOS AUTORIZADOS O SERVICIOS FARMACEUTICOS HABILITADOS DE INSTITUCIONES PRESTADORAS DE SERVICIOS DE SALUD.
3.7.EL ANTERIOR CONCEPTO TECNICO, AUTORIZA UNICAMENTE LOS PROCESOS Y LAS FORMAS FARMACEUTICAS ANTERIORMENTE DESCRITAS.
3.8.CUALQUIER MODIFICACION QUE SE HAGA EN LAS CONDICIONES EVALUADAS Y CERTIFICADAS DURANTE LA PRESENTE AUDITORIA, RESPECTO A EQUIPOS, AREAS, PROCESOS PRODUCTIVOS, PERSONAL TECNICO PRINCIPAL O DE LAS EMPRESAS CON LAS QUE SE CONTRATO LA REALIZACION DE ACTIVIDADES CRITICAS DE PRODUCCION Y CONTROL DE CALIDAD, DEBERAN SER NOTIFICADAS AL INVIMA CON EL FIN DE QUE ESTE EVALUE Y VERIFIQUE SI SE REQUIERE UNA VISITA DE AMPLIACION O VERIFICACION DEL CONCEPTO TECNICO EMITIDO, DE ACUERDO CON LAS DISPOSICIONES DE LA NORMATIVIDAD SANITARIA CORRESPONDIENTE, SO PENA  DE LAS ACCIONES A QUE HAYA LUGAR.",2020-10-02T00:00:00.000,2025-10-27T00:00:00.000
1545S,INSTITUTO CANCEROLOGICO DE NARIÑO SAS,PASTO,NARIÑO,CARRERA 40A No. 19B-55,Cumple,"CUMPLE CON LAS BUENAS PRÁCTICAS DE ELABORACIÓN, PARA LOS SIGUIENTES PROCESOS O ACTIVIDADES:

1. ESTERILES
1.1 ADECUACIÓN Y AJUSTE DE CONCENTRACIONES DE DOSIS DE MEDICAMENTOS ONCOLÓGICOS. 
1.1.1 LÍQUIDOS

NOTAS ACLARATORIAS:
1. PREPARACIÓN MAGISTRAL. ES EL PREPARADO O PRODUCTO FARMACÉUTICO PARA ATENDER UNA PRESCRIPCIÓN MÉDICA, DE UN PACIENTE INDIVIDUAL, QUE REQUIERE DE ALGÚN TIPO DE INTERVENCIÓN TÉCNICA DE VARIADA COMPLEJIDAD.
2. LA ADECUACIÓN Y AJUSTE DE CONCENTRACIÓN DE MEDICAMENTOS ONCOLÓGICOS ES REALIZADA EN ÁREAS INDEPENDIENTES Y EXCLUSIVAS, DOTADA DE CABINA DE BIOSEGURIDAD.
3. LOS MEDICAMENTOS DE PARTIDA QUE VAN A SER SOMETIDOS A MEZCLA, ADECUACIONES Y AJUSTE DE CONCENTRACIONES DE DOSIS CORRESPONDEN A FORMAS FARMACÉUTICAS SÓLIDAS Y LÍQUIDAS. LA PRESENTACIÓN FINAL ES EN BOLSAS Y JERINGAS.
4. LOS PRODUCTOS ELABORADOS SOLO PUEDEN SER COMERCIALIZADOS A TRAVÉS DE CONVENIOS O CONTRATOS ESTABLECIDOS CON OTROS ESTABLECIMIENTOS FARMACÉUTICOS HABILITADOS DE INSTITUCIONES PRESTADORAS DEL SERVICIO DE SALUD.
5. EL ANTERIOR CONCEPTO TÉCNICO AUTORIZA ÚNICAMENTE LOS PROCESOS Y LAS FORMAS FARMACÉUTICAS ANTERIORMENTE DESCRITAS, PARA MEDICAMENTOS QUE REQUIEREN Y NO REQUIEREN CADENA DE FRÍO CON EL FIN DE CUMPLIR CON LAS DOSIS PRESCRITAS. SE REFIERE A QUE DICHOS PROCESOS DEBEN CIRCUNSCRIBIRSE AL SISTEMA DE DISTRIBUCIÓN DE MEDICAMENTOS EN DOSIS UNITARIA.
6. TODO CAMBIO CRÍTICO QUE SE HAGA Y AFECTE LAS CONDICIONES EVALUADAS Y CERTIFICADAS DURANTE LA PRESENTE AUDITORIA, RESPECTO A EQUIPOS, ÁREAS, PROCESOS PRODUCTIVOS, PERSONAL TÉCNICO PRINCIPAL (DIRECTOR TÉCNICO Y/O RESPONSABLE SANITARIO), O DE LAS EMPRESAS CON LAS QUE SE CONTRATÓ LA REALIZACIÓN DE ACTIVIDADES DE PRODUCCIÓN Y CONTROL DE CALIDAD, DEBERÁN SER NOTIFICADOS AL INVIMA CON EL FIN DE QUE ÉSTE EVALÚE Y VERIFIQUE SI SE REQUIERE UNA VISITA DE AMPLIACIÓN O VERIFICACIÓN DEL CONCEPTO TÉCNICO EMITIDO, DE ACUERDO CON LAS DISPOSICIONES DE LA NORMATIVIDAD SANITARIA CORRESPONDIENTE, SO PENA DE LAS ACCIONES A QUE HAYA LUGAR.

IGUALMENTE, SE AMPLIA LA CAPACIDAD INSTALADA DE EQUIPOS PARA UNIDAD DE EXTRACCIÓN DE AIRE (MARCA SODECA, MODELO SV/FILTER-400 F7+F9 60HZ) DEL SISTEMA HVAC Y CABINA DE SEGURIDAD BIOLÓGICA CLASE II TIPO B2 100% EXHAUST (JPINGLOBAL, MODELO CBII2B-36).",2024-10-24T00:00:00.000,2029-11-25T00:00:00.000
983,PHARMADERM S.A,BOGOTA D.C.,BOGOTA D.C.,Carrera 21 No. 166-10 (Toberín),Cumple,"CUMPLE CON LAS BUENAS PRÁCTICAS DE ELABORACION PARA LAS PREPARACIONES MAGISTRALES  DESCRITAS A CONTINUACIÓN:

1. NO ESTÉRILES
1.1. PREPARACIONES MAGISTRALES DE USO TÓPICO
1.1.1. LÍQUIDOS: SOLUCIONES, EMULSIONES Y SUSPENSIONES.
1.1.2. SEMISÓLIDOS: CREMAS, GELES Y UNGÜENTOS.

1.2. PREPARACIONES MAGISTRALES DE USO ORAL
1.2.1. SÓLIDOS: CÁPSULAS DURA DE GELATINA.

NOTAS ACLARATORIAS:

1. PREPARACIÓN MAGISTRAL: ES EL PREPARADO O PRODUCTO FARMACÉUTICO PARA ATENDER UNA PRESCRIPCIÓN MÉDICA, DE UN PACIENTE INDIVIDUAL, QUE REQUIERE DE ALGÚN TIPO DE INTERVENCIÓN TÉCNICA DE VARIADA COMPLEJIDAD.
2. LAS FÓRMULAS MAGISTRALES TÓPICAS Y DE USO ORAL SON PREPARADAS A PARTIR DE MATERIAS PRIMAS QUE REQUIEREN O NO REQUIEREN REFRIGERACIÓN DE 2° A 8°C.
3. LAS FÓRMULAS MAGISTRALES ELABORADAS SÓLO PUEDEN SER COMERCIALIZADOS A TRAVÉS DE CONVENIOS O CONTRATOS ESTABLECIDOS CON OTROS ESTABLECIMIENTOS FARMACÉUTICOS AUTORIZADOS O SERVICIOS FARMACÉUTICOS HABILITADOS DE INSTITUCIONES PRESTADORAS DE SERVICIOS DE SALUD.
4. EL ANTERIOR CONCEPTO TÉCNICO AUTORIZA ÚNICAMENTE LOS PROCESOS Y LAS FORMAS FARMACÉUTICAS ANTERIORMENTE DESCRITAS, PARA MEDICAMENTOS QUE NO REQUIEREN CADENA DE FRÍO CON EL FIN DE CUMPLIR CON LAS DOSIS PRESCRITAS. SE REFIERE A QUE DICHOS PROCESOS DEBEN CIRCUNSCRIBIRSE AL SISTEMA DE DISTRIBUCIÓN DE MEDICAMENTOS EN DOSIS UNITARIA.
5. CUALQUIER MODIFICACIÓN QUE SE HAGA EN LAS CONDICIONES EVALUADAS Y CERTIFICADAS DURANTE LA PRESENTE AUDITORIA, RESPECTO A EQUIPOS, ÁREAS, PROCESOS PRODUCTIVOS, PERSONAL TÉCNICO PRINCIPAL O DE LAS EMPRESAS CON LAS QUE SE CONTRATÓ LA REALIZACIÓN DE ACTIVIDADES DE PRODUCCIÓN Y CONTROL DE CALIDAD, DEBERÁN SER NOTIFICADAS AL INVIMA CON EL FIN DE QUE ÉSTE EVALÚE Y VERIFIQUE SI SE REQUIERE UNA VISITA DE AMPLIACIÓN O VERIFICACIÓN DEL CONCEPTO TÉCNICO EMITIDO, DE ACUERDO CON LAS DISPOSICIONES DE LA NORMATIVIDAD SANITARIA CORRESPONDIENTE, SO PENA  DE LAS ACCIONES A QUE HAYA LUGAR.",2022-03-10T00:00:00.000,2027-04-06T00:00:00.000
1179R,FUNDACION VALLE DEL LILI,CALI,VALLE DEL CAUCA,Carrera 98 No. 18 - 49.,Cumple,"CUMPLE CON LAS BUENAS PRACTICAS DE ELABORACION DE RADIOFARMACOS PARA:

1. ESTERILES
1.1. DILUCION, DOSIFICACION, Y AJUSTE DE CONCENTRACION, EN ACTIVIDAD Y/O VOLUMEN DE RADIOFARMACOS CON REGISTRO SANITARIO, PARA ADMINISTRACION PARENTERAL (223-RA CLORURO DE RADIO, 67GA-CITRATO DE GALIO) 
1.1.1. LIQUIDOS: SOLUCIONES
1.2. RADIOMARCACION DE KITS CON REGISTRO SANITARIO VIGENTE, EMPLEANDO RADIONUCLIDOS OBTENIDOS DE GENERADORES CON REGISTRO SANITARIO (99MO/99MTC), APROBADOS PARA USO HUMANO, CON MODIFICACION DE LAS INDICACIONES DE PREPARACION DEL FABRICANTE (HMDP).
1.3.ELUCION Y RADIOMARCACION DE KITS CON REGISTRO SANITARIO VIGENTE, EMPLEANDO RADIONUCLIDOS OBTENIDOS DE GENERADORES CON REGISTRO SANITARIO (99MO/99MTC), APROBADOS PARA USO HUMANO, SIGUIENDO ESTRICTAMENTE LAS INDICACIONES DEL FABRICANTE. 
1.3.1. LÍQUIDOS: SOLUCIONES Y SUSPENSIONES


NOTAS ACLARATORIAS: 

1. PREPARACION MAGISTRAL: ES EL PREPARADO O PRODUCTO FARMACEUTICO PARA ATENDER UNA PRESCRIPCION MEDICA, DE UN PACIENTE INDIVIDUAL, QUE REQUIERE DE ALGUN TIPO DE INTERVENCION TECNICA DE VARIADA COMPLEJIDAD. 
2. EL PRESENTE CONCEPTO INCLUYE LOS PROCESOS DE ELUCION, MARCACION Y DOSIFICACION DE LOS RADIONUCLIDOS CON LOS FARMACOS DESCRITOS ANTERIORMENTE. 
3. LOS PROCESOS ANTERIORMENTE MENCIONADOS SE REALIZAN DE FORMA ASEPTICA.
4. EL ANTERIOR CONCEPTO TECNICO, AUTORIZA UNICAMENTE LOS PROCESOS Y LAS FORMAS FARMACEUTICAS ANTERIORMENTE DESCRITAS. 
5. TODO CAMBIO CRITICO QUE SE HAGA Y AFECTE LAS CONDICIONES EVALUADAS Y CERTIFICADAS DURANTE LA PRESENTE AUDITORIA, RESPECTO A EQUIPOS, AREAS, PROCESOS PRODUCTIVOS, PERSONAL TECNICO PRINCIPAL (DIRECTOR TECNICO) O DE LAS EMPRESAS CON LAS QUE SE CONTRATO LA REALIZACION DE ACTIVIDADES DE PRODUCCION Y CONTROL DE CALIDAD, DEBERAN SER NOTIFICADOS AL INVIMA CON EL FIN DE QUE ESTE EVALUE Y VERIFIQUE SI SE REQUIERE UNA VISITA DE AMPLIACION O VERIFICACION DEL CONCEPTO TECNICO EMITIDO, DE ACUERDO CON LAS DISPOSICIONES DE LA NORMATIVIDAD SANITARIA CORRESPONDIENTE, SO PENA DE LAS ACCIONES A QUE HAYA LUGAR.",2025-01-13T00:00:00.000,2028-01-08T00:00:00.000
1836S,INSUASTY ONCOLOGIA E INVESTIGACIÓN S.A.S.,BUCARAMANGA,SANTANDER,Calle 54 No. 33 – 45 P 11 – 1106 - Central de Mezclas – 1105 Sala de infusión 1 P 8 – 805 Servicio Farmacéutico P 10 – 1002 Administración – 1102 -1103 – 606 Consultorios – 1004 Sala de Infusión 2,Cumple,"CUMPLE CON LAS BUENAS PRACTICAS DE ELABORACION POR LO TANTO SE RENUEVA EL CONCEPTO TECNICO PARA LOS SIGUIENTES PROCESOS Y/O ACTIVIDADES:

1. ESTERILES
1.1. ADECUACION Y AJUSTE DE CONCENTRACIONES DE DOSIS DE MEDICAMENTOS ONCOLOGICOS.
1.1.1. LIQUIDOS

1.2. ADECUACION Y AJUSTE DE CONCENTRACIONES DE DOSIS DE MEDICAMENTOS NO ONCOLOGICOS.
1.2.1. LIQUIDOS

NOTAS ACLARATORIAS:
1. PREPARACION MAGISTRAL: ES EL PREPARADO O PRODUCTO FARMACEUTICO PARA ATENDER UNA PRESCRIPCION MEDICA, DE UN PACIENTE INDIVIDUAL, QUE REQUIERE DE ALGUN TIPO DE INTERVENCION TECNICA DE VARIADA COMPLEJIDAD.
2. LA ADECUACION Y AJUSTE DE CONCENTRACIONES DE MEDICAMENTOS ONCOLOGICOS ES REALIZADA EN AREAS INDEPENDIENTES Y EXCLUSIVAS.
3. LA ADECUACION Y AJUSTE DE CONCENTRACIONES DE MEDICAMENTOS NO ONCOLOGICOS ES REALIZADA EN AREAS INDEPENDIENTES Y EXCLUSIVAS.
4. LOS MEDICAMENTOS DE PARTIDA QUE VAN A SER SOMETIDOS A MEZCLA, ADECUACION Y AJUSTE DE CONCENTRACION DE DOSIS CORRESPONDEN A FORMAS FARMACEUTICAS SOLIDAS Y LIQUIDAS. LA PRESENTACION FINAL ES EN BOLSA, JERINGA E INFUSORES.
5. LOS PRODUCTOS ELABORADOS SOLO PUEDEN SER COMERCIALIZADOS A TRAVES DE CONVENIOS O CONTRATOS ESTABLECIDOS CON OTROS ESTABLECIMIENTOS FARMACEUTICOS AUTORIZADOS O SERVICIOS FARMACEUTICOS HABILITADOS DE INSTITUCIONES PRESTADORAS DE SERVICIOS DE SALUD.
6. EL ANTERIOR CONCEPTO TECNICO, AUTORIZA UNICAMENTE LOS PROCESOS Y LAS FORMAS FARMACEUTICAS ANTERIORMENTE DESCRITAS, PARA LOS MEDICAMENTOS QUE REQUIEREN Y NO REQUIEREN CADENA DE FRIO CON EL FIN DE CUMPLIR CON LAS DOSIS PRESCRITAS. SE REFIERE A QUE DICHOS PROCESOS DEBEN CIRCUNSCRIBIRSE AL SISTEMA DE DISTRIBUCION DE MEDICAMENTOS EN DOSIS UNITARIA.
7. TODO CAMBIO CRITICO QUE SE HAGA Y AFECTE LAS CONDICIONES EVALUADAS Y CERTIFICADAS DURANTE LA PRESENTE AUDITORIA, RESPECTO A EQUIPOS, AREAS, PROCESOS PRODUCTIVOS, PERSONAL TECNICO PRINCIPAL (DIRECTOR TECNICO) O DE LAS EMPRESAS CON LAS QUE SE CONTRATO LA REALIZACION DE ACTIVIDADES DE PRODUCCION Y CONTROL DE CALIDAD, DEBERAN SER NOTIFICADOS AL INVIMA CON EL FIN DE QUE ESTE EVALUE Y VERIFIQUE SI SE REQUIERE UNA VISITA DE AMPLIACION O VERIFICACION DEL CONCEPTO TECNICO EMITIDO, DE ACUERDO CON LAS DISPOSICIONES DE LA NORMATIVIDAD SANITARIA CORRESPONDIENTE, SO PENA  DE LAS ACCIONES A QUE HAYA LUGAR.",2024-04-22T00:00:00.000,2029-05-15T00:00:00.000
1839S,UNIDOSSIS S.A.S (Medicamentos no estériles),BOGOTA D.C.,BOGOTA D.C.,CALLE 20 C NRO. 42-60 INTERIOR 2,Cumple,"CUMPLE CON LAS BUENAS PRACTICAS DE ELABORACION PARA LOS SIGUIENTES PROCESOS Y/O ACTIVIDADES:

1. NO ESTERILES
1.1 RE-EMPAQUE Y REENVASE DE MEDICAMENTOS
1.1.1 SOLIDOS
1.2 PREPARACIONES MAGISTRALES
1.2.1 LIQUIDOS
1.3 PREPARACIONES MAGISTRALES DERIVADOS DE CANNABIS
1.3.1 LIQUIDOS- SOLUCIONES
1.4 RE ENVASE DE MEDICAMENTOS
1.4.1 LIQUIDOS
1.5 RE EMPAQUE DE MEDICAMENTOS 
1.5.1 LIQUIDOS

NOTAS ACLARATORIAS
1.PREPARACION MAGISTRAL: ES EL PREPARADO O PRODUCTO FARMACEUTICO PARA ATENDER UNA PRESCRIPCION MEDICA, DE UN PACIENTE INDIVIDUAL, QUE REQUIERE DE ALGUN TIPO DE INTERVENCION TECNICA DE VARIADA COMPLEJIDAD.
2.LA PREPARACION DE LOS MEDICAMENTOS MAGISTRALES SE REALIZA A PARTIR DE MEDICAMENTOS EN LAS FORMAS FARMACEUTICAS DE SOLIDOS Y LIQUIDOS Y SU PRESENTACION FINAL ES LIQUIDA.
3.LOS PRODUCTOS ELABORADOS SOLO PUEDEN SER COMERCIALIZADOS A TRAVES DE CONVENIOS O CONTRATOS ESTABLECIDOS CON OTROS ESTABLECIMIENTOS FARMACEUTICOS AUTORIZADOS O SERVICIOS FARMACEUTICOS HABILITADOS DE INSTITUCIONES PRESTADORAS DE SERVICIOS DE SALUD
4.EL REEMPAQUE DE MEDICAMENTOS LIQUIDOS CORRESPONDE AL ACONDICIONAMIENTO DE AMPOLLAS O VIALES EN DOSIS UNITARIAS Y SU CORRESPONDIENTE CODIFICADO.
5.EL ANTERIOR CONCEPTO TECNICO AUTORIZA UNICAMENTE LOS PROCESOS Y LAS FORMAS FARMACEUTICAS ANTERIORMENTE DESCRITAS, PARA MEDICAMENTOS QUE REQUIEREN Y NO REQUIEREN CADENA DE FRIO CON EL FIN DE CUMPLIR CON LAS DOSIS PRESCRITAS. SE REFIERE A QUE DICHOS PROCESOS DEBEN CIRCUNSCRIBIRSE AL SISTEMA DE DISTRIBUCION DE MEDICAMENTOS EN DOSIS UNITARIA.
6. TODO CAMBIO CRITICO QUE SE HAGA Y AFECTE LAS CONDICIONES EVALUADAS Y CERTIFICADAS DURANTE LA PRESENTE AUDITORIA, RESPECTO A EQUIPOS, AREAS, PROCESOS PRODUCTIVOS, PERSONAL TECNICO PRINCIPAL O DE LAS EMPRESAS CON LAS QUE SE CONTRATÓ LA REALIZACIÓN DE ACTIVIDADES DE PRODUCCION Y CONTROL DE CALIDAD, DEBERAN SER NOTIFICADOS AL INVIMA CON EL FIN DE QUE ESTE EVALUE Y VERIFIQUE SI SE REQUIERE UNA VISITA DE AMPLIACION O VERIFICACION DEL CONCEPTO TECNICO EMITIDO, DE ACUERDO CON LAS DISPOSICIONES DE LA NORMATIVIDAD SANITARIA CORRESPONDIENTE, SO PENA  DE LAS ACCIONES A QUE HAYA LUGAR.",2022-11-04T00:00:00.000,2027-12-02T00:00:00.000
1530,BIO VIE S.A.S.,BOGOTA D.C.,BOGOTA D.C.,Calle 94 No. 58-40,Cumple,"CUMPLE CON LAS BUENAS PRÁCTICAS DE ELABORACION, PARA LOS SIGUIENTES PROCESOS Y/O ACTIVIDADES:

1.ESTÉRILES

1.1 ADECUACIÓN Y AJUSTE DE CONCENTRACIÓN DE DOSIS DE MEDICAMENTOS NO ONCOLÓGICOS
1.1.1 LIQUIDOS
1.2 REENVASE DE MEDICAMENTOS
1.2.1 LIQUIDOS
1.3 PREPARACIÓN DE NUTRICIONES PARENTERALES
1.3.1 LIQUIDOS.

2. NO ESTÉRILES

2.1. REEMPAQUE DE MEDICAMENTOS: 
2.1.1. SÓLIDOS.
2.2. REENVASE DE MEDICAMENTOS:
2.2.1. SÓLIDOS
2.2.2. LÍQUIDOS
2.3. PREPARACIONES MAGISTRALES: 
2.3.1. SÓLIDOS: POLVOS.
2.3.2. LÍQUIDOS: SOLUCIONES Y SUSPENSIONES
2.3.3. SEMISÓLIDOS: GELES.
2.4. PREPARACIONES MAGISTRALES (DERIVADOS DE CANNABIS) 2.4.1 LÍQUIDOS: SOLUCIONES

Y SE AMPLIA LA CAPACIDAD INSTALADA DE EQUIPOS: EMPACADOR AUTOMATIC PILLOW PACKING MACHINE JY-320X.

NOTAS ACLARATORIAS:

1.PREPARACIÓN MAGISTRAL: ES EL PREPARADO O PRODUCTO FARMACÉUTICO PARA ATENDER UNA PRESCRIPCIÓN MÉDICA, DE UN PACIENTE INDIVIDUAL, QUE REQUIERE DE ALGÚN TIPO DE INTERVENCIÓN TÉCNICA DE VARIADA COMPLEJIDAD.

2.LA ADECUACIÓN Y AJUSTE DE CONCENTRACIONES DE MEDICAMENTOS ESTÉRILES NO ONCOLÓGICOS Y NUTRICIONES PARENTERALES ES REALIZADA EN ÁREAS INDEPENDIENTES Y EXCLUSIVAS.

3.LOS MEDICAMENTOS DE PARTIDA QUE VAN A SER SOMETIDOS A MEZCLA, ADECUACIONES Y AJUSTE DE CONCENTRACIONES DE DOSIS CORRESPONDEN A FORMAS FARMACÉUTICAS SÓLIDAS Y LÍQUIDAS. LA PRESENTACIÓN FINAL ES EN BOLSAS, JERINGAS, INFUSORES Y BURETROLES.

4.LOS PRODUCTOS ELABORADOS SÓLO PUEDEN SER COMERCIALIZADOS A TRAVÉS DE CONVENIOS O CONTRATOS ESTABLECIDOS CON OTROS ESTABLECIMIENTOS FARMACÉUTICOS AUTORIZADOS O SERVICIOS FARMACÉUTICOS HABILITADOS DE INSTITUCIONES PRESTADORAS DE SERVICIOS DE SALUD.

5.EL ANTERIOR CONCEPTO TÉCNICO AUTORIZA ÚNICAMENTE LOS PROCESOS Y LAS FORMAS FARMACÉUTICAS ANTERIORMENTE DESCRITAS, PARA MEDICAMENTOS QUE REQUIEREN Y NO REQUIEREN CADENA DE FRÍO CON EL FIN DE CUMPLIR CON LAS DOSIS PRESCRITAS. SE REFIERE A QUE DICHOS PROCESOS DEBEN CIRCUNSCRIBIRSE AL SISTEMA DE DISTRIBUCIÓN DE MEDICAMENTOS EN DOSIS UNITARIA.

6.TODO CAMBIO CRÍTICO QUE SE HAGA Y AFECTE LAS CONDICIONES EVALUADAS Y CERTIFICADAS DURANTE LA PRESENTE AUDITORIA, RESPECTO A EQUIPOS, ÁREAS, PROCESOS PRODUCTIVOS, PERSONAL TÉCNICO PRINCIPAL O DE LAS EMPRESAS CON LAS QUE SE CONTRATÓ LA REALIZACIÓN DE ACTIVIDADES CRÍTICAS DE PRODUCCIÓN Y CONTROL DE CALIDAD, DEBERÁN SER NOTIFICADAS AL INVIMA CON EL FIN DE QUE ÉSTE EVALÚE Y VERIFIQUE SI SE REQUIERE UNA VISITA DE AMPLIACIÓN O VERIFICACIÓN DEL CONCEPTO TÉCNICO EMITIDO, DE ACUERDO CON LAS DISPOSICIONES DE LA NORMATIVIDAD SANITARIA CORRESPONDIENTE, SO PENA DE LAS ACCIONES A QUE HAYA LUGAR.",2026-01-06T00:00:00.000,2029-02-06T00:00:00.000
1708S,E.S.E. HOSPITAL MANUEL URIBE ANGEL,ENVIGADO,ANTIOQUIA,Diagonal 31 Nro. 36 A sur - 80,Cumple,"CUMPLE CON LAS BUENAS PRACTICAS DE ELABORACION, PARA LOS SIGUIENTES PROCESOS Y/O ACTIVIDADES:

1. ESTERILES
1.1. ADECUACION Y AJUSTE DE CONCENTRACIONES DE DOSIS DE MEDICAMENTOS ONCOLOGICOS
1.1.1. LIQUIDOS
1.2. ADECUACION Y AJUSTE DE CONCENTRACIONES DE DOSIS DE MEDICAMENTOS NO ONCOLOGICOS
1.2.1. LIQUIDOS
1.3. REENVASE DE MEDICAMENTOS
1.3.1.      LIQUIDOS

NOTAS ACLARATORIAS:
1. PREPARACION MAGISTRAL: ES EL PREPARADO O PRODUCTO FARMACEUTICO PARA ATENDER UNA PRESCRIPCION MEDICA, DE UN PACIENTE INDIVIDUAL, QUE REQUIERE DE ALGUN TIPO DE INTERVENCION TECNICA DE VARIADA COMPLEJIDAD.
2. LA ADECUACION Y AJUSTE DE CONCENTRACIONES DE MEDICAMENTOS ESTERILES ONCOLOGICOS Y NO ONCOLOGICOS ES REALIZADA EN AREAS INDEPENDIENTES Y EXCLUSIVAS.
3. LOS MEDICAMENTOS DE PARTIDA QUE VAN A SER SOMETIDOS A MEZCLA, ADECUACIONES Y AJUSTE DE CONCENTRACIONES DE DOSIS CORRESPONDEN A FORMAS FARMACEUTICAS SOLIDAS Y LIQUIDAS ESTERILES. LA PRESENTACION FINAL ES EN BOLSAS, JERINGAS E INFUSORES.
4. LOS PRODUCTOS ELABORADOS SOLO PUEDEN SER COMERCIALIZADOS A TRAVES DE CONVENIOS O CONTRATOS ESTABLECIDOS CON OTROS ESTABLECIMIENTOS FARMACEUTICOS AUTORIZADOS O SERVICIOS FARMACEUTICOS HABILITADOS DE INSTITUCIONES PRESTADORAS DE SERVICIOS DE SALUD.
5. EL ANTERIOR CONCEPTO TECNICO AUTORIZA UNICAMENTE LOS PROCESOS Y LAS FORMAS FARMACEUTICAS ANTERIORMENTE DESCRITAS, PARA MEDICAMENTOS QUE REQUIEREN Y NO REQUIEREN CADENA DE FRIO CON EL FIN DE CUMPLIR CON LAS DOSIS PRESCRITAS. SE REFIERE A QUE DICHOS PROCESOS DEBEN CIRCUNSCRIBIRSE AL SISTEMA DE DISTRIBUCION DE MEDICAMENTOS EN DOSIS UNITARIA.
6. TODO CAMBIO CRITICO QUE SE HAGA EN LAS CONDICIONES EVALUADAS Y CERTIFICADAS DURANTE LA PRESENTE AUDITORIA, RESPECTO A EQUIPOS, AREAS, PROCESOS PRODUCTIVOS, PERSONAL TECNICO PRINCIPAL (DIRECTOR TECNICO) O DE LAS EMPRESAS CON LAS QUE SE CONTRATO LA REALIZACION DE ACTIVIDADES CRITICAS DE PRODUCCION Y CONTROL DE CALIDAD, DEBERAN SER NOTIFICADAS AL INVIMA CON EL FIN DE QUE ESTE EVALUE Y VERIFIQUE SI SE REQUIERE UNA VISITA DE AMPLIACION O VERIFICACION DEL CONCEPTO TECNICO EMITIDO, DE ACUERDO CON LAS DISPOSICIONES DE LA NORMATIVIDAD SANITARIA CORRESPONDIENTE, SO PENA DE LAS ACCIONES A QUE HAYA LUGAR.",2024-09-09T00:00:00.000,2029-10-09T00:00:00.000
1523S,ASISFARMA S.A.S.,BOGOTA D.C.,BOGOTA D.C.,CARRERA 47 Nro. 91 - 84 LA CASTELLANA,Cumple,"CUMPLE CON LAS BUENAS PRACTICAS DE ELABORACION, POR LO TANTO, SE RENUEVA EL CONCEPTO TECNICO PARA LOS SIGUIENTES PROCESOS Y/O ACTIVIDADES:

1. ESTERILES

1.1. ADECUACION Y AJUSTE DE CONCENTRACIONES DE DOSIS DE MEDICAMENTOS ONCOLOGICOS: LIQUIDOS 
1.2. ADECUACION Y AJUSTE DE CONCENTRACIONES DE DOSIS DE MEDICAMENTOS NO ONCOLOGICOS: LIQUIDOS
1.3. PREPARACION DE NUTRICIONES PARENTERALES: LIQUIDOS 
1.4 REENVASE DE MEDICAMENTOS: LIQUIDOS
1.5 REEMPAQUE DE MEDICAMENTOS: SOLIDOS Y LIQUIDOS

2. NO ESTERILES

2.1. REEMPAQUE DE MEDICAMENTOS: SOLIDOS
2.2. REENVASE DE MEDICAMENTOS: SOLIDOS Y LIQUIDOS
2.3. PREPARACIONES MAGISTRALES: LIQUIDOS (SOLUCIONES, EMULSIONES, SUSPENSIONES) 
2.4. PREPARACIONES MAGISTRALES (DERIVADOS DE CANNABIS): LIQUIDOS (SOLUCIONES)


NOTAS ACLARATORIAS:
1. EL ANTERIOR CONCEPTO TÉCNICO AUTORIZA ÚNICAMENTE LOS PROCESOS Y LAS FORMAS FARMACÉUTICAS ANTERIORMENTE DESCRITAS, PARA MEDICAMENTOS QUE REQUIEREN Y NO REQUIEREN CADENA DE FRÍO CON EL FIN DE CUMPLIR CON LAS DOSIS PRESCRITAS. SE REFIERE A QUE DICHOS PROCESOS DEBEN CIRCUNSCRIBIRSE AL SISTEMA DE DISTRIBUCIÓN DE MEDICAMENTOS EN DOSIS UNITARIA.
2. LOS MEDICAMENTOS ESTÉRILES DE PARTIDA QUE VAN A SER SOMETIDOS A REENVASE CORRESPONDEN A FORMAS FARMACÉUTICAS LÍQUIDAS. LA PRESENTACIÓN FINAL ES EN JERINGAS.
3. LOS MEDICAMENTOS ESTÉRILES DE PARTIDA QUE VAN A SER SOMETIDOS A REEMPAQUE CORRESPONDEN A FORMAS FARMACÉUTICAS SÓLIDAS Y LÍQUIDAS. LA PRESENTACIÓN FINAL ES EN BOLSAS.
4. LOS PRODUCTOS ELABORADOS SÓLO PUEDEN SER COMERCIALIZADOS A TRAVÉS DE CONVENIOS O CONTRATOS ESTABLECIDOS CON OTROS ESTABLECIMIENTOS FARMACÉUTICOS AUTORIZADOS O SERVICIOS FARMACÉUTICOS HABILITADOS DE INSTITUCIONES PRESTADORAS DE SERVICIOS DE SALUD.
5. TODO CAMBIO CRÍTICO QUE SE HAGA Y AFECTE LAS CONDICIONES EVALUADAS Y CERTIFICADAS DURANTE LA PRESENTE AUDITORIA, RESPECTO A EQUIPOS, ÁREAS, PROCESOS PRODUCTIVOS, DIRECTOR TÉCNICO O DE LAS EMPRESAS CON LAS QUE SE CONTRATÓ LA REALIZACIÓN DE ACTIVIDADES DE PRODUCCIÓN Y CONTROL DE CALIDAD, DEBERÁN SER NOTIFICADOS AL INVIMA CON EL FIN DE QUE ÉSTE EVALÚE Y VERIFIQUE SI SE REQUIERE UNA VISITA DE AMPLIACIÓN O VERIFICACIÓN DEL CONCEPTO TÉCNICO EMITIDO, DE ACUERDO CON LAS DISPOSICIONES DE LA NORMATIVIDAD SANITARIA CORRESPONDIENTE, SO PENA  DE LAS ACCIONES A QUE HAYA LUGAR.",2024-01-09T00:00:00.000,2027-01-31T00:00:00.000
1700S,AUDIFARMA S.A.  ROSARIO HOSPITALARIO,CALI,VALLE DEL CAUCA,"Calle 10 Nro 33-51, CALI VALLE DEL CAUCA",Cumple,"CUMPLE CON LAS BUENAS PRÁCTICAS DE ELABORACION PARA LOS SIGUIENTES PROCESOS Y/O ACTIVIDADES:

1. ESTERILES
1.1. ADECUACIÓN Y AJUSTE DE CONCENTRACIONES DE DOSIS DE MEDICAMENTOS NO ONCOLÓGICOS.
1.1.1. LÍQUIDOS
1.2. ADECUACIÓN Y AJUSTE DE CONCENTRACIONES DE DOSIS DE MEDICAMENTOS  ONCOLÓGICOS.
1.2.1. LÍQUIDOS
1.3. NUTRICIONES PARENTERALES 
1.3.1. LÍQUIDOS

2. NO ESTERILES
2.1. REEMPAQUE: 
2.1.1. SÓLIDOS
2.2. REENVASE. 
2.2.1. LÍQUIDOS Y SÓLIDOS
2.3. PREPARACIONES MAGISTRALES
2.3.1. LÍQUIDOS, Y SEMISÓLIDOS.

NOTAS ACLARATORIAS:
1. PREPARACIÓN MAGISTRAL: ES EL PREPARADO O PRODUCTO FARMACÉUTICO PARA ATENDER UNA PRESCRIPCIÓN MÉDICA, DE UN PACIENTE INDIVIDUAL, QUE REQUIERE DE ALGÚN TIPO DE INTERVENCIÓN TÉCNICA DE VARIADA COMPLEJIDAD.
2. LA ADECUACIÓN Y AJUSTE DE CONCENTRACIONES DE MEDICAMENTOS ONCOLÓGICOS ES REALIZADA EN ÁREAS INDEPENDIENTES Y EXCLUSIVAS.
3. LA ADECUACIÓN Y AJUSTE DE CONCENTRACIONES DE MEDICAMENTOS NO ONCOLÓGICOS Y NUTRICIONES PARENTERALES ES REALIZADA EN ÁREAS INDEPENDIENTES Y EXCLUSIVAS.
4. LOS MEDICAMENTOS DE PARTIDA QUE VAN A SER SOMETIDOS A MEZCLA, ADECUACIONES Y AJUSTE DE CONCENTRACIONES CORRESPONDEN A FORMAS FARMACÉUTICAS SÓLIDAS Y LÍQUIDAS. LA PRESENTACIÓN FINAL ES EN BOLSAS, JERINGAS, FRASCOS E INFUSORES.
5. LOS PRODUCTOS ELABORADOS SÓLO PUEDEN SER COMERCIALIZADOS A TRAVÉS DE CONVENIOS O CONTRATOS ESTABLECIDOS CON OTROS ESTABLECIMIENTOS FARMACÉUTICOS AUTORIZADOS O SERVICIOS FARMACÉUTICOS HABILITADOS DE INSTITUCIONES PRESTADORAS DE SERVICIOS DE SALUD.
6. EL ANTERIOR CONCEPTO TÉCNICO AUTORIZA ÚNICAMENTE LOS PROCESOS Y LAS FORMAS FARMACÉUTICAS ANTERIORMENTE DESCRITAS, PARA MEDICAMENTOS QUE REQUIEREN Y NO REQUIEREN CADENA DE FRÍO CON EL FIN DE CUMPLIR CON LAS DOSIS PRESCRITAS. SE REFIERE A QUE DICHOS PROCESOS DEBEN CIRCUNSCRIBIRSE AL SISTEMA DE DISTRIBUCIÓN DE MEDICAMENTOS EN DOSIS UNITARIA.
7. CUALQUIER MODIFICACIÓN QUE SE HAGA EN LAS CONDICIONES EVALUADAS Y CERTIFICADAS DURANTE LA PRESENTE AUDITORIA, RESPECTO A EQUIPOS, ÁREAS, PROCESOS PRODUCTIVOS, PERSONAL TÉCNICO PRINCIPAL O DE LAS EMPRESAS CON LAS QUE SE CONTRATÓ LA REALIZACIÓN DE ACTIVIDADES CRÍTICAS DE PRODUCCIÓN Y CONTROL DE CALIDAD, DEBERÁN SER NOTIFICADAS AL INVIMA CON EL FIN DE QUE ÉSTE EVALÚE Y VERIFIQUE SI SE REQUIERE UNA VISITA DE AMPLIACIÓN O VERIFICACIÓN DEL CONCEPTO TÉCNICO EMITIDO, DE ACUERDO CON LAS DISPOSICIONES DE LA NORMATIVIDAD SANITARIA CORRESPONDIENTE, SO PENA DE LAS ACCIONES A QUE HAYA LUGAR.",2022-05-27T00:00:00.000,2027-07-11T00:00:00.000
1872S,ADMINISTRADORA COUNTRY S.A.S. establecimiento CLINICA DEL COUNTRY IPS,BOGOTA D.C.,BOGOTA D.C.,"Carrera 16 No. 82 – 57 de Bogotá, D.C.",Cumple,"CUMPLE CON LAS BUENAS PRACTICAS DE ELABORACION,  PARA LOS SIGUIENTES PROCESOS Y/O ACTIVIDADES:

1. ESTERILES
1.1. ADECUACION Y AJUSTE DE CONCENTRACIONES DE DOSIS DE MEDICAMENTOS ONCOLOGICOS 
1.1.1. LIQUIDOS
1.2. ADECUACION Y AJUSTE DE CONCENTRACIONES DE DOSIS DE MEDICAMENTOS NO  ONCOLÓGICOS 
1.2.1. LIQUIDOS
1.3. PREPARACION DE NUTRICIONES PARENTERALES. 
1.3.1. LIQUIDOS
1.4.REENVASE DE MEDICAMENTOS
1.4.1.LIQUIDOS

2. NO ESTERILES
2.1. PREPARACIONES MAGISTRALES 
2.1.1. LIQUIDOS

NOTAS ACLARATORIAS:

1. PREPARACION MAGISTRAL: ES EL PREPARADO O PRODUCTO FARMACEUTICO PARA ATENDER UNA PRESCRIPCION MEDICA, DE UN PACIENTE INDIVIDUAL, QUE REQUIERE DE ALGUN TIPO DE INTERVENCION TECNICA DE VARIADA COMPLEJIDAD.
2. LA ADECUACION Y AJUSTE DE CONCENTRACIONES DE MEDICAMENTOS ESTERILES ONCOLOGICOS, ESTERILES NO ONCOLOGICOS Y NUTRICIONES PARENTERALES ES REALIZADA EN AREAS INDEPENDIENTES Y EXCLUSIVAS.
3. LOS MEDICAMENTOS DE PARTIDA QUE VAN A SER SOMETIDOS A MEZCLA, ADECUACIONES Y AJUSTE DE CONCENTRACIONES DE DOSIS CORRESPONDEN A FORMAS FARMACEUTICAS SOLIDAS Y LIQUIDAS. LA PRESENTACION FINAL ES EN BOLSAS, JERINGAS, INFUSORES Y BURETROLES.
4. LOS PRODUCTOS ELABORADOS SOLO PUEDEN SER COMERCIALIZADOS A TRAVES DE CONVENIOS O CONTRATOS ESTABLECIDOS CON OTROS ESTABLECIMIENTOS FARMACEUTICOS AUTORIZADOS O SERVICIOS FARMACEUTICOS HABILITADOS DE INSTITUCIONES PRESTADORAS DE SERVICIOS DE SALUD.
5. EL ANTERIOR CONCEPTO TECNICO AUTORIZA UNICAMENTE LOS PROCESOS Y LAS FORMAS FARMACEUTICAS ANTERIORMENTE DESCRITAS, PARA MEDICAMENTOS QUE REQUIEREN Y NO REQUIEREN CADENA DE FRIO CON EL FIN DE CUMPLIR CON LAS DOSIS PRESCRITAS. SE REFIERE A QUE DICHOS PROCESOS DEBEN CIRCUNSCRIBIRSE AL SISTEMA DE DISTRIBUCION DE MEDICAMENTOS EN DOSIS UNITARIA.
6. TODO CAMBIO CRITICO QUE SE HAGA Y AFECTE LAS CONDICIONES EVALUADAS Y CERTIFICADAS DURANTE LA PRESENTE AUDITORIA, RESPECTO A EQUIPOS, AREAS, PROCESOS PRODUCTIVOS, PERSONAL TECNICO PRINCIPAL O DE LAS EMPRESAS CON LAS QUE SE CONTRATO LA REALIZACION DE ACTIVIDADES DE PRODUCCION Y CONTROL DE CALIDAD, DEBERAN SER NOTIFICADOS AL INVIMA CON EL FIN DE QUE ESTE EVALUE Y VERIFIQUE SI SE REQUIERE UNA VISITA DE AMPLIACION O VERIFICACION DEL CONCEPTO TECNICO EMITIDO, DE ACUERDO CON LAS DISPOSICIONES DE LA NORMATIVIDAD SANITARIA CORRESPONDIENTE, SO PENA DE LAS ACCIONES A QUE HAYA LUGAR.",2024-07-22T00:00:00.000,2029-08-28T00:00:00.000
1739S,CLINICA CARDIO VID,MEDELLIN,ANTIOQUIA,Calle 78B Nro. 75-21 Sector del Robledo,Cumple,"CUMPLE CON LAS BUENAS PRACTICAS DE ELABORACION POR LO TANTO, SE RENUEVA EL CONCEPTO TECNICO PARA LOS SIGUIENTES PROCESOS Y/O ACTIVIDADES:
 
1. NO ESTERILES
1.1 REEMPAQUE DE MEDICAMENTOS 
1.1.2 SOLIDOS

NOTAS ACLARATORIAS:
1. PREPARACION MAGISTRAL: ES EL PREPARADO O PRODUCTO FARMACEUTICO PARA ATENDER UNA PRESCRIPCION MEDICA, DE UN PACIENTE INDIVIDUAL, QUE REQUIERE DE ALGUN TIPO DE INTERVENCION TECNICA DE VARIADA COMPLEJIDAD.
2. LOS PRODUCTOS ELABORADOS SOLO PUEDEN SER COMERCIALIZADOS A TRAVES DE CONVENIOS O CONTRATOS ESTABLECIDOS CON OTROS ESTABLECIMIENTOS FARMACEUTICOS AUTORIZADOS O SERVICIOS FARMACEUTICOS HABILITADOS DE INSTITUCIONES PRESTADORAS DE SERVICIOS DE SALUD.
3. EL ANTERIOR CONCEPTO TECNICO AUTORIZA UNICAMENTE LOS PROCESOS Y LAS FORMAS FARMACEUTICAS ANTERIORMENTE DESCRITAS, CON EL FIN DE CUMPLIR CON LAS DOSIS PRESCRITAS. SE REFIERE A QUE DICHOS PROCESOS DEBEN CIRCUNSCRIBIRSE AL SISTEMA DE DISTRIBUCION DE MEDICAMENTOS EN DOSIS UNITARIA.
4. TODO CAMBIO CRITICO QUE SE HAGA Y AFECTE LAS CONDICIONES EVALUADAS Y CERTIFICADAS DURANTE LA PRESENTE AUDITORIA, RESPECTO A EQUIPOS, AREAS, PROCESOS PRODUCTIVOS, PERSONAL TECNICO PRINCIPAL (DIRECTOR TECNICO) O DE LAS EMPRESAS CON LAS QUE SE CONTRATO LA REALIZACION DE ACTIVIDADES DE PRODUCCION Y CONTROL DE CALIDAD, DEBERAN SER NOTIFICADOS AL INVIMA CON EL FIN DE QUE ESTE EVALUE Y VERIFIQUE SI SE REQUIERE UNA VISITA DE AMPLIACION O VERIFICACION DEL CONCEPTO TECNICO EMITIDO, DE ACUERDO CON LAS DISPOSICIONES DE LA NORMATIVIDAD SANITARIA CORRESPONDIENTE, SO PENA  DE LAS ACCIONES A QUE HAYA LUGAR.",2023-08-28T00:00:00.000,2028-09-21T00:00:00.000
1740S,AUDIFARMA CAM BARRANQUILLA,BARRANQUILLA,ATLANTICO,CARRERA 50 Nro: 80-81,Cumple,"CUMPLE CON LAS BUENAS PRACTICAS DE ELABORACION PARA LOS SIGUIENTES PROCESOS Y/O ACTIVIDADES:

1. ESTERILES
1.1. ADECUACION Y AJUSTE DE CONCENTRACIONES DE DOSIS DE MEDICAMENTOS ONCOLOGICOS
1.1.1. LIQUIDOS
1.2. ADECUACION Y AJUSTE DE CONCENTRACIONES DE DOSIS DE MEDICAMENTOS NO ONCOLOGICOS 
1.2.1. LIQUIDOS
1.3.  PREPARACION DE NUTRICIONES PARENTERALES    
1.3.1. LIQUIDOS


NOTAS ACLARATORIAS:
11. LA ADECUACIÓN Y AJUSTE DE CONCENTRACIONES DE MEDICAMENTOS ONCOLÓGICOS, ES REALIZADA EN ÁREAS INDEPENDIENTES Y EXCLUSIVAS.
2. LA ADECUACIÓN Y AJUSTE DE CONCENTRACIONES DE MEDICAMENTOS NO ONCOLÓGICOS Y NUTRICIONES PARENTERALES ES REALIZADA EN ÁREAS INDEPENDIENTES Y EXCLUSIVAS.
3. LOS MEDICAMENTOS DE PARTIDA QUE VAN A SER SOMETIDOS A MEZCLA, ADECUACIONES Y AJUSTE DE CONCENTRACIONES CORRESPONDEN A FORMAS FARMACÉUTICAS SÓLIDAS Y LÍQUIDAS. LA PRESENTACIÓN FINAL ES EN BOLSAS O JERINGAS.
4. LOS PRODUCTOS ELABORADOS SOLO PUEDEN SER COMERCIALIZADOS A TRAVÉS DE CONVENIOS O CONTRATOS ESTABLECIDOS CON OTROS ESTABLECIMIENTOS FARMACÉUTICOS AUTORIZADOS O SERVICIOS FARMACÉUTICOS HABILITADOS DE INSTITUCIONES PRESTADORAS DEL SERVICIO DE SALUD.
5. EL ANTERIOR CONCEPTO TÉCNICO AUTORIZA ÚNICAMENTE LOS PROCESOS Y LAS FORMAS FARMACÉUTICAS ANTERIORMENTE DESCRITAS, PARA MEDICAMENTOS QUE REQUIEREN Y NO REQUIEREN CADENA DE FRÍO CON EL FIN DE CUMPLIR CON LAS DOSIS PRESCRITAS. SE REFIERE A QUE DICHOS PROCESOS DEBEN CIRCUNSCRIBIRSE AL SISTEMA DE DISTRIBUCIÓN DE MEDICAMENTOS EN DOSIS UNITARIA. 
6. CUALQUIER MODIFICACIÓN QUE SE HAGA EN LAS CONDICIONES EVALUADAS Y CERTIFICADAS DURANTE LA PRESENTE AUDITORIA, RESPECTO A EQUIPOS, ÁREAS, PROCESOS PRODUCTIVOS, PERSONAL TÉCNICO PRINCIPAL (DIRECTOR TÉCNICO) O DE LAS EMPRESAS CON LAS QUE SE CONTRATÓ LA REALIZACIÓN DE ACTIVIDADES CRÍTICAS DE PRODUCCIÓN Y CONTROL DE CALIDAD, DEBERÁN SER NOTIFICADAS AL INVIMA CON EL FIN DE QUE ÉSTE EVALÚE Y VERIFIQUE SI SE REQUIERE UNA VISITA DE AMPLIACIÓN O VERIFICACIÓN DEL CONCEPTO TÉCNICO EMITIDO, DE ACUERDO CON LAS DISPOSICIONES DE LA NORMATIVIDAD SANITARIA CORRESPONDIENTE, SO PENA DE LAS ACCIONES A QUE HAYA LUGAR.",2023-12-11T00:00:00.000,2028-12-29T00:00:00.000
1741S,ONCOMEDICAL IPS S.A.S.,CUCUTA,NORTE DE SANTANDER,"ONCOMEDICAL IPS S.A.S UBICADA EN LA AVENIDA 1 NO. 15-43, CENTRO MÉDICO DE ESPECIALISTAS JERICO PISO 2 Y 3, BARRIO COMERCIAL LA PLAYA",Cumple,"CUMPLE CON LAS BUENAS PRACTICAS DE ELABORACION PARA LOS SIGUIENTES PROCESOS Y/O ACTIVIDADES:
1. ESTÉRILES 
1.1 ADECUACIÓN Y AJUSTE DE CONCENTRACIONES DE DOSIS DE MEDICAMENTOS ONCOLÓGICOS:LÍQUIDOS
1.2 ADECUACIÓN Y AJUSTE DE CONCENTRACIONES DE DOSIS DE MEDICAMENTOS NO ONCOLÓGICOS: LÍQUIDOS
1.3 PREPARACIÓN DE NUTRICIONES PARENTERALES: LÍQUIDOS
2.     NO ESTÉRILES
2.1 REEMPAQUE DE MEDICAMENTOS: SÓLIDOS.


3. NOTAS ACLARATORIAS:
3.1. PREPARACIÓN MAGISTRAL: ES EL PREPARADO O PRODUCTO FARMACÉUTICO PARA ATENDER UNA PRESCRIPCIÓN MÉDICA, DE UN PACIENTE INDIVIDUAL, QUE REQUIERE DE ALGÚN TIPO DE INTERVENCIÓN TÉCNICA DE VARIADA COMPLEJIDAD.
3.2. LA ADECUACIÓN Y AJUSTE DE CONCENTRACIONES DE MEDICAMENTOS ONCOLÓGICOS ES REALIZADA EN ÁREAS INDEPENDIENTES Y EXCLUSIVAS.
3.3. LA ADECUACIÓN Y AJUSTE DE CONCENTRACIONES DE MEDICAMENTOS NO ONCOLÓGICOS Y NUTRICIONES PARENTERALES ES REALIZADA EN ÁREAS INDEPENDIENTES Y EXCLUSIVAS.
3.4. EL ANTERIOR CONCEPTO TÉCNICO AUTORIZA ÚNICAMENTE LOS PROCESOS Y LAS FORMAS FARMACÉUTICAS ANTERIORMENTE DESCRITAS, PARA MEDICAMENTOS QUE REQUIEREN Y NO REQUIEREN CADENA DE FRÍO CON EL FIN DE CUMPLIR CON LAS 
DOSIS PRESCRITAS. SE REFIERE A QUE DICHOS PROCESOS DEBEN CIRCUNSCRIBIRSE AL SISTEMA DE DISTRIBUCIÓN DE MEDICAMENTOS EN DOSIS UNITARIA.
3.5. LOS MEDICAMENTOS DE PARTIDA QUE VAN A SER SOMETIDOS A MEZCLA, ADECUACIONES Y AJUSTE DE CONCENTRACIONES CORRESPONDEN A FORMAS FARMACÉUTICAS SÓLIDAS Y LÍQUIDAS. LA PRESENTACIÓN FINAL ES EN BOLSAS Y JERINGAS.
3.6. EL ANTERIOR CONCEPTO TÉCNICO, AUTORIZA ÚNICAMENTE LOS PROCESOS Y LAS FORMAS FARMACÉUTICAS ANTERIORMENTE DESCRITAS.
3.7. TODO CAMBIO CRÍTICO QUE SE HAGA Y AFECTE LAS CONDICIONES EVALUADAS Y CERTIFICADAS DURANTE LA PRESENTE AUDITORIA, RESPECTO A EQUIPOS, ÁREAS, PROCESOS PRODUCTIVOS, PERSONAL TÉCNICO PRINCIPAL O DE LAS EMPRESAS CON LAS QUE SE CONTRATÓ LA REALIZACIÓN DE ACTIVIDADES DE PRODUCCIÓN Y CONTROL DE CALIDAD, DEBERÁN SER NOTIFICADOS AL INVIMA CON EL FIN DE QUE ÉSTE EVALÚE Y VERIFIQUE SI SE REQUIERE UNA VISITA DE AMPLIACIÓN O VERIFICACIÓN DEL CONCEPTO TÉCNICO EMITIDO, DE ACUERDO CON LAS DISPOSICIONES DE LA NORMATIVIDAD SANITARIA CORRESPONDIENTE, SO PENA DE LAS ACCIONES A QUE HAYA LUGAR.",2023-01-01T00:00:00.000,2028-03-06T00:00:00.000
1744S,CLINICA DE LA COSTA LTDA.,BARRANQUILLA,ATLANTICO,Carrera 50 Nro. 80-90,Cumple,"CUMPLE CON LAS BUENAS PRÁCTICAS DE ELABORACION, POR LO TANTO SE RENUEVA Y AMPLÍA EL CONCEPTO TÉCNICO PARA LOS SIGUIENTES PROCESOS Y/O ACTIVIDADES:

1. ESTÉRILES
1.1. ADECUACIÓN Y AJUSTE DE CONCENTRACIONES DE DOSIS DE MEDICAMENTOS ONCOLÓGICOS
1.1.1. LÍQUIDOS
1.2. ADECUACIÓN Y AJUSTE DE CONCENTRACIONES DE DOSIS DE MEDICAMENTOS NO ONCOLÓGICOS
1.2.1. LÍQUIDOS
1.3. PREPARACIÓN DE NUTRICIONES PARENTERALES    
1.3.1. LÍQUIDOS 

2. NO ESTERILES
2.1. REEMPAQUE
2.1.1. SÓLIDOS
2.2. REENVASE
2.2.1. LÍQUIDOS Y SÓLIDOS
2.3. PREPARACIONES MAGISTRALES
2.3.1.LÍQUIDAS

NOTAS ACLARATORIAS:
1.PREPARACIÓN MAGISTRAL. ES EL PREPARADO O PRODUCTO FARMACÉUTICO PARA ATENDER UNA PRESCRIPCIÓN MÉDICA, DE UN PACIENTE INDIVIDUAL, QUE REQUIERE DE ALGÚN TIPO DE INTERVENCIÓN TÉCNICA DE VARIADA COMPLEJIDAD.
2.LA ADECUACIÓN Y AJUSTE DE CONCENTRACIONES DE MEDICAMENTOS ONCOLÓGICOS ES REALIZADA EN ÁREAS INDEPENDIENTES Y EXCLUSIVAS.
3.LA ADECUACIÓN Y AJUSTE DE CONCENTRACIONES DE MEDICAMENTOS NO ONCOLÓGICOS Y NUTRICIONES PARENTERALES ES REALIZADA EN ÁREAS INDEPENDIENTES Y EXCLUSIVAS.
4.EL ANTERIOR CONCEPTO TÉCNICO AUTORIZA ÚNICAMENTE LOS PROCESOS Y LAS FORMAS FARMACÉUTICAS ANTERIORMENTE DESCRITAS, PARA MEDICAMENTOS QUE REQUIEREN Y NO REQUIEREN CADENA DE FRÍO CON EL FIN DE CUMPLIR CON LAS DOSIS PRESCRITAS. SE REFIERE A QUE DICHOS PROCESOS DEBEN CIRCUNSCRIBIRSE AL SISTEMA DE DISTRIBUCIÓN DE MEDICAMENTOS EN DOSIS UNITARIA.
5.LOS MEDICAMENTOS DE PARTIDA QUE VAN A SER SOMETIDOS A MEZCLA, ADECUACIONES Y AJUSTE DE CONCENTRACIONES CORRESPONDEN A FORMAS FARMACÉUTICAS SÓLIDAS Y LÍQUIDAS. LA PRESENTACIÓN FINAL ES EN BOLSAS, BURETROLES O JERINGAS.
6.LOS PRODUCTOS ELABORADOS SÓLO PUEDEN SER COMERCIALIZADOS A TRAVÉS DE CONVENIOS O CONTRATOS ESTABLECIDOS CON OTROS ESTABLECIMIENTOS FARMACÉUTICOS AUTORIZADOS O SERVICIOS FARMACÉUTICOS HABILITADOS DE INSTITUCIONES PRESTADORAS DE SERVICIOS DE SALUD.
7.EL ANTERIOR CONCEPTO TÉCNICO, AUTORIZA ÚNICAMENTE LOS PROCESOS Y LAS FORMAS FARMACÉUTICAS ANTERIORMENTE DESCRITAS.
8.TODO CAMBIO CRÍTICO QUE SE HAGA Y AFECTE LAS CONDICIONES EVALUADAS Y CERTIFICADAS DURANTE LA PRESENTE AUDITORIA, RESPECTO A EQUIPOS, ÁREAS, PROCESOS PRODUCTIVOS, PERSONAL PRINCIPAL (DIRECTOR TÉCNICO) O DE LAS EMPRESAS CON LAS QUE SE CONTRATÓ LA REALIZACIÓN DE ACTIVIDADES DE PRODUCCIÓN Y CONTROL DE CALIDAD, DEBERÁN SER NOTIFICADOS AL INVIMA CON EL FIN DE QUE ÉSTE EVALÚE Y VERIFIQUE SI SE REQUIERE UNA VISITA DE AMPLIACIÓN O VERIFICACIÓN DEL CONCEPTO TÉCNICO EMITIDO, DE ACUERDO CON LAS DISPOSICIONES DE LA NORMATIVIDAD SANITARIA CORRESPONDIENTE, SO PENA  DE LAS ACCIONES A QUE HAYA LUGAR.",2024-07-03T00:00:00.000,2027-06-23T00:00:00.000
1325S,PROMOTORA MEDICA LAS AMERICAS S.A. - CLINICA LAS AMERICAS,MEDELLIN,ANTIOQUIA,"Diagonal 75 B Nro. 2 A 80-140, Medellín - Antioquia",Cumple,"CUMPLE CON LAS BUENAS PRACTICAS DE ELABORACION PARA LOS SIGUIENTES PROCESOS Y/O ACTIVIDADES:

1. ESTERILES
1.1. ADECUACION Y AJUSTE DE CONCENTRACIONES DE DOSIS DE MEDICAMENTOS ONCOLOGICOS
1.1.1. LIQUIDOS 

1.2.ADECUACION Y AJUSTE DE CONCENTRACIONES DE DOSIS DE MEDICAMENTOS NO ONCOLOGICOS 
1.2.1. LIQUIDOS

1.3. PREPARACION DE NUTRICIONES PARENTERALES   
1.3.1. LIQUIDOS
 
1.4. REENVASE  
1.4.1. LIQUIDOS

2. NO ESTERILES
2.1. REEEMPAQUE DE MEDICAMENTOS 
2.1.1. SOLIDOS

2.2. REENVASE DE MEDICAMENTOS 
2.2.1. SOLIDOS Y LIQUIDOS

2.3. PREPARACIONES MAGISTRALES 
2.3.1. SOLIDOS Y LIQUIDOS

NOTAS ACLARATORIAS:
1. PREPARACION MAGISTRAL: ES EL PREPARADO O PRODUCTO FARMACEUTICO PARA ATENDER UNA PRESCRIPCION MEDICA, DE UN PACIENTE INDIVIDUAL, QUE REQUIERE DE ALGUN TIPO DE INTERVENCION TECNICA DE VARIADA COMPLEJIDAD.
2. LA ADECUACION Y AJUSTE DE CONCENTRACIONES DE MEDICAMENTOS ONCOLOGICOS ES REALIZADA EN AREAS INDEPENDIENTES Y EXCLUSIVAS.
3. LA ADECUACION Y AJUSTE DE CONCENTRACIONES DE MEDICAMENTOS NO ONCOLOGICOS Y NUTRICIONES PARENTERALES ES REALIZADA EN AREAS INDEPENDIENTES Y EXCLUSIVAS.
4. EL ANTERIOR CONCEPTO TECNICO AUTORIZA UNICAMENTE LOS PROCESOS Y LAS FORMAS FARMACEUTICAS ANTERIORMENTE DESCRITAS, PARA MEDICAMENTOS QUE REQUIEREN Y NO REQUIEREN CADENA DE FRIO CON EL FIN DE CUMPLIR CON LAS DOSIS PRESCRITAS. SE REFIERE A QUE DICHOS PROCESOS DEBEN CIRCUNSCRIBIRSE AL SISTEMA DE DISTRIBUCION DE MEDICAMENTOS EN DOSIS UNITARIA.
5. LOS MEDICAMENTOS DE PARTIDA QUE VAN A SER SOMETIDOS A MEZCLA, ADECUACIONES Y AJUSTE DE CONCENTRACIONES CORRESPONDEN A FORMAS FARMACEUTICAS SOLIDAS Y LIQUIDAS. LA PRESENTACION FINAL ES EN BOLSAS, MINIBOLSAS, INFUSORES O JERINGAS.
6. LOS PRODUCTOS ELABORADOS SOLO PUEDEN SER COMERCIALIZADOS A TRAVES DE CONVENIOS O CONTRATOS ESTABLECIDOS CON OTROS ESTABLECIMIENTOS FARMACEUTICOS AUTORIZADOS O SERVICIOS FARMACEUTICOS HABILITADOS DE INSTITUCIONES PRESTADORAS DE SERVICIOS DE SALUD.
7. TODO CAMBIO CRITICO QUE SE HAGA Y AFECTE LAS CONDICIONES EVALUADAS Y CERTIFICADAS DURANTE LA PRESENTE AUDITORIA, RESPECTO A EQUIPOS, AREAS, PROCESOS PRODUCTIVOS, PERSONAL PRINCIPAL (DIRECTOR TECNICO) O DE LAS EMPRESAS CON LAS QUE SE CONTRATO LA REALIZACION DE ACTIVIDADES DE PRODUCCION Y CONTROL DE CALIDAD, DEBERAN SER NOTIFICADOS AL INVIMA CON EL FIN DE QUE ESTE EVALUE Y VERIFIQUE SI SE REQUIERE UNA VISITA DE AMPLIACION O VERIFICACION DEL CONCEPTO TECNICO EMITIDO, DE ACUERDO CON LAS DISPOSICIONES DE LA NORMATIVIDAD SANITARIA CORRESPONDIENTE, SO PENA  DE LAS ACCIONES A QUE HAYA LUGAR.",2023-05-25T00:00:00.000,2028-07-04T00:00:00.000
1746S,CENTRO MÉDICO EXCELSIOR S.A.S.,BARRANQUILLA,ATLANTICO,Carrera 51 B Nro. 82-197,Cumple,"CUMPLE CON LAS BUENAS PRACTICAS DE ELABORACION PARA LOS SIGUIENTES PROCESOS Y/O ACTIVIDADES:

1. ESTERILES
1.1. ADECUACION Y AJUSTE DE CONCENTRACIONES DE DOSIS DE MEDICAMENTOS ONCOLOGICOS
1.1.1. LIQUIDOS

NOTAS ACLARATORIAS:
1.PREPARACION MAGISTRAL ES EL PREPARADO O PRODUCTO FARMACEUTICO PARA ATENDER UNA PRESCRIPCION MEDICA, DE UN PACIENTE INDIVIDUAL, QUE REQUIERE DE ALGUN TIPO DE INTERVENCION TECNICA DE VARIADA COMPLEJIDAD.
2.LA ADECUACION Y AJUSTE DE CONCENTRACIONES DE MEDICAMENTOS ONCOLOGICOS ES REALIZADA EN AREAS INDEPENDIENTES Y EXCLUSIVAS.
3.EL ANTERIOR CONCEPTO TECNICO AUTORIZA UNICAMENTE LOS PROCESOS Y LAS FORMAS FARMACEUTICAS ANTERIORMENTE DESCRITAS, PARA MEDICAMENTOS QUE REQUIEREN Y NO REQUIEREN CADENA DE FRIO CON EL FIN DE CUMPLIR CON LAS DOSIS PRESCRITAS. SE REFIERE A QUE DICHOS PROCESOS DEBEN CIRCUNSCRIBIRSE AL SISTEMA DE DISTRIBUCION DE MEDICAMENTOS EN DOSIS UNITARIA.
4.LOS MEDICAMENTOS DE PARTIDA QUE VAN A SER SOMETIDOS A MEZCLA, ADECUACIONES Y AJUSTE DE CONCENTRACIONES CORRESPONDEN A FORMAS FARMACEUTICAS SOLIDAS Y LIQUIDAS. LA PRESENTACION FINAL ES EN BOLSAS, BURETROLES O JERINGAS.
5.LOS PRODUCTOS ELABORADOS SOLO PUEDEN SER COMERCIALIZADOS A TRAVES DE CONVENIOS O CONTRATOS ESTABLECIDOS CON OTROS ESTABLECIMIENTOS FARMACEUTICOS AUTORIZADOS O SERVICIOS FARMACEUTICOS HABILITADOS DE INSTITUCIONES PRESTADORAS DE SERVICIOS DE SALUD.
6.TODO CAMBIO CRITICO QUE SE HAGA Y AFECTE LAS CONDICIONES EVALUADAS Y CERTIFICADAS DURANTE LA PRESENTE AUDITORIA, RESPECTO A EQUIPOS, AREAS, PROCESOS PRODUCTIVOS, PERSONAL TECNICO PRINCIPAL  (DIRECTOR TECNICO) O DE LAS EMPRESAS CON LAS QUE SE CONTRATO LA REALIZACION DE ACTIVIDADES DE PRODUCCION Y CONTROL DE CALIDAD, DEBERAN SER NOTIFICADOS AL INVIMA CON EL FIN DE QUE ESTE EVALUE Y VERIFIQUE SI SE REQUIERE UNA VISITA DE AMPLIACION O VERIFICACION DEL CONCEPTO TECNICO EMITIDO, DE ACUERDO CON LAS DISPOSICIONES DE LA NORMATIVIDAD SANITARIA CORRESPONDIENTE, SO PENA DE LAS ACCIONES A QUE HAYA LUGAR.",2023-12-20T00:00:00.000,2029-01-31T00:00:00.000
1770S,AL PHARMA S.A.S. – CENTRAL DE MEZCLAS COLSUBSIDIO ROMA,BOGOTA D.C.,BOGOTA D.C.,Calle 53 Sur No. 79D - 71,PENDIENTE INSPECCION,"CUMPLE CON LAS BUENAS PRACTICAS DE ELABORACION PARA LOS  SIGUIENTES PROCESOS Y/O ACTIVIDADES:

1. ESTERILES
1.1. NUTRICIONES PARENTERALES: 
1.1.1. LIQUIDOS.
1.2. ADECUACION Y AJUSTE DE CONCENTRACIONES DE DOSIS DE MEDICAMENTOS NO ONCOLOGICOS
1.2.1.  LIQUIDOS
1.3. AADECUACION Y AJUSTE DE CONCENTRACIONES DE DOSIS DE MEDICAMENTOS ONCOLOGICOS:
1.3.1. LIQUIDOS 

2. NO ESTERILES
2.1. ELABORACION DE PREPARACIONES MAGISTRALES 
2.1.1. LIQUIDOS: SOLUCIONES, EMULSIONES Y SUSPENSIONES
2.2. RE ENVASE DE MEDICAMENTOS:
2.2.1. LIQUIDOS
2.2.2. SOLIDOS.

NOTAS ACLARATORIAS:
1. PREPARACION MAGISTRAL: ES EL PREPARADO O PRODUCTO FARMACEUTICO PARA ATENDER UNA PRESCRIPCION MEDICA, DE UN PACIENTE INDIVIDUAL, QUE REQUIERE DE ALGUN TIPO DE INTERVENCION TECNICA DE VARIADA COMPLEJIDAD.
2. LA ADECUACION Y AJUSTE DE CONCENTRACIONES DE MEDICAMENTOS ONCOLOGICOS ES REALIZADA EN AREAS INDEPENDIENTES Y EXCLUSIVAS.
3. LA ADECUACION Y AJUSTE DE CONCENTRACIONES DE MEDICAMENTOS NO ONCOLOGICOS Y NUTRICIONES PARENTERALES ES REALIZADA EN AREAS INDEPENDIENTES Y EXCLUSIVAS.
4. EL ANTERIOR CONCEPTO TECNICO AUTORIZA UNICAMENTE LOS PROCESOS Y LAS FORMAS FARMACEUTICAS ANTERIORMENTE DESCRITAS, PARA MEDICAMENTOS QUE REQUIEREN Y NO REQUIEREN CADENA DE FRIO CON EL FIN DE CUMPLIR CON LAS DOSIS PRESCRITAS. SE REFIERE A QUE DICHOS PROCESOS DEBEN CIRCUNSCRIBIRSE AL SISTEMA DE DISTRIBUCION DE MEDICAMENTOS EN DOSIS UNITARIA.
5. LOS MEDICAMENTOS DE PARTIDA QUE VAN A SER SOMETIDOS A MEZCLA, ADECUACIONES Y AJUSTE DE CONCENTRACIONES CORRESPONDEN A FORMAS FARMACEUTICAS SOLIDAS Y LIQUIDAS. LA PRESENTACION FINAL ES EN BOLSAS, INFUSORES, BURETROLES O JERINGAS.
6. LOS PRODUCTOS ELABORADOS SOLO PUEDEN SER COMERCIALIZADOS A TRAVES DE CONVENIOS O CONTRATOS ESTABLECIDOS CON OTROS ESTABLECIMIENTOS FARMACEUTICOS AUTORIZADOS O SERVICIOS FARMACEUTICOS HABILITADOS DE INSTITUCIONES PRESTADORAS DE SERVICIOS DE SALUD.
7. EL ANTERIOR CONCEPTO TECNICO, AUTORIZA UNICAMENTE LOS PROCESOS Y LAS FORMAS FARMACEUTICAS ANTERIORMENTE DESCRITAS.
8. CUALQUIER MODIFICACION QUE SE HAGA EN LAS CONDICIONES EVALUADAS Y CERTIFICADAS DURANTE LA PRESENTE AUDITORIA, RESPECTO A EQUIPOS, AREAS, PROCESOS PRODUCTIVOS, PERSONAL TECNICO PRINCIPAL O DE LAS EMPRESAS CON LAS QUE SE CONTRATO LA REALIZACION DE ACTIVIDADES CRITICAS DE PRODUCCION Y CONTROL DE CALIDAD, DEBERAN SER NOTIFICADAS AL INVIMA CON EL FIN DE QUE ESTE EVALUE Y VERIFIQUE SI SE REQUIERE UNA VISITA DE AMPLIACION O VERIFICACION DEL CONCEPTO TECNICO EMITIDO, DE ACUERDO CON LAS DISPOSICIONES DE LA NORMATIVIDAD SANITARIA CORRESPONDIENTE, SO PENA  DE LAS ACCIONES A QUE HAYA LUGAR.",2021-03-01T00:00:00.000,2026-04-07T00:00:00.000
2274S,AL PHARMA S.A.S.,BOGOTA,BOGOTA D.C.,Avenida Calle 116 Nro. 70C-12,Cumple,"CUMPLE CON LAS BUENAS PRACTICAS DE ELABORACION PARA LOS SIGUIENTES PROCESOS Y/O ACTIVIDADES
1. ESTERILES
1.1. ADECUACION Y AJUSTE DE CONCENTRACIONES DE DOSIS DE MEDICAMENTOS ONCOLOGICOS 
1.1.1. LIQUIDOS 
1.2. ADECUACION Y AJUSTE DE CONCENTRACIONES DE DOSIS DE MEDICAMENTOS NO ONCOLOGICOS 
1.2.1. LIQUIDOS
1.3. PREPARACION DE NUTRICIONES PARENTERALES    
1.3.1. LIQUIDOS 
2. NO ESTERILES
2.1. REEMPAQUE DE MEDICAMENTOS. 
2.1.1. SOLIDOS.
2.2. PREPARACIONES MAGISTRALES LIQUIDOS 
2.2.1. SOLUCIONES Y SUSPENSIONES
2.3. PREPARACIONES MAGISTRALES (DERIVADOS DE CANNABIS) 
2.3.1. LIQUIDOS
2.3.1.1. SOLUCIONES

NOTAS ACLARATORIAS:
1. PREPARACION MAGISTRAL: ES EL PREPARADO O PRODUCTO FARMACEUTICO PARA ATENDER UNA PRESCRIPCION MEDICA, DE UN PACIENTE INDIVIDUAL, QUE REQUIERE DE ALGUN TIPO DE INTERVENCION TECNICA DE VARIADA COMPLEJIDAD.
2. LA ADECUACION Y AJUSTE DE CONCENTRACIONES DE MEDICAMENTOS ONCOLOGICOS ES REALIZADA EN AREAS INDEPENDIENTES Y EXCLUSIVAS.
3. LA ADECUACION Y AJUSTE DE CONCENTRACIONES DE MEDICAMENTOS NO ONCOLOGICOS Y NUTRICIONES PARENTERALES ES REALIZADA EN AREAS INDEPENDIENTES Y EXCLUSIVAS.
4. EL ANTERIOR CONCEPTO TECNICO AUTORIZA UNICAMENTE LOS PROCESOS Y LAS FORMAS FARMACEUTICAS ANTERIORMENTE DESCRITAS, PARA MEDICAMENTOS QUE REQUIEREN Y NO REQUIEREN CADENA DE FRIO CON EL FIN DE CUMPLIR CON LAS DOSIS PRESCRITAS. SE REFIERE A QUE DICHOS PROCESOS DEBEN CIRCUNSCRIBIRSE AL SISTEMA DE DISTRIBUCION DE MEDICAMENTOS EN DOSIS UNITARIA.
5. LOS MEDICAMENTOS DE PARTIDA QUE VAN A SER SOMETIDOS A MEZCLA, ADECUACIONES Y AJUSTE DE CONCENTRACIONES CORRESPONDEN A FORMAS FARMACEUTICAS SOLIDAS Y LIQUIDAS. LA PRESENTACION FINAL ES EN BOLSAS, MINIBOLSAS, INFUSORES O JERINGAS.
6. LOS PRODUCTOS ELABORADOS SOLO PUEDEN SER COMERCIALIZADOS A TRAVES DE CONVENIOS O CONTRATOS ESTABLECIDOS CON OTROS ESTABLECIMIENTOS FARMACEUTICOS AUTORIZADOS O SERVICIOS FARMACEUTICOS HABILITADOS DE INSTITUCIONES PRESTADORAS DE SERVICIOS DE SALUD.
7. EL ANTERIOR CONCEPTO TECNICO, AUTORIZA UNICAMENTE LOS PROCESOS Y LAS FORMAS FARMACEUTICAS ANTERIORMENTE DESCRITAS.
8. SI SE CAMBIA EL PROVEEDOR DE EXTRACTOS DE CANNABIS SE DEBE INFORMAR AL INVIMA JUNTO CON LAS LICENCIAS DE AUTORIZACION PARA QUE SE VERIFIQUE SI REQUIERE O NO VISITA DE AMPLIACION.
9. TODO CAMBIO CRITICO QUE SE HAGA Y AFECTE LAS CONDICIONES EVALUADAS Y CERTIFICADAS DURANTE LA PRESENTE AUDITORIA, RESPECTO A EQUIPOS, AREAS, PROCESOS PRODUCTIVOS, PERSONAL TECNICO PRINCIPAL O DE LAS EMPRESAS CON LAS QUE SE CONTRATO LA REALIZACION DE ACTIVIDADES DE PRODUCCION Y CONTROL DE CALIDAD, DEBERAN SER NOTIFICADOS AL INVIMA CON EL FIN DE QUE ESTE EVALUE Y VERIFIQUE SI SE REQUIERE UNA VISITA DE AMPLIACION O VERIFICACION DEL CONCEPTO TECNICO EMITIDO, DE ACUERDO CON LAS DISPOSICIONES DE LA NORMATIVIDAD SANITARIA CORRESPONDIENTE, SO PENA  DE LAS ACCIONES A QUE HAYA LUGAR.",2022-09-22T00:00:00.000,2027-11-25T00:00:00.000
1771S,ASISFARMA SEVILLA MEDELLIN,MEDELLIN,ANTIOQUIA,Calle 67 A Nro. 51B-27 Barrio Sevilla,Cumple,"CUMPLE  CON LAS BUENAS PRACTICAS DE ELABORACION, POR LO TANTO SE RENUEVA EL CONCEPTO TECNICO, PARA LOS SIGUIENTES PROCESOS Y/O ACTIVIDADES:

1. ESTERILES 
1.1. ADECUACION Y AJUSTE DE CONCENTRACIONES DE DOSIS DE MEDICAMENTOS NO ONCOLOGICOS 
1.1.1. LIQUIDOS
1.2. ADECUACIÒN Y AJUSTE DE CONCENTRACIONES DE DOSIS DE MEDICAMENTOS ONCOLOGICOS
1.2.1. LIQUIDOS
1.3. PREPARACION DE NUTRICIONES PARENTERALES
1.3.1. LIQUIDOS
1.4. REENVASE DE MEDICAMENTOS
1.4.1. LIQUIDOS
1.5. REEMPAQUE DE MEDICAMENTOS 
1.5.1 LÍQUIDOS
1.5.2 SÓLIDOS (POLVO LIOFILIZADO)

2. NO ESTERILES
2.1REEMPAQUE DE MEDICAMENTOS
2.1.1SOLIDOS
2.2. REENVASE DE MEDICAMENTOS
2.2.1. LIQUIDOS
2.2.2. SOLIDOS
2.3. PREPARACIONES MAGISTRALES
2.3.1. LIQUIDOS (SOLUCIONES, EMULSIONES, SUSPENSIONES) 

NOTAS ACLARATORIAS:
1. PREPARACION MAGISTRAL: ES EL PREPARADO O PRODUCTO FARMACÉUTICO PARA ATENDER UNA PRESCRIPCION MEDICA, DE UN PACIENTE INDIVIDUAL, QUE REQUIERE DE ALGUN TIPO DE INTERVENCION TECNICA DE VARIADA COMPLEJIDAD
2. LA ADECUACION Y AJUSTE DE CONCENTRACIONES DE MEDICAMENTOS ONCOLOGICOS ES REALIZADA EN AREAS INDEPENDIENTES Y EXCLUSIVAS
3. LA ADECUACION Y AJUSTE DE CONCENTRACIONES DE MEDICAMENTOS NO ONCOLOGICOS Y NUTRICIONES PARENTERALES ES REALIZADA EN AREAS INDEPENDIENTES Y EXCLUSIVAS.
4. EL ANTERIOR CONCEPTO TECNICO AUTORIZA UNICAMENTE LOS PROCESOS Y LAS FORMAS FARMACEUTICAS ANTERIORMENTE DESCRITAS, PARA MEDICAMENTOS QUE REQUIEREN Y NO REQUIEREN CADENA DE FRIO CON EL FIN DE CUMPLIR CON LAS DOSIS PRESCRITAS. SE REFIERE A QUE DICHOS PROCESOS DEBEN CIRCUNSCRIBIRSE AL SISTEMA DE DISTRIBUCION DE MEDICAMENTOS EN DOSIS UNITARIA.
5. LOS MEDICAMENTOS DE PARTIDA QUE VAN A SER SOMETIDOS A MEZCLA, ADECUACIONES Y AJUSTE DE CONCENTRACIONES CORRESPONDEN A FORMAS FARMACEUTICAS SOLIDAS Y LIQUIDAS. LA PRESENTACIÓN FINAL ES EN BOLSAS, MINIBOLSAS, INFUSORES, JERINGAS Y FRASCOS GOTEROS
6. LOS MEDICAMENTOS ESTERILES DE PARTIDA QUE VAN A SER SOMETIDOS A REENVASE CORRESPONDEN A FORMAS FARMACEUTICAS LIQUIDAS. LA PRESENTACION FINAL ES EN JERINGAS.
7. EL PROCESO DE REEMPAQUE DE MEDICAMENTOS ESTERILES SOLIDOS (POLVO LIOFILIZADO) Y LIQUIDOS, SE BASA EN LA INCLUSION DE LA FORMA FARMACEUTICA A UNA BOLSA SIN INTERVENIR EN EL EMPAQUE PRIMARIO, ESTE PROCESO SE REALIZA EN EL AREA DE REEMPAQUE DE MEDICAMENTOS NO ESTERILES.
8.  LOS PRODUCTOS ELABORADOS SOLO PUEDEN SER COMERCIALIZADOS A TRAVES DE CONVENIOS O CONTRATOS ESTABLECIDOS CON OTROS ESTABLECIMIENTOS FARMACEUTICOS AUTORIZADOS O SERVICIOS FARMACEUTICOS HABILITADOS DE INSTITUCIONES PRESTADORAS DE SERVICIOS DE SALUD
9.  TODO CAMBIO CRITICO QUE SE HAGA Y AFECTE LAS CONDICIONES EVALUADAS Y CERTIFICADAS DURANTE LA PRESENTE AUDITORIA, RESPECTO A EQUIPOS, AREAS, PROCESOS PRODUCTIVOS, DIRECTOR TECNICO O DE LAS EMPRESAS CON LAS QUE SE CONTRATÓ LA REALIZACION DE ACTIVIDADES DE PRODUCCION Y CONTROL DE CALIDAD, DEBERAN SER NOTIFICADOS AL INVIMA CON EL FIN DE QUE ESTE EVALUE Y VERIFIQUE SI SE REQUIERE UNA VISITA DE AMPLIACION O VERIFICACION DEL CONCEPTO TECNICO EMITIDO, DE ACUERDO CON LAS DISPOSICIONES DE LA NORMATIVIDAD SANITARIA CORRESPONDIENTE, SO PENA DE LAS ACCIONES A QUE HAYA LUGAR",2023-10-13T00:00:00.000,2028-11-07T00:00:00.000
1774S,E.S.E. HOSPITAL UNIVERSITARIO DEL CARIBE,CARTAGENA,BOLIVAR,"Zaragocilla, Calle 29  No. 50-50",Cumple,"CUMPLE CON LAS BUENAS PRACTICAS DE ELABORACION, PARA LOS SIGUIENTES PROCESOS Y/O ACTIVIDADES:

1.     ESTERILES
1.1. ADECUACION Y AJUSTE DE CONCENTRACIONES DE DOSIS DE         MEDICAMENTOS ONCOLOGICOS: LIQUIDOS.
1.2. ADECUACION Y AJUSTE DE CONCENTRACIONES DE DOSIS DE          MEDICAMENTOS NO ONCOLOGICOS: LIQUIDOS.
1.3. PREPARACION DE NUTRICIONES PARENTERALES: LIQUIDOS

2.     NO ESTERILES
2.1.  REEMPAQUE DE MEDICAMENTOS: SOLIDOS
2.2.  REENVASE DE MEDICAMENTOS: LIQUIDOS Y SOLIDOS
2.3. PREPARACIONES MAGISTRALES: LIQUIDOS Y SEMISOLIDOS

NOTAS ACLARATORIAS:
1. PREPARACION MAGISTRAL: ES EL PREPARADO O PRODUCTO FARMACEUTICO PARA ATENDER UNA PRESCRIPCION MEDICA, DE UN PACIENTE INDIVIDUAL, QUE REQUIERE DE ALGUN TIPO DE INTERVENCION TECNICA DE VARIADA COMPLEJIDAD.
2. LA ADECUACION Y AJUSTE DE CONCENTRACIONES DE MEDICAMENTOS ONCOLOGICOS ES REALIZADA EN AREAS INDEPENDIENTES Y EXCLUSIVAS.
3. LA ADECUACION Y AJUSTE DE CONCENTRACIONES DE MEDICAMENTOS NO ONCOLOGICOS Y NUTRICIONES PARENTERALES ES REALIZADA EN AREAS INDEPENDIENTES Y EXCLUSIVAS.
4. LOS MEDICAMENTOS DE PARTIDA QUE VAN A SER SOMETIDOS A MEZCLA, ADECUACIONES Y AJUSTE DE CONCENTRACIONES DE DOSIS CORRESPONDEN A FORMAS FARMACEUTICAS SOLIDAS Y LIQUIDAS. LA PRESENTACION FINAL ES EN BOLSAS Y JERINGAS.
5. EL ANTERIOR CONCEPTO TECNICO AUTORIZA UNICAMENTE LOS PROCESOS Y LAS FORMAS FARMACEUTICAS ANTERIORMENTE DESCRITAS, PARA MEDICAMENTOS QUE REQUIEREN Y NO REQUIEREN CADENA DE FRIO CON EL FIN DE CUMPLIR CON LAS DOSIS PRESCRITAS. SE REFIERE A QUE DICHOS PROCESOS DEBEN CIRCUNSCRIBIRSE AL SISTEMA DE DISTRIBUCION DE MEDICAMENTOS EN DOSIS UNITARIA.
6. CUALQUIER MODIFICACION QUE SE HAGA EN LAS CONDICIONES EVALUADAS Y CERTIFICADAS DURANTE LA PRESENTE AUDITORIA, RESPECTO A EQUIPOS, AREAS, PROCESOS PRODUCTIVOS, PERSONAL TECNICO PRINCIPAL O DE LAS EMPRESAS CON LAS QUE SE CONTRATO LA REALIZACION DE ACTIVIDADES CRITICAS DE PRODUCCION Y CONTROL DE CALIDAD, DEBERAN SER NOTIFICADAS AL INVIMA CON EL FIN DE QUE ESTE EVALUE Y VERIFIQUE SI SE REQUIERE UNA VISITA DE AMPLIACION O VERIFICACION DEL CONCEPTO TECNICO EMITIDO, DE ACUERDO CON LAS DISPOSICIONES DE LA NORMATIVIDAD SANITARIA CORRESPONDIENTE, SO PENA DE LAS ACCIONES A QUE HAYA LUGAR.",2022-04-04T00:00:00.000,2027-05-13T00:00:00.000
1769S,CLINICA SAN JOSE DE CUCUTA S.A.,CUCUTA,NORTE DE SANTANDER,Calle 13 Nro. 1E-74 B Los Caobos,Cumple,"CUMPLE CON LAS BUENAS PRÁCTICAS DE ELABORACION, PARA LOS SIGUIENTES PROCESOS Y/O ACTIVIDADES:

1. ESTERILES: 
1.1. ADECUACIÓN Y AJUSTE DE CONCENTRACIONES DE DOSIS DE MEDICAMENTOS NO ONCOLÓGICOS : LIQUIDOS. 
1.1.2.  PREPARACION DE NUTRICIONES PARENTERALES: LIQUIDOS

2.  NO ESTERILES:
2.1   RE-EMPAQUE DE MEDICAMENTOS: SÓLIDOS

NOTAS ACLARATORIAS:
1. PREPARACIÓN MAGISTRAL: ES EL PREPARADO O PRODUCTO FARMACÉUTICO PARA ATENDER UNA PRESCRIPCIÓN MÉDICA, DE UN PACIENTE INDIVIDUAL, QUE REQUIERE DE ALGÚN TIPO DE INTERVENCIÓN TÉCNICA DE VARIADA COMPLEJIDAD. 
2. EL ANTERIOR CONCEPTO TÉCNICO, AUTORIZA ÚNICAMENTE LOS PROCESOS O ACTIVIDADES Y LAS FORMAS FARMACÉUTICAS ANTERIORMENTE DESCRITAS, LOS CUALES DEBEN CIRCUNSCRIBIRSE AL SISTEMA DE DISTRIBUCIÓN DE MEDICAMENTOS EN DOSIS UNITARIA.
3.TODO CAMBIO CRITICO QUE SE HAGA Y AFECTE LAS CONDICIONES EVALUADAS Y CERTIFICADAS DURANTE LA PRESENTE AUDITORIA RESPECTO A EQUIPOS, ÁREAS, PROCESOS PRODUCTIVOS, PERSONAL TÉCNICO PRINCIPAL (DIRECTOR TECNICO) O DE LAS EMPRESAS QUE SE CONTRATÓ LA REALIZACIÓN DE LAS ACTIVIDADES CRÍTICAS DE CONTROL DE CALIDAD Y PRODUCCIÓN, DEBERÁN SER NOTIFICADAS AL INVIMA CON EL FIN DE QUE SE EVALUÉ Y VERIFIQUE SI SE REQUIERE UNA VISITA DE AMPLIACIÓN O VERIFICACIÓN DEL CONCEPTO TÉCNICO EMITIDO, DE ACUERDO CON LAS DISPOSICIONES DE LA NORMATIVIDAD SANITARIA CORRESPONDIENTE, SO PENA DE LAS ACCIONES A QUE HAYA LUGAR.",2024-10-25T00:00:00.000,2029-11-20T00:00:00.000
1728S,UNIDOSSIS SANTANDER S.A.S.,BUCARAMANGA,SANTANDER,Calle 48 Nro. 25-56  piso 4  Clínica San Luis,Cumple,"CUMPLE CON LAS BUENAS PRÁCTICAS DE ELABORACION POR LO TANTO SE RENUEVA EL CONCEPTO TÉCNICO PARA LOS SIGUIENTES PROCESOS Y/O ACTIVIDADES:

1. ESTÉRILES
1.1.  ADECUACIÓN Y AJUSTE DE CONCENTRACIONES DE DOSIS DE MEDICAMENTOS ONCOLÓGICOS
1.1.1. LÍQUIDOS 
1.2.  ADECUACIÓN Y AJUSTE DE CONCENTRACIONES DE DOSIS DE MEDICAMENTOS NO ONCOLÓGICOS
1.2.1. LÍQUIDOS

1.3. ELABORACIÓN DE NUTRICIONES PARENTERALES 
1.3.1. LÍQUIDOS 
 
NOTAS ACLARATORIAS:
1. LA ADECUACIÓN Y AJUSTE DE CONCENTRACIONES DE MEDICAMENTOS ONCOLÓGICOS ES REALIZADA EN ÁREAS INDEPENDIENTES Y EXCLUSIVAS, DOTADA DE CABINA DE BIOSEGURIDAD.
2. LA ADECUACIÓN Y AJUSTE DE CONCENTRACIONES DE MEDICAMENTOS NO ONCOLÓGICOS Y NUTRICIONES PARENTERALES ES REALIZADA EN ÁREAS INDEPENDIENTES Y EXCLUSIVAS, DOTADAS DE CABINAS DE FLUJO LAMINAR VERTICAL RESPECTIVAMENTE.
3. LOS MEDICAMENTOS DE PARTIDA QUE VAN A SER SOMETIDOS A MEZCLA, ADECUACIONES Y AJUSTE DE CONCENTRACIONES CORRESPONDEN A FORMAS FARMACÉUTICAS SÓLIDAS Y LÍQUIDAS. LA PRESENTACIÓN FINAL ES EN BOLSAS O JERINGAS. 
4. LA PRESENTACIÓN FINAL DE LAS NUTRICIONES PARENTERALES ES BOLSAS.
5. LOS PRODUCTOS ELABORADOS SÓLO PUEDEN SER COMERCIALIZADOS A TRAVÉS DE CONVENIOS O CONTRATOS ESTABLECIDOS CON OTROS ESTABLECIMIENTOS FARMACÉUTICOS AUTORIZADOS O SERVICIOS FARMACÉUTICOS HABILITADOS DE INSTITUCIONES PRESTADORAS DE SERVICIOS DE SALUD.
6. EL ANTERIOR CONCEPTO TÉCNICO AUTORIZA ÚNICAMENTE LOS PROCESOS Y LAS FORMAS FARMACÉUTICAS ANTERIORMENTE DESCRITAS, PARA MEDICAMENTOS QUE REQUIEREN Y NO REQUIEREN CADENA DE FRÍO CON EL FIN DE CUMPLIR CON LAS DOSIS PRESCRITAS. SE REFIERE A QUE DICHOS PROCESOS DEBEN CIRCUNSCRIBIRSE AL SISTEMA DE DISTRIBUCIÓN DE MEDICAMENTOS EN DOSIS UNITARIA.
7. CUALQUIER MODIFICACIÓN QUE SE HAGA EN LAS CONDICIONES EVALUADAS Y CERTIFICADAS DURANTE LA PRESENTE AUDITORIA, RESPECTO A EQUIPOS, ÁREAS, PROCESOS PRODUCTIVOS, PERSONAL TÉCNICO PRINCIPAL O DE LAS EMPRESAS CON LAS QUE SE CONTRATÓ LA REALIZACIÓN DE ACTIVIDADES CRÍTICAS DE PRODUCCIÓN Y CONTROL DE CALIDAD, DEBERÁN SER NOTIFICADAS AL INVIMA CON EL FIN DE QUE ÉSTE EVALÚE Y VERIFIQUE SI SE REQUIERE UNA VISITA DE AMPLIACIÓN O VERIFICACIÓN DEL CONCEPTO TÉCNICO EMITIDO, DE ACUERDO CON LAS DISPOSICIONES DE LA NORMATIVIDAD SANITARIA CORRESPONDIENTE, SO PENA  DE LAS ACCIONES A QUE HAYA LUGAR.",2022-04-06T00:00:00.000,2027-05-13T00:00:00.000
1734S,"SOCIEDAD MEDICA RIONEGRO S.A. SOMER S.A., ESTABLECIMIENTO SOCIEDAD MEDICA RIONEGRO SOMER",RIONEGRO,ANTIOQUIA,CALLE 38 No. 54A-35,Cumple,"CUMPLE CON LAS BUENAS PRACTICAS DE ELABORACION PARA LOS SIGUIENTES PROCESOS Y/O ACTIVIDADES:

1. ESTERILES
1.1. ADECUACION Y AJUSTE DE CONCENTRACIONES DE DOSIS DE MEDICAMENTOS ONCOLOGICOS.
1.1.1. LIQUIDOS
1.2. ADECUACION Y AJUSTE DE CONCENTRACIONES DE DOSIS DE MEDICAMENTOS NO ONCOLOGICOS.
1.2.1. LIQUIDOS
1.3. PREPARACION DE NUTRICIONES PARENTERALES.
1.3.1. LIQUIDOS

2. NO ESTERILES
2.1. REEMPAQUE DE MEDICAMENTOS.
2.1.1. SOLIDOS
2.2. REENVASE DE MEDICAMENTOS.
2.2.1. LIQUIDOS Y SOLIDOS
2.2.2. SOLIDOS
2.3. PREPARACIONES MAGISTRALES
2.3.1. LIQUIDOS (SOLUCIONES Y SUSPENSIONES)


NOTAS ACLARATORIAS:
1. PREPARACION MAGISTRAL: ES EL PREPARADO O PRODUCTO FARMACEUTICO PARA ATENDER UNA PRESCRIPCION MEDICA, DE UN PACIENTE INDIVIDUAL, QUE REQUIERE DE ALGUN TIPO DE INTERVENCION TECNICA DE VARIADA COMPLEJIDAD.
2. LA ADECUACION Y AJUSTE DE CONCENTRACIONES DE MEDICAMENTOS NO ONCOLOGICOS, ONCOLOGICOS Y NUTRICIONES PARENTERALES ES REALIZADA EN AREAS INDEPENDIENTES Y EXCLUSIVAS DOTADAS DE AISLADORES ASEPTICOS.
3. LOS MEDICAMENTOS DE PARTIDA QUE VAN A SER SOMETIDOS A MEZCLA, ADECUACIONES Y AJUSTE DE CONCENTRACIONES CORRESPONDEN A FORMAS FARMACEUTICAS SOLIDAS Y LIQUIDAS. LA PRESENTACION FINAL ES EN BOLSAS, JERINGAS E INFUSORES.
4. LOS PRODUCTOS DE PARTIDA PARA LAS PREPARACIONES MAGISTRALES NO ESTERILES EN FORMA FARMACEUTICA LIQUIDOS, CORRESPONDEN A MEDICAMENTOS COMO PRODUCTOS TERMINADOS COMERCIALES Y MATERIAS PRIMAS.
5. LOS MEDICAMENTOS DE PARTIDA QUE VAN A SER SOMETIDOS A MEZCLA, ADECUACIONES Y AJUSTE DE CONCENTRACIONES CORRESPONDEN A FORMAS FARMACEUTICAS SOLIDAS Y LIQUIDAS. LA PRESENTACION FINAL ES EN BOLSAS Y JERINGAS.
6. LOS PRODUCTOS ELABORADOS SOLO PUEDEN SER COMERCIALIZADOS A TRAVES DE CONVENIOS O CONTRATOS ESTABLECIDOS CON OTROS ESTABLECIMIENTOS FARMACEUTICOS AUTORIZADOS O SERVICIOS FARMACEUTICOS HABILITADOS DE INSTITUCIONES PRESTADORAS DEL SERVICIO DE SALUD.
7. EL ANTERIOR CONCEPTO TECNICO AUTORIZA UNICAMENTE LOS PROCESOS Y LAS FORMAS FARMACEUTICAS ANTERIORMENTE DESCRITAS, PARA MEDICAMENTOS QUE REQUIEREN Y NO REQUIEREN CADENA DE FRIO CON EL FIN DE CUMPLIR CON LAS DOSIS PRESCRITAS. SE REFIERE A QUE DICHOS PROCESOS DEBEN CIRCUNSCRIBIRSE AL SISTEMA DE DISTRIBUCION DE MEDICAMENTOS EN DOSIS UNITARIA. 
8. TODO CAMBIO CRITICO QUE SE HAGA Y AFECTE LAS CONDICIONES EVALUADAS Y CERTIFICADAS DURANTE LA PRESENTE AUDITORIA, RESPECTO A EQUIPOS, AREAS, PROCESOS PRODUCTIVOS, PERSONAL TECNICO PRINCIPAL (DIRECCION TECNICA) O DE LAS EMPRESAS CON LAS QUE SE CONTRATO LA REALIZACION DE ACTIVIDADES DE PRODUCCION Y CONTROL DE CALIDAD, DEBERAN SER NOTIFICADOS AL INVIMA CON EL FIN DE QUE ESTE EVALUE Y VERIFIQUE SI SE REQUIERE UNA VISITA DE AMPLIACION O VERIFICACION DEL CONCEPTO TECNICO EMITIDO, DE ACUERDO CON LAS DISPOSICIONES DE LA NORMATIVIDAD SANITARIA CORRESPONDIENTE, SO PENA DE LAS ACCIONES A QUE HAYA LUGAR.",2026-02-03T00:00:00.000,2031-02-23T00:00:00.000
1736S,"GRUPO ONCOLOGICO INTERNACIONAL S.A., ESTABLECIMIENTO CLINICA DE ONCOLOGIA ASTORGA",MEDELLIN,ANTIOQUIA,Calle 8 No. 43C-55 POBLADO,Cumple,"CUMPLE CON LAS BUENAS PRACTICAS DE ELABORACION POR LO TANTO SE RENUEVA EL CONCEPTO TECNICO PARA LOS SIGUIENTES PROCESOS Y/O ACTIVIDADES:

1.          ESTERILES
1.1.      ADECUACION Y AJUSTE DE CONCENTRACIONES DE                            DOSIS DE MEDICAMENTOS NO ONCOLOGICOS
1.1.1.   LIQUIDOS

1.2.      ADECUACION Y AJUSTE DE CONCENTRACIONES DE DOSIS              DE MEDICAMENTOS ONCOLOGICOS
1.2.1.   LIQUIDOS

2.         NO ESTERILES
2.1.      REEMPAQUE DE MEDICAMENTOS
2.1.1.  SOLIDOS

NOTAS ACLARATORIAS:
1. PREPARACION MAGISTRAL: ES EL PREPARADO O PRODUCTO FARMACEUTICO PARA ATENDER UNA PRESCRIPCION MEDICA, DE UN PACIENTE INDIVIDUAL, QUE REQUIERE DE ALGUN TIPO DE INTERVENCION TECNICA DE VARIADA COMPLEJIDAD.
2. LA ADECUACION Y AJUSTE DE CONCENTRACIONES DE MEDICAMENTOS ONCOLOGICOS ES REALIZADA EN AREAS INDEPENDIENTES Y EXCLUSIVAS.
3. LA ADECUACION Y AJUSTE DE CONCENTRACIONES DE MEDICAMENTOS NO ONCOLOGICOS ES REALIZADA EN AREAS INDEPENDIENTES Y EXCLUSIVAS.
4. LOS MEDICAMENTOS DE PARTIDA QUE VAN A SER SOMETIDOS A ADECUACIONES Y AJUSTE DE CONCENTRACIONES CORRESPONDEN A FORMAS FARMACEUTICAS SOLIDAS Y LIQUIDAS ESTERILES. LA PRESENTACION FINAL ES EN BOLSAS, JERINGAS E INFUSORES.
5. LOS MEDICAMENTOS DE PARTIDA QUE VAN A SER SOMETIDOS A REEMPAQUE DE NO ESTERILES CORRESPONDEN A FORMAS FARMACEUTICAS SOLIDAS. LA PRESENTACION FINAL ES EN BOLSAS.
6. EL ANTERIOR CONCEPTO TECNICO AUTORIZA UNICAMENTE LOS PROCESOS Y LAS FORMAS FARMACEUTICAS ANTERIORMENTE DESCRITAS, PARA MEDICAMENTOS QUE REQUIEREN Y NO REQUIEREN CADENA DE FRIO CON EL FIN DE CUMPLIR CON LAS DOSIS PRESCRITAS. SE REFIERE A QUE DICHOS PROCESOS DEBEN CIRCUNSCRIBIRSE AL SISTEMA DE DISTRIBUCION DE MEDICAMENTOS EN DOSIS UNITARIA.
7. LOS PRODUCTOS ELABORADOS SOLO PUEDEN SER COMERCIALIZADOS A TRAVES DE CONVENIOS O CONTRATOS ESTABLECIDOS CON OTROS ESTABLECIMIENTOS FARMACEUTICOS AUTORIZADOS O SERVICIOS FARMACEUTICOS HABILITADOS DE INSTITUCIONES PRESTADORAS DE SERVICIOS DE SALUD.
8. TODO CAMBIO CRITICO QUE SE HAGA Y AFECTE LAS CONDICIONES EVALUADAS Y CERTIFICADAS DURANTE LA PRESENTE AUDITORIA, RESPECTO A EQUIPOS, AREAS, PROCESOS PRODUCTIVOS, PERSONAL TECNICO PRINCIPAL (DIRECCION TECNICA) O DE LAS EMPRESAS CON LAS QUE SE CONTRATO LA REALIZACION DE ACTIVIDADES DE PRODUCCION Y CONTROL DE CALIDAD, DEBERAN SER NOTIFICADOS AL INVIMA CON EL FIN DE QUE ESTE EVALUE Y VERIFIQUE SI SE REQUIERE UNA VISITA DE AMPLIACION O VERIFICACION DEL CONCEPTO TECNICO EMITIDO, DE ACUERDO CON LAS DISPOSICIONES DE LA NORMATIVIDAD SANITARIA CORRESPONDIENTE, SO PENA DE LAS ACCIONES A QUE HAYA LUGAR.",2023-10-06T00:00:00.000,2028-12-12T00:00:00.000
1501,DROGUERIAS Y FARMACIAS CRUZ VERDE S.A.S. ESTABLECIMIENTO CENTRAL DE PREPARACIONES ESTERILES,BOGOTA D.C.,BOGOTA D.C.,CARRERA 69 C No. 99-45,Cumple,"CUMPLE  CON LAS BUENAS PRÁCTICAS DE ELABORACION, PARA LOS SIGUIENTES PROCESOS Y/O ACTIVIDADES:

1. ESTÉRILES
1.1. ADECUACIÓN Y AJUSTE DE CONCENTRACIONES DE DOSIS DE MEDICAMENTOS ONCOLÓGICOS 
1.1.1. LÍQUIDOS
1.2. ADECUACIÓN Y AJUSTE DE CONCENTRACIONES DE DOSIS DE MEDICAMENTOS NO ONCOLÓGICOS 
1.2.1. LÍQUIDOS
1.3. PREPARACIÓN DE NUTRICIONES PARENTERALES. 
1.3.1. LÍQUIDOS
1.4. PREPARACIONES MAGISTRALES 
1.4.1. LÍQUIDOS (SOLUCIONES)

2. NO ESTÉRILES
2.1. PREPARACIONES MAGISTRALES 
2.1.1. LÍQUIDOS (SOLUCIONES Y SUSPENSIONES)
2.1.2. REENVASE DE MEDICAMENTOS : LIQUIDOS 

NOTAS ACLARATORIAS:

1. PREPARACION MAGISTRAL: ES EL PREPARADO O PRODUCTO FARMACEUTICO PARA ATENDER UNA PRESCRIPCION MEDICA, DE UN PACIENTE INDIVIDUAL, QUE REQUIERE DE ALGUN TIPO DE INTERVENCION TECNICA DE VARIADA COMPLEJIDAD. 
2. LA ADECUACION Y AJUSTE DE CONCENTRACIONES DE MEDICAMENTOS ONCOLOGICOS ES REALIZADA EN AREAS INDEPENDIENTES Y EXCLUSIVAS. 
3. LA ADECUACION Y AJUSTE DE CONCENTRACIONES DE MEDICAMENTOS NO ONCOLOGICOS Y NUTRICIONES PARENTERALES (MANUAL Y SEMIAUTOMATICO PINNACLE) ES REALIZADA EN AREAS INDEPENDIENTES Y EXCLUSIVAS. 
4. LOS MEDICAMENTOS DE PARTIDA QUE SON SOMETIDOS A MEZCLA, ADECUACIONES Y AJUSTE DE CONCENTRACIONES DE DOSIS CORRESPONDEN A FORMAS FARMACEUTICAS SOLIDAS Y LIQUIDAS. LA PRESENTACION FINAL ES EN BOLSAS, MINIBOLSAS, JERINGAS, BURETROLES E INFUSORES. 
5. EL ANTERIOR CONCEPTO TECNICO AUTORIZA UNICAMENTE LOS PROCESOS Y LAS FORMAS FARMACEUTICAS ANTERIORMENTE DESCRITAS, PARA MEDICAMENTOS QUE REQUIEREN Y NO REQUIEREN CADENA DE FRIO CON EL FIN DE CUMPLIR CON LAS DOSIS PRESCRITAS. SE REFIERE A QUE DICHOS PROCESOS DEBEN CIRCUNSCRIBIRSE AL SISTEMA DE DISTRIBUCION DE MEDICAMENTOS EN DOSIS UNITARIA.
6. LOS PRODUCTOS ELABORADOS SOLO PUEDEN SER COMERCIALIZADOS A TRAVES DE CONVENIOS O CONTRATOS ESTABLECIDOS CON OTROS ESTABLECIMIENTOS FARMACEUTICOS AUTORIZADOS O SERVICIOS FARMACEUTICOS HABILITADOS DE INSTITUCIONES PRESTADORAS DE SERVICIOS DE SALUD. 
7. TODO CAMBIO CRITICO QUE SE HAGA Y AFECTE LAS CONDICIONES EVALUADAS Y CERTIFICADAS DURANTE LA PRESENTE AUDITORIA, RESPECTO A EQUIPOS, AREAS, PROCESOS PRODUCTIVOS, PERSONAL TECNICO PRINCIPAL (DIRECTOR TECNICO), O DE LAS EMPRESAS CON LAS QUE SE CONTRATO LA REALIZACION DE ACTIVIDADES CRITICAS DE PRODUCCION Y CONTROL DE CALIDAD, DEBERAN SER NOTIFICADAS AL INVIMA CON EL FIN DE QUE ESTE EVALUE Y VERIFIQUE SI SE REQUIERE UNA VISITA DE AMPLIACION O VERIFICACION DEL CONCEPTO TECNICO EMITIDO, DE ACUERDO CON LAS DISPOSICIONES DE LA NORMATIVIDAD SANITARIA CORRESPONDIENTE, SO PENA DE LAS ACCIONES A QUE HAYA LUGAR",2025-03-07T00:00:00.000,2030-04-23T00:00:00.000
1738S,INSTITUTO DE CANCEROLOGIA S.A.S. establecimiento INSTITUTO DE CANCEROLOGIA,MEDELLIN,ANTIOQUIA,DIAGONAL 75B NRO 2A - 80/140,Cumple,"CUMPLE CON LAS BUENAS PRACTICAS DE ELABORACION, POR LO TANTO, SE RENUEVA EL CONCEPTO TECNICO PARA EL PROCESO O ACTIVIDAD Y FORMA FARMACEUTICA QUE SE RELACIONA A CONTINUACION:

1. ESTERILES
1.1. ADECUACION Y AJUSTE DE CONCENTRACIONES DE DOSIS DE MEDICAMENTOS ONCOLOGICOS
1.1.1. LIQUIDOS

NOTAS ACLARATORIAS:
1. PREPARACION MAGISTRAL: ES EL PREPARADO O PRODUCTO FARMACEUTICO PARA ATENDER UNA PRESCRIPCION MEDICA, DE UN PACIENTE INDIVIDUAL, QUE REQUIERE DE ALGUN TIPO DE INTERVENCION TECNICA DE VARIADA COMPLEJIDAD.
2. LA ADECUACION Y AJUSTE DE CONCENTRACIONES DE MEDICAMENTOS ONCOLOGICOS ES REALIZADA EN AREAS INDEPENDIENTES Y EXCLUSIVAS.
3. LOS MEDICAMENTOS DE PARTIDA QUE VAN A SER SOMETIDOS A MEZCLA, ADECUACIONES Y AJUSTE DE CONCENTRACIONES CORRESPONDEN A FORMAS FARMACEUTICAS SOLIDAS Y LIQUIDAS ESTERILES. LA PRESENTACION FINAL ES EN BOLSAS, JERINGAS E INFUSORES.
4. LOS PRODUCTOS ELABORADOS SOLO PUEDEN SER COMERCIALIZADOS A TRAVES DE CONVENIOS O CONTRATOS ESTABLECIDOS CON OTROS ESTABLECIMIENTOS FARMACEUTICOS AUTORIZADOS O SERVICIOS FARMACEUTICOS HABILITADOS DE INSTITUCIONES PRESTADORAS DE SERVICIOS DE SALUD.
5. EL ANTERIOR CONCEPTO TECNICO AUTORIZA UNICAMENTE LOS PROCESOS Y LAS FORMAS FARMACEUTICAS ANTERIORMENTE DESCRITAS, PARA MEDICAMENTOS QUE REQUIEREN Y NO REQUIEREN CADENA DE FRIO CON EL FIN DE CUMPLIR CON LAS DOSIS PRESCRITAS. SE REFIERE A QUE DICHOS PROCESOS DEBEN CIRCUNSCRIBIRSE AL SISTEMA DE DISTRIBUCION DE MEDICAMENTOS EN DOSIS UNITARIA.
6. TODO CAMBIO CRITICO QUE SE HAGA Y AFECTE LAS CONDICIONES EVALUADAS Y CERTIFICADAS DURANTE LA PRESENTE AUDITORIA, RESPECTO A EQUIPOS, AREAS, PROCESOS PRODUCTIVOS, PERSONAL TECNICO PRINCIPAL (DIRECTOR TECNICO) O DE LAS EMPRESAS CON LAS QUE SE CONTRATO LA REALIZACION DE ACTIVIDADES DE PRODUCCION Y CONTROL DE CALIDAD, DEBERAN SER NOTIFICADOS AL INVIMA CON EL FIN DE QUE ESTE EVALUE Y VERIFIQUE SI SE REQUIERE UNA VISITA DE AMPLIACION O VERIFICACION DEL CONCEPTO TECNICO EMITIDO, DE ACUERDO CON LAS DISPOSICIONES DE LA NORMATIVIDAD SANITARIA CORRESPONDIENTE, SO PENA DE LAS ACCIONES A QUE HAYA LUGAR.",2024-04-03T00:00:00.000,2029-04-29T00:00:00.000
1745S,ORGANIZACIÓN CLINICA BONNADONA PREVENIR S.A.S.,BARRANQUILLA,ATLANTICO,Carrera 49 C Nro. 82-70,Cumple,"CUMPLE CON LAS BUENAS PRÁCTICAS DE ELABORACIÓN PARA LOS SIGUIENTES PROCESOS Y/O ACTIVIDADES:
1. ESTÉRILES
1.1. ADECUACIÓN Y AJUSTE DE CONCENTRACIONES DE DOSIS DE MEDICAMENTOS ONCOLÓGICOS LÍQUIDOS
1.2. ADECUACIÓN Y AJUSTE DE CONCENTRACIONES DE DOSIS DE MEDICAMENTOS NO ONCOLÓGICOS LÍQUIDOS
1.3. PREPARACIÓN DE NUTRICIONES PARENTERALES LÍQUIDOS
2. NO ESTÉRILES
2.1. REEMPAQUE DE MEDICAMENTOS. SÓLIDOS.
2.2. REENVASE DE MEDICAMENTOS LÍQUIDOS Y SÓLIDOS.
NOTAS ACLARATORIAS:
1. PREPARACIÓN MAGISTRAL: ES EL PREPARADO O PRODUCTO FARMACÉUTICO PARA ATENDER UNA PRESCRIPCIÓN MÉDICA, DE UN PACIENTE INDIVIDUAL, QUE REQUIERE DE ALGÚN TIPO DE INTERVENCIÓN TÉCNICA DE VARIADA COMPLEJIDAD.
2. LA ADECUACIÓN Y AJUSTE DE CONCENTRACIONES DE MEDICAMENTOS ONCOLÓGICOS ES REALIZADA EN ÁREAS INDEPENDIENTES Y EXCLUSIVAS.
3. LA ADECUACIÓN Y AJUSTE DE CONCENTRACIONES DE MEDICAMENTOS NO ONCOLÓGICOS Y NUTRICIONES PARENTERALES ES REALIZADA EN ÁREAS INDEPENDIENTES Y EXCLUSIVAS.
4. EL ANTERIOR CONCEPTO TÉCNICO AUTORIZA ÚNICAMENTE LOS PROCESOS Y LAS FORMAS FARMACÉUTICAS ANTERIORMENTE DESCRITAS, PARA MEDICAMENTOS QUE REQUIEREN Y NO REQUIEREN CADENA DE FRÍO CON EL FIN DE CUMPLIR CON LAS DOSIS PRESCRITAS. SE REFIERE A QUE DICHOS PROCESOS DEBEN CIRCUNSCRIBIRSE AL SISTEMA DE DISTRIBUCIÓN DE MEDICAMENTOS EN DOSIS UNITARIA.
5. LOS MEDICAMENTOS DE PARTIDA QUE VAN A SER SOMETIDOS A MEZCLA, ADECUACIONES Y AJUSTE DE CONCENTRACIONES CORRESPONDEN A FORMAS FARMACÉUTICAS SÓLIDAS Y LÍQUIDAS. LA PRESENTACIÓN FINAL ES EN BOLSAS, BURETROLES O JERINGAS.
6. LOS PRODUCTOS ELABORADOS SÓLO PUEDEN SER COMERCIALIZADOS A TRAVÉS DE CONVENIOS O CONTRATOS ESTABLECIDOS CON OTROS ESTABLECIMIENTOS FARMACÉUTICOS AUTORIZADOS O SERVICIOS FARMACÉUTICOS HABILITADOS DE INSTITUCIONES PRESTADORAS DE SERVICIOS DE SALUD.
7. EL ANTERIOR CONCEPTO TÉCNICO, AUTORIZA ÚNICAMENTE LOS PROCESOS Y LAS FORMAS FARMACÉUTICAS ANTERIORMENTE DESCRITAS.
8. TODO CAMBIO CRÍTICO QUE SE HAGA Y AFECTE LAS CONDICIONES EVALUADAS Y CERTIFICADAS DURANTE LA PRESENTE AUDITORIA, RESPECTO A EQUIPOS, ÁREAS, PROCESOS PRODUCTIVOS, PERSONAL TÉCNICO PRINCIPAL O DE LAS EMPRESAS CON LAS QUE SE CONTRATÓ LA REALIZACIÓN DE ACTIVIDADES DE PRODUCCIÓN Y CONTROL DE CALIDAD, DEBERÁN SER NOTIFICADOS AL INVIMA CON EL FIN DE QUE ÉSTE EVALÚE Y VERIFIQUE SI SE REQUIERE UNA VISITA DE AMPLIACIÓN O VERIFICACIÓN DEL CONCEPTO TÉCNICO EMITIDO, DE ACUERDO CON LAS DISPOSICIONES DE LA NORMATIVIDAD SANITARIA CORRESPONDIENTE, SO PENA DE LAS ACCIONES A QUE HAYA LUGAR.",2022-09-02T00:00:00.000,2027-10-07T00:00:00.000
1782S,RADIO FARMACIA TRACERLAB S.A.S.,COTA,CUNDINAMARCA,"Autopista Medellín, Km 2.5 Vía
Siberia Entrada a Parcelas a 900 metros, CIEM OIKOS Occidente, Bodega 21 A y 22 A de Cota-Cundinamarca",Cumple,"CUMPLE CON LAS BUENAS PRACTICAS DE ELABORACIÓN DE RADIOFÁRMACOS - BPER PARA LOS SIGUIENTES PROCESOS Y/O ACTIVIDADES:
1. ESTERILES 
1.1. SINTESIS Y DOSIFICACION DE RADIOFARMACOS PET F-18.
1.1.1.  LIQUIDOS: SOLUCIONES Y SUSPENSIONES EN JERINGAS.
1.2.  PRODUCCION DE RADIOISÓTOPO F-18
1.2.1.  LIQUIDOS: SOLUCIONES VIALES.


NOTAS ACLARATORIAS:
1.PREPARACION MAGISTRAL: ES EL PREPARADO O PRODUCTO FARMACEUTICO PARA ATENDER UNA PRESCRIPCION MEDICA, DE UN PACIENTE INDIVIDUAL, QUE REQUIERE DE ALGUN TIPO DE INTERVENCION TECNICA DE VARIADA COMPLEJIDAD.
2.EL PRESENTE CONCEPTO INCLUYE LOS PROCESOS DE PRODUCCION DE RADIOISOTOPO F-18 Y RADIOFARMACOS CON POSTERIOR DOSIFICACION DE LOS RADIOFARMACOS DESCRITOS ANTERIORMENTE.
3.EL RADIOFARMACO SE ESTERILIZA POR FILTRACION ESTERILIZANTE Y LA DOSIFICACION SE REALIZA DE FORMA ASEPTICA.
4.EL ANTERIOR CONCEPTO TECNICO, AUTORIZA UNICAMENTE LOS PROCESOS Y LAS FORMAS FARMACEUTICAS ANTERIORMENTE DESCRITAS.
5.LOS PRODUCTOS ELABORADOS SOLO PUEDEN SER COMERCIALIZADOS A TRAVES DE CONVENIOS O CONTRATOS ESTABLECIDOS CON OTROS SERVICIOS FARMACEUTICOS HABILITADOS DE INSTITUCIONES PRESTADORAS DE SERVICIOS DE SALUD.
6.TODO CAMBIO CRITICO QUE SE HAGA Y AFECTE LAS CONDICIONES EVALUADAS Y CERTIFICADAS DURANTE LA PRESENTE AUDITORIA, RESPECTO A EQUIPOS, AREAS, PROCESOS PRODUCTIVOS, PERSONAL TECNICO PRINCIPAL (DIRECTOR TECNICO) O DE LAS EMPRESAS CON LAS QUE SE CONTRATO LA REALIZACION DE ACTIVIDADES DE PRODUCCION Y CONTROL DE CALIDAD, DEBERAN SER NOTIFICADOS AL INVIMA CON EL FIN DE QUE ESTE EVALUE Y VERIFIQUE SI SE REQUIERE UNA VISITA DE AMPLIACION O VERIFICACION DEL CONCEPTO TECNICO EMITIDO, DE ACUERDO CON LAS DISPOSICIONES DE LA NORMATIVIDAD SANITARIA CORRESPONDIENTE, SO PENA DE LAS ACCIONES A QUE HAYA LUGAR.",2023-11-16T00:00:00.000,2028-12-11T00:00:00.000
1568S,FUNDACIÓN HOSPITAL DE LA MISERICORDIA- HOMI,BOGOTA D.C.,BOGOTA D.C.,AVENIDA CARACAS Carrera 14  Nro. 1-65,Cumple,"CUMPLE CON LAS BUENAS PRACTICAS DE ELABORACION, POR LO TANTO SE RENUEVA EL CONCEPTO TECNICO, PARA LOS SIGUIENTES PROCESOS Y/O ACTIVIDADES:

1. ESTERILES

1.1. ADECUACION Y AJUSTE DE CONCENTRACIONES DE DOSIS DE MEDICAMENTOS ONCOLOGICOS 
1.1.1. LIQUIDOS
1.2. ADECUACION Y AJUSTE DE CONCENTRACIONES DE DOSIS DE MEDICAMENTOS NO ONCOLOGICOS
1.2.1. LIQUIDOS
1.3. PREPARACION DE NUTRICIONES PARENTERALES. 1.3.1. LIQUIDOS
1.4. RE-ENVASE DE MEDICAMENTOS 
1.4.1. LIQUIDOS

2. NO ESTERILES

2.1. PREPARACIONES MAGISTRALES 
2.1.1. LIQUIDOS
2.2. RE-EMPAQUE DE MEDICAMENTOS
2.2.1. SOLIDOS
2.3. RE-ENVASE DE MEDICAMENTOS
2.3.1. SOLIDOS

IGUALMENTE, SE AMPLIA EL CONCEPTO TECNICO EN CAPACIDAD INSTALADA PARA EL AREA DE REEMPAQUE DE MEDICAMENTOS NO ESTERILES EN FORMA FARMACEUTICA SOLIDOS, UBICADA EN EL EN EL PRIMER PISO DEL ALMACEN PRINCIPAL DEL EDIFICIO A.

NOTAS ACLARATORIAS:
1. PREPARACION MAGISTRAL: ES EL PREPARADO O PRODUCTO FARMACEUTICO PARA ATENDER UNA PRESCRIPCION MEDICA, DE UN PACIENTE INDIVIDUAL, QUE REQUIERE DE ALGUN TIPO DE INTERVENCION TECNICA DE VARIADA COMPLEJIDAD.
2. LA ADECUACION Y AJUSTE DE CONCENTRACIONES DE MEDICAMENTOS ONCOLOGICOS, ES REALIZADA EN AREAS INDEPENDIENTES Y EXCLUSIVAS.
3. LA ADECUACION Y AJUSTE DE CONCENTRACIONES DE MEDICAMENTOS NO ONCOLOGICOS Y NUTRICIONES PARENTERALES ES REALIZADA EN AREAS INDEPENDIENTES Y EXCLUSIVAS.
4. EL ANTERIOR CONCEPTO TECNICO AUTORIZA UNICAMENTE LOS PROCESOS Y LAS FORMAS FARMACEUTICAS ANTERIORMENTE DESCRITAS, PARA MEDICAMENTOS QUE REQUIEREN Y NO REQUIEREN CADENA DE FRIO CON EL FIN DE CUMPLIR CON LAS DOSIS PRESCRITAS. SE REFIERE A QUE DICHOS PROCESOS DEBEN CIRCUNSCRIBIRSE AL SISTEMA DE DISTRIBUCION DE MEDICAMENTOS EN DOSIS UNITARIA. 
5. LOS MEDICAMENTOS ESTERILES DE PARTIDA QUE VAN A SER SOMETIDOS A MEZCLA, ADECUACIONES Y AJUSTE DE CONCENTRACIONES CORRESPONDEN A FORMAS FARMACEUTICAS SOLIDAS Y LIQUIDAS. LA PRESENTACION FINAL ES EN BOLSAS O JERINGAS, ALGUNOS EN FRASCOS DE VIDRIO ESTERIL Y BOLSAS TIPO E.V.A., ESTOS ULTIMOS PARA ADECUACIONES DE MEDICAMENTOS ONCOLOGICOS.
6. LA PREPARACION DE MAGISTRALES NO ESTERILES FUE EVALUADA UNICAMENTE PARA LAS FORMAS FARMACEUTICAS LIQUIDAS EN SUSPENSION.
7. LA PRESENTACION FINAL DE LAS NUTRICIONES PARENTERALES ES EN BOLSAS TIPO E.V.A.
8. LOS MEDICAMENTOS DE PARTIDA QUE VAN A SER SOMETIDOS A RE-EMPAQUE Y RE-ENVASE DE NO ESTERILES CORRESPONDEN A FORMAS FARMACEUTICAS SOLIDAS. LA PRESENTACION FINAL ES EN BOLSAS.
9. TODO CAMBIO CRITICO QUE SE HAGA Y AFECTE LAS CONDICIONES EVALUADAS Y CERTIFICADAS DURANTE LA PRESENTE AUDITORIA, RESPECTO A EQUIPOS, AREAS, PROCESOS PRODUCTIVOS, PERSONAL TECNICO PRINCIPAL (DIRECTOR TECNICO) O DE LAS EMPRESAS CON LAS QUE SE CONTRATO LA REALIZACION DE ACTIVIDADES DE PRODUCCION Y CONTROL DE CALIDAD, DEBERAN SER NOTIFICADOS AL INVIMA CON EL FIN DE QUE ESTE EVALUE Y VERIFIQUE SI SE REQUIERE UNA VISITA DE AMPLIACIÓN O VERIFICACION DEL CONCEPTO TECNICO EMITIDO, DE ACUERDO CON LAS DISPOSICIONES DE LA NORMATIVIDAD SANITARIA CORRESPONDIENTE, SO PENA  DE LAS ACCIONES A QUE HAYA LUGAR.",2023-09-29T00:00:00.000,2028-10-26T00:00:00.000
1586S,COMUNIDAD DE HERMANAS DOMINICAS DE LA PRESENTACIÓN DE LA SANTISIMA VIRGEN DE TOURS PROVINCIA DE MEDELLÍN SEDE CENTRO,MEDELLIN,ANTIOQUIA,"Carrera 41 No. 62 – 05, Barrio Villa Hermosa",Cumple,"CUMPLE CON LAS BUENAS PRACTICAS DE ELABORACION PARA LOS SIGUIENTES PROCESOS Y/O ACTIVIDADES:

1. ESTERILES
1.1. ADECUACION Y AJUSTE DE CONCENTRACIONES DE                           DOSIS DE MEDICAMENTOS NO ONCOLOGICOS
1.1.1. LIQUIDOS
1.2.  PREPARACION DE NUTRICIONES PARENTERALES
1.2.1. LIQUIDOS

2. NO ESTERILES
2.1. REEMPAQUE DE MEDICAMENTOS.
2.1.1. SOLIDOS

NOTAS ACLARATORIAS:

1. PREPARACION MAGISTRAL: ES EL PREPARADO O PRODUCTO FARMACEUTICO PARA ATENDER UNA PRESCRIPCION MEDICA, DE UN PACIENTE INDIVIDUAL, QUE REQUIERE DE ALGUN TIPO DE INTERVENCION TECNICA DE VARIADA COMPLEJIDAD.
2. LA ADECUACION Y AJUSTE DE CONCENTRACIONES DE MEDICAMENTOS ESTERILES NO ONCOLOGICOS Y NUTRICIONES PARENTERALES ES REALIZADA EN AREAS INDEPENDIENTES Y EXCLUSIVAS.
3. LOS MEDICAMENTOS DE PARTIDA QUE VAN A SER SOMETIDOS A MEZCLA, ADECUACIONES Y AJUSTE DE CONCENTRACIONES DE DOSIS CORRESPONDEN A FORMAS FARMACEUTICAS SOLIDAS Y LIQUIDAS. LA PRESENTACION FINAL ES EN BOLSAS, MINI BOLSA O JERINGAS. 
4. LA PRESENTACION FINAL DE LAS NUTRICIONES PARENTERALES ES EN BOLSAS EVA 
5. LOS PRODUCTOS ELABORADOS SOLO PUEDEN SER COMERCIALIZADOS A TRAVES DE CONVENIOS O CONTRATOS ESTABLECIDOS CON OTROS ESTABLECIMIENTOS FARMACEUTICOS AUTORIZADOS O SERVICIOS FARMACEUTICOS HABILITADOS DE INSTITUCIONES PRESTADORAS DE SERVICIOS DE SALUD.
6. EL ANTERIOR CONCEPTO TECNICO AUTORIZA UNICAMENTE LOS PROCESOS Y LAS FORMAS FARMACEUTICAS ANTERIORMENTE DESCRITAS, PARA MEDICAMENTOS QUE REQUIEREN Y NO REQUIEREN CADENA DE FRIO CON EL FIN DE CUMPLIR CON LAS DOSIS PRESCRITAS. SE REFIERE A QUE DICHOS PROCESOS DEBEN CIRCUNSCRIBIRSE AL SISTEMA DE DISTRIBUCION DE MEDICAMENTOS EN DOSIS UNITARIA.
7. TODO CAMBIO CRITICO QUE SE HAGA Y AFECTE LAS CONDICIONES EVALUADAS Y CERTIFICADAS DURANTE LA PRESENTE AUDITORIA, RESPECTO A EQUIPOS, AREAS, PROCESOS PRODUCTIVOS, PERSONAL TECNICO PRINCIPAL (DIRECTOR TECNICO) O DE LAS EMPRESAS CON LAS QUE SE CONTRATO LA REALIZACION DE ACTIVIDADES DE PRODUCCION Y CONTROL DE CALIDAD, DEBERAN SER NOTIFICADOS AL INVIMA CON EL FIN DE QUE ESTE EVALUE Y VERIFIQUE SI SE REQUIERE UNA VISITA DE AMPLIACION O VERIFICACION DEL CONCEPTO TECNICO EMITIDO, DE ACUERDO CON LAS DISPOSICIONES DE LA NORMATIVIDAD SANITARIA CORRESPONDIENTE, SO PENA DE LAS ACCIONES A QUE HAYA LUGAR.",2025-12-22T00:00:00.000,2031-01-29T00:00:00.000
1632S,HOSPITAL UNIVERSITARIO FUNDACION SANTA FE DE BOGOTA,BOGOTA D.C.,BOGOTA D.C.,CALLE 119 Nro: 7-75 Bogotá,Cumple,"CUMPLE CON LAS BUENAS PRÁCTICAS DE ELABORACIÓN PARA LOS SIGUIENTES PROCESOS Y/O ACTIVIDADES:

1. ESTERILES
1.1. ADECUACION Y AJUSTE DE CONCENTRACIONES DE DOSIS DE MEDICAMENTOS ONCOLOGICOS 
1.1.1. LIQUIDOS 

1.2. ADECUACION Y AJUSTE DE CONCENTRACIONES DE DOSIS DE MEDICAMENTOS NO ONCOLÓGICOS
1.2.1. LIQUIDOS

1.3. PREPARACION DE NUTRICIONES PARENTERALES
1.3.1. LIQUIDOS

2. NO ESTERILES
2.1. REEMPAQUE DE MEDICAMENTOS
2.1.1.LIQUIDOS 
2.1.2. SOLIDOS

2.2. REENVASE  DE MEDICAMENTO
2.2.1. LIQUIDOS 
2.2.2. SOLIDOS

2.3. PREPARACION DE MAGISTRALES
2.3.1.  LIQUIDOS 
2.3.2. SUSPENSIONES

NOTAS ACLARATORIAS:
1.PREPARACION MAGISTRAL: ES EL PREPARADO O PRODUCTO FARMACEUTICO PARA ATENDER UNA PRESCRIPCION MEDICA, DE UN PACIENTE INDIVIDUAL, QUE REQUIERE DE ALGÚN TIPO DE INTERVENCION TECNICA DE VARIADA COMPLEJIDAD.
2.LA ADECUACION Y AJUSTE DE CONCENTRACIONES DE MEDICAMENTOS ONCOLÓGICOS ES REALIZADA EN ÁREAS INDEPENDIENTES Y EXCLUSIVAS.
3.LA ADECUACION Y AJUSTE DE CONCENTRACIONES DE MEDICAMENTOS NO ONCOLÓGICOS Y NUTRICIONES PARENTERALES ES REALIZADA EN ÁREAS INDEPENDIENTES Y EXCLUSIVAS.
4.EL ANTERIOR CONCEPTO TECNICO AUTORIZA UNICAMENTE LOS PROCESOS Y LAS FORMAS FARMACEUTICAS ANTERIORMENTE DESCRITAS, PARA MEDICAMENTOS QUE REQUIEREN Y NO REQUIEREN CADENA DE FRÍO CON EL FIN DE CUMPLIR CON LAS DOSIS PRESCRITAS. SE REFIERE A QUE DICHOS PROCESOS DEBEN CIRCUNSCRIBIRSE AL SISTEMA DE DISTRIBUCION DE MEDICAMENTOS EN DOSIS UNITARIA.
5.LOS MEDICAMENTOS ESTERILES DE PARTIDA QUE VAN A SER SOMETIDOS A MEZCLA, ADECUACIONES Y AJUSTE DE CONCENTRACIONES CORRESPONDEN A FORMAS FARMACEUTICAS SOLIDAS Y LIQUIDAS. LA PRESENTACION FINAL ES EN BOLSAS, MINIBOLSAS, INFUSORES O JERINGAS.
6. LOS PRODUCTOS ELABORADOS SÓLO PUEDEN SER COMERCIALIZADOS A TRAVÉS DE CONVENIOS O CONTRATOS ESTABLECIDOS CON OTROS ESTABLECIMIENTOS FARMACÉUTICOS AUTORIZADOS O SERVICIOS FARMACÉUTICOS HABILITADOS DE INSTITUCIONES PRESTADORAS DE SERVICIOS DE SALUD.
7. CUALQUIER MODIFICACION QUE SE HAGA EN LAS CONDICIONES EVALUADAS Y CERTIFICADAS DURANTE LA PRESENTE AUDITORIA, RESPECTO A EQUIPOS, ÁREAS, PROCESOS PRODUCTIVOS, PERSONAL TÉCNICO PRINCIPAL O DE LAS EMPRESAS CON LAS QUE SE CONTRATO LA REALIZACION DE ACTIVIDADES CRÍTICAS DE PRODUCCION Y CONTROL DE CALIDAD, DEBERAN SER NOTIFICADAS AL INVIMA CON EL FIN DE QUE ÉSTE EVALUE Y VERIFIQUE SI SE REQUIERE UNA VISITA DE AMPLIACION O VERIFICACION DEL CONCEPTO TECNICO EMITIDO, DE ACUERDO CON LAS DISPOSICIONES DE LA NORMATIVIDAD SANITARIA CORRESPONDIENTE, SO PENA  DE LAS ACCIONES A QUE HAYA LUGAR.",2021-09-01T00:00:00.000,2026-09-30T00:00:00.000
1633S,HOSPITAL CARDIOVASCULAR DE CUNDINAMARCA SA (ANTES UT HOSPITAL CARDIOVASCULAR DEL NIÑO DE CUNDINAMARCA),SOACHA,CUNDINAMARCA,Carrera 4 Este Nro. 31-88 de Soacha Cundinamarca,Cumple,"CUMPLE CON LAS BUENAS PRACTICAS DE ELABORACION PARA LOS SIGUIENTES PROCESOS Y/O ACTIVIDADES:

1. ESTERILES
1.1. ADECUACION Y AJUSTE DE CONCENTRACIONES DE DOSIS DE MEDICAMENTOS ONCOLOGICOS
1.1.1. LIQUIDOS
1.2. ADECUACION Y AJUSTE DE CONCENTRACIONES DE DOSIS DE MEDICAMENTOS NO ONCOLOGICOS
1.2.1. LIQUIDOS
1.3. PREPARACION DE NUTRICIONES PARENTERALES
1.3.1. LIQUIDOS

2. NO ESTERILES
2.1. PREPARACIONES MAGISTRALES
2.1.1. LIQUIDOS (SUSPENSIONES)
2.2. REENVASE DE MEDICAMENTOS
2.2.1. SOLIDOS (TABLETAS, CAPSULAS DURAS DE GELATINA)
2.2.2. LIQUIDOS
2.3. REEMPAQUE DE MEDICAMENTOS
2.3.1. SOLIDOS (TABLETAS, CAPSULAS DURAS DE GELATINA).

NOTAS ACLARATORIAS:
1. LA ADECUACION Y AJUSTE DE CONCENTRACIONES DE MEDICAMENTOS ONCOLOGICOS ES REALIZADA EN AREAS INDEPENDIENTES Y EXCLUSIVAS.
2. LA ADECUACION Y AJUSTE DE CONCENTRACIONES DE MEDICAMENTOS NO ONCOLOGICOS Y NUTRICIONES PARENTERALES ES REALIZADA EN AREAS INDEPENDIENTES Y EXCLUSIVAS.
3. EL ANTERIOR CONCEPTO TECNICO AUTORIZA UNICAMENTE LOS PROCESOS Y LAS FORMAS FARMACEUTICAS ANTERIORMENTE DESCRITAS, PARA MEDICAMENTOS QUE REQUIEREN Y NO REQUIEREN CADENA DE FRIO CON EL FIN DE CUMPLIR CON LAS DOSIS PRESCRITAS. SE REFIERE A QUE DICHOS PROCESOS DEBEN CIRCUNSCRIBIRSE AL SISTEMA DE DISTRIBUCION DE MEDICAMENTOS EN DOSIS UNITARIA.
4. LOS MEDICAMENTOS DE PARTIDA QUE VAN A SER SOMETIDOS A MEZCLA, ADECUACIONES Y AJUSTE DE CONCENTRACIONES ESTERILES Y/O ONCOLOGICAS CORRESPONDEN A FORMAS FARMACEUTICAS SOLIDAS Y LIQUIDAS. LA PRESENTACION FINAL ES EN BOLSAS.
5. LOS MEDICAMENTOS DE PARTIDA QUE VAN A SER SOMETIDOS A REEMPAQUE CORRESPONDEN A FORMAS FARMACEUTICAS SOLIDAS. LA PRESENTACION FINAL ES EN CUNA PREFORMADA.
6. LOS MEDICAMENTOS DE PARTIDA QUE VAN A SER SOMETIDOS A REENVASE CORRESPONDEN A FORMAS FARMACEUTICAS SOLIDAS Y LIQUIDAS. LA PRESENTACION FINAL ES EN CUNA PREFORMADA Y FRASCO RESPECTIVAMENTE.
7. LAS PREPARACIONES MAGISTRALES NO ESTERILES CORRESPONDEN A FORMAS FARMACEUTICAS LIQUIDAS (SUSPENSIONES). LA PRESENTACION FINAL ES EN FRASCO.
8. LOS PRODUCTOS ELABORADOS SOLO PUEDEN SER COMERCIALIZADOS A TRAVES DE CONVENIOS O CONTRATOS ESTABLECIDOS CON OTROS ESTABLECIMIENTOS FARMACEUTICOS AUTORIZADOS O SERVICIOS FARMACEUTICOS HABILITADOS DE INSTITUCIONES PRESTADORAS DE SERVICIOS DE SALUD.
9. EL ANTERIOR CONCEPTO TECNICO, AUTORIZA UNICAMENTE LOS PROCESOS Y LAS FORMAS FARMACEUTICAS ANTERIORMENTE DESCRITAS.
10. TODO CAMBIO CRITICO QUE SE HAGA Y AFECTE LAS CONDICIONES EVALUADAS Y CERTIFICADAS DURANTE LA PRESENTE AUDITORIA, RESPECTO A EQUIPOS, AREAS, PROCESOS PRODUCTIVOS, PERSONAL TECNICO PRINCIPAL O DE LAS EMPRESAS CON LAS QUE SE CONTRATO LA REALIZACION DE ACTIVIDADES DE PRODUCCION Y CONTROL DE CALIDAD, DEBERAN SER NOTIFICADOS AL INVIMA CON EL FIN DE QUE ESTE EVALUE Y VERIFIQUE SI SE REQUIERE UNA VISITA DE AMPLIACION O VERIFICACION DEL CONCEPTO TECNICO EMITIDO, DE ACUERDO CON LAS DISPOSICIONES DE LA NORMATIVIDAD SANITARIA CORRESPONDIENTE, SO PENA  DE LAS ACCIONES A QUE HAYA LUGAR.",2023-10-31T00:00:00.000,2028-12-13T00:00:00.000
1386S,HOSPITAL INFANTIL LOS ANGELES,PASTO,NARIÑO,Carrera 32 No 21A-30,Cumple,"CUMPLE CON LAS BUENAS PRACTICAS DE ELABORACION, POR LO TANTO SE RENUEVA EL CONCEPTO TÉCNICO PARA LOS SIGUIENTES PROCESOS Y/O ACTIVIDADES:

1. ESTERILES
1.1. ADECUACION Y AJUSTE DE CONCENTRACIONES DE DOSIS DE MEDICAMENTOS NO ONCOLOGICOS
1.1.1. LIQUIDOS
1.2. ADECUACION Y AJUSTE DE CONCENTRACIONES DE DOSIS DE MEDICAMENTOS ONCOLOGICOS
1.2.1. LIQUIDOS
1.3. PREPARACION DE NUTRICIONES PARENTERALES.
1.3.1. LIQUIDOS

2. NO ESTERILES
2.1. REEMPAQUE DE MEDICAMENTOS.
2.1.1. SOLIDOS
2.2. REENVASE DE MEDICAMENTOS
2.2.1. SOLIDOS Y LIQUIDOS 
2.3. PREPARACIONES MAGISTRALES
2.3.1. LIQUIDOS (SOLUCIONES Y SUSPENSIONES)

NOTAS ACLARATORIAS:
1. PREPARACION MAGISTRAL: ES EL PREPARADO O PRODUCTO FARMACEUTICO PARA ATENDER UNA PRESCRIPCION MEDICA, DE UN PACIENTE INDIVIDUAL, QUE REQUIERE DE ALGUN TIPO DE INTERVENCION TECNICA DE VARIADA COMPLEJIDAD.
2. LA ADECUACION Y AJUSTE DE CONCENTRACIONES DE MEDICAMENTOS ONCOLOGICOS, NO ONCOLOGICOS Y NUTRICIONES PARENTERALES ES REALIZADA EN AREAS INDEPENDIENTES Y EXCLUSIVAS.
3. LOS MEDICAMENTOS DE PARTIDA QUE VAN A SER SOMETIDOS A MEZCLA, ADECUACIONES Y AJUSTE DE CONCENTRACIONES DE DOSIS CORRESPONDEN A FORMAS FARMACEUTICAS SOLIDAS Y LIQUIDAS. LA PRESENTACION FINAL ES EN BOLSAS.
4. LA PRESENTACION FINAL DE LAS NUTRICIONES PARENTERALES ES EN BOLSAS EVA.
5. EL ANTERIOR CONCEPTO TECNICO AUTORIZA UNICAMENTE LOS PROCESOS Y LAS FORMAS FARMACEUTICAS ANTERIORMENTE DESCRITAS, PARA MEDICAMENTOS QUE REQUIEREN Y NO REQUIEREN CADENA DE FRIO CON EL FIN DE CUMPLIR CON LAS DOSIS PRESCRITAS. SE REFIERE A QUE DICHOS PROCESOS DEBEN CIRCUNSCRIBIRSE AL SISTEMA DE DISTRIBUCION DE MEDICAMENTOS EN DOSIS UNITARIA.
6. LOS MEDICAMENTOS DE PARTIDA QUE VAN A SER SOMETIDOS A REENVASE DE NO ESTERILES CORRESPONDEN A FORMAS FARMACEUTICAS LIQUIDAS Y SOLIDAS. LA PRESENTACION FINAL ES EN JERINGAS Y BOLSAS DE POLIETILENO Y PAPEL ALUMINIO RESPECTIVAMENTE.
7. LOS MEDICAMENTOS DE PARTIDA QUE VAN A SER SOMETIDOS A REEMPAQUE DE NO ESTERILES CORRESPONDEN A FORMAS FARMACEUTICAS SOLIDAS. LA PRESENTACION FINAL ES EN BOLSAS. 
8. LOS PRODUCTOS ELABORADOS SOLO PUEDEN SER COMERCIALIZADOS A TRAVES DE CONVENIOS O CONTRATOS ESTABLECIDOS CON OTROS ESTABLECIMIENTOS FARMACEUTICOS AUTORIZADOS O SERVICIOS FARMACEUTICOS HABILITADOS DE INSTITUCIONES PRESTADORAS DE SERVICIOS DE SALUD. 
9. TODO CAMBIO CRITICO QUE SE HAGA Y AFECTE LAS CONDICIONES EVALUADAS Y CERTIFICADAS DURANTE LA PRESENTE AUDITORIA, RESPECTO A EQUIPOS, AREAS, PROCESOS PRODUCTIVOS, PERSONAL TECNICO PRINCIPAL (DIRECTOR TECNICO) O DE LAS EMPRESAS CON LAS QUE SE CONTRATO LA REALIZACION DE ACTIVIDADES DE PRODUCCION Y CONTROL DE CALIDAD, DEBERAN SER NOTIFICADOS AL INVIMA CON EL FIN DE QUE ESTE EVALUE Y VERIFIQUE SI SE REQUIERE UNA VISITA DE AMPLIACION O VERIFICACION DEL CONCEPTO TECNICO EMITIDO, DE ACUERDO CON LAS DISPOSICIONES DE LA NORMATIVIDAD SANITARIA CORRESPONDIENTE, SO PENA  DE LAS ACCIONES A QUE HAYA LUGAR.",2024-07-26T00:00:00.000,2029-08-16T00:00:00.000
1855S,COOPERATIVA DE GESTIÓN FARMACÉUTICA INTEGRAL EN REORGANIZACIÓN– CFARMA (ANTES COOPERATIVA EMSSANAR SERVICIO FARMA,PASTO,NARIÑO,Carrera 32 No 17-32,Cumple,"CUMPLE CON LAS BUENAS PRÁCTICAS DE ELABORACION  POR LO TANTO RENUEVA EL CONCEPTO TÉCNICO PARA LOS SIGUIENTES PROCESOS Y/O ACTIVIDADES:

1.       ESTERILES
1.1  ADECUACION Y AJUSTE DE CONCENTRACIONES DE DOSIS DE MEDICAMENTOS NO ONCOLOGICOS
1.1.1.            LIQUIDOS
1.2  PREPARACION DE NUTRICIONES PARENTERALES
1.1.2.            LIQUIDOS

2.       NO ESTERILES
2.1  REENVASE DE MEDICAMENTOS
2.1.1. SOLIDOS
2.1.2. LIQUIDOS
2.2  REEMPAQUE DE MEDICAMENTOS
2.2.1 SOLIDOS

NOTAS ACLARATORIAS:

1.     PREPARACION MAGISTRAL: ES EL PREPARADO O PRODUCTO FARMACEUTICO PARA ATENDER UNA PRESCRIPCION MEDICA, DE UN PACIENTE INDIVIDUAL, QUE REQUIERE DE ALGUN TIPO DE INTERVENCION TECNICA DE VARIADA COMPLEJIDAD

2.     LA ADECUACION Y AJUSTE DE CONCENTRACIONES DE MEDICAMENTOS NO ONCOLOGICOS Y NUTRICIONES PARENTERALES ES REALIZADA EN AREAS INDEPENDIENTES Y EXCLUSIVAS.

3.     EL ANTERIOR CONCEPTO TECNICO AUTORIZA UNICAMENTE LOS PROCESOS Y LAS FORMAS FARMACEUTICAS ANTERIORMENTE DESCRITAS, PARA MEDICAMENTOS QUE REQUIEREN Y NO REQUIEREN CADENA DE FRIO CON EL FIN DE CUMPLIR CON LAS DOSIS PRESCRITAS. SE REFIERE A QUE DICHOS PROCESOS DEBEN CIRCUNSCRIBIRSE AL SISTEMA DE DISTRIBUCION DE MEDICAMENTOS EN DOSIS UNITARIA.

4.     LOS MEDICAMENTOS DE PARTIDA QUE VAN A SER SOMETIDOS A MEZCLA, ADECUACIONES Y AJUSTE DE CONCENTRACIONES DE DOSIS CORRESPONDEN A FORMAS FARMACEUTICAS SOLIDAS Y LIQUIDAS. LA PRESENTACION FINAL ES EN BOLSAS O JERINGAS.

5.     LOS PRODUCTOS ELABORADOS SOLO PUEDEN SER COMERCIALIZADOS A TRAVES DE CONVENIOS O CONTRATOS ESTABLECIDOS CON OTROS ESTABLECIMIENTOS FARMACEUTICOS AUTORIZADOS O SERVICIOS FARMACEUTICOS HABILITADOS DE INSTITUCIONES PRESTADORAS DE SERVICIOS DE SALUD.

6.     EL ANTERIOR CONCEPTO TECNICO AUTORIZA UNICAMENTE LOS PROCESOS Y LAS FORMAS FARMACEUTICAS ANTERIORMENTE DESCRITAS.

7.     TODO CAMBIO CRITICO QUE SE HAGA Y AFECTE LAS CONDICIONES EVALUADAS Y CERTIFICADAS DURANTE LA PRESENTE AUDITORIA, RESPECTO A EQUIPOS, AREAS, PROCESOS PRODUCTIVOS, PERSONAL TECNICO PRINCIPAL (DIRECTOR TECNICO) O DE LAS EMPRESAS CON LAS QUE SE CONTRATO LA REALIZACION DE ACTIVIDADES DE PRODUCCION Y CONTROL DE CALIDAD, DEBERAN SER NOTIFICADOS AL INVIMA CON EL FIN DE QUE ESTE EVALUE Y VERIFIQUE SI SE REQUIERE UNA VISITA DE AMPLIACION O VERIFICACION DEL CONCEPTO TECNICO EMITIDO, DE ACUERDO CON LAS DISPOSICIONES DE LA NORMATIVIDAD SANITARIA CORRESPONDIENTE, SO PENA  DE LAS ACCIONES A QUE HAYA LUGAR.",2026-03-26T00:00:00.000,2031-04-27T00:00:00.000
1857S,UNIDAD HEMATO-ONCOLOGICA ESPECIALIZADA IPS S.A.S.,CUCUTA,NORTE DE SANTANDER,CALLE 9 Nro. 5E - 24 URB. SAYAGO,Cumple,"CUMPLE CON LAS BUENAS PRÁCTICAS DE ELABORACION, PARA LOS SIGUIENTES PROCESOS Y/O ACTIVIDADES:

1. ESTÉRILES
1.1. ADECUACIÓN Y AJUSTE DE CONCENTRACIONES DE DOSIS DE MEDICAMENTOS NO ONCOLÓGICOS 
1.1.1. LÍQUIDOS
1.2. ADECUACIÓN Y AJUSTE DE CONCENTRACIONES DE DOSIS DE MEDICAMENTOS ONCOLÓGICOS
1.2.1. LÍQUIDOS

2. NO ESTERILES
2.1. REEMPAQUE DE MEDICAMENTOS.
2.1.1. SÓLIDOS

NOTAS ACLARATORIAS:

1. PREPARACION MAGISTRAL: ES EL PREPARADO O PRODUCTO FARMACEUTICO PARA ATENDER UNA PRESCRIPCION MEDICA, DE UN PACIENTE INDIVIDUAL, QUE REQUIERE DE ALGUN TIPO DE INTERVENCION TECNICA DE VARIADA COMPLEJIDAD.
2. LA ADECUACION Y AJUSTE DE CONCENTRACIONES DE MEDICAMENTOS ONCOLOGICOS ES REALIZADA EN AREAS INDEPENDIENTES Y EXCLUSIVAS.
3. LA ADECUACION Y AJUSTE DE CONCENTRACIONES DE MEDICAMENTOS NO ONCOLOGICOS Y ANTIBIOTICOS ES REALIZADA EN AREAS INDEPENDIENTES Y EXCLUSIVAS.
4. LOS MEDICAMENTOS DE PARTIDA QUE VAN A SER SOMETIDOS A MEZCLA, ADECUACIONES Y AJUSTE DE CONCENTRACIONES CORRESPONDEN A FORMAS FARMACEUTICAS SOLIDAS Y LIQUIDAS. LA PRESENTACION FINAL ES EN BOLSAS, FRASCOS, JERINGAS E INFUSORES.
5. EL ANTERIOR CONCEPTO TECNICO AUTORIZA UNICAMENTE LOS PROCESOS Y LAS FORMAS FARMACEUTICAS ANTERIORMENTE DESCRITAS, PARA MEDICAMENTOS QUE REQUIEREN Y NO REQUIEREN CADENA DE FRIO CON EL FIN DE CUMPLIR CON LAS DOSIS PRESCRITAS. SE REFIERE A QUE DICHOS PROCESOS DEBEN CIRCUNSCRIBIRSE AL SISTEMA DE DISTRIBUCION DE MEDICAMENTOS EN DOSIS UNITARIA.
6. TODO CAMBIO CRITICO QUE SE HAGA Y AFECTE LAS CONDICIONES EVALUADAS Y CERTIFICADAS DURANTE LA PRESENTE AUDITORIA, RESPECTO A EQUIPOS, AREAS, PROCESOS PRODUCTIVOS, PERSONAL TECNICO PRINCIPAL (DIRECTOR TECNICO) O DE LAS EMPRESAS CON LAS QUE SE CONTRATO LA REALIZACION DE ACTIVIDADES DE PRODUCCION Y CONTROL DE CALIDAD, DEBERAN SER NOTIFICADOS AL INVIMA CON EL FIN DE QUE ESTE EVALUE Y VERIFIQUE SI SE REQUIERE UNA VISITA DE AMPLIACION O VERIFICACION DEL CONCEPTO TECNICO EMITIDO, DE ACUERDO CON LAS DISPOSICIONES DE LA NORMATIVIDAD SANITARIA CORRESPONDIENTE, SO PENA  DE LAS ACCIONES A QUE HAYA LUGAR.",2024-01-09T00:00:00.000,2029-02-07T00:00:00.000
1163S,CLINICA DE OCCIDENTE S.A.,CALI,VALLE DEL CAUCA,Calle 18 Norte No. 5N - 34 Versalles,Cumple,"CUMPLE CON LAS BUENAS PRÁCTICAS DE ELABORACION, POR LO TANTO SE RENUEVA EL CONCEPTO TÉCNICO PARA LOS SIGUIENTES PROCESOS Y/O ACTIVIDADES:

1. ESTÉRILES

1.1. ADECUACIÓN Y AJUSTE DE CONCENTRACIONES DE DOSIS DE MEDICAMENTOS ONCOLÓGICOS
1.1.1. LÍQUIDOS

1.2. ADECUACIÓN Y AJUSTE DE CONCENTRACIONES DE DOSIS DE MEDICAMENTOS NO ONCOLÓGICOS 
1.2.1. LÍQUIDOS

1.3. PREPARACIÓN DE NUTRICIONES PARENTERALES 1.3.1. LÍQUIDOS

2. NO ESTÉRILES

2.1. REEMPAQUE DE MEDICAMENTOS
2.1.1. SOLIDOS

2.2. REENVASE DE MEDICAMENTOS
2.2.1. LIQUIDOS Y SOLIDOS

2.3. ELABORACIÓN DE PREPARACIONES MAGISTRALES 2.3.1. LÍQUIDOS (SUSPENSIONES)

NOTAS ACLARATORIAS:

1. PREPARACIÓN MAGISTRAL: ES EL PREPARADO O PRODUCTO FARMACÉUTICO PARA ATENDER UNA PRESCRIPCIÓN MÉDICA, DE UN PACIENTE INDIVIDUAL, QUE REQUIERE DE ALGÚN TIPO DE INTERVENCIÓN TÉCNICA DE VARIADA COMPLEJIDAD.
2. LA ADECUACIÓN Y AJUSTE DE CONCENTRACIONES DE MEDICAMENTOS ONCOLÓGICOS, ANTIBIOTICOS Y NUTRICIONES PARENTERALES ES REALIZADA EN ÁREAS INDEPENDIENTES Y EXCLUSIVAS DOTADAS DE CABINAS DE SEGURIDAD BIOLÓGICA Y/O AISLADORES.
3. LOS MEDICAMENTOS DE PARTIDA QUE VAN A SER SOMETIDOS A MEZCLA, ADECUACIONES Y AJUSTE DE CONCENTRACIONES DE DOSIS CORRESPONDEN A FORMAS FARMACÉUTICAS SÓLIDAS Y LÍQUIDAS. LA PRESENTACIÓN FINAL DE PRODUCTOS ESTÉRILES ES EN BOLSAS, JERINGAS O INFUSORES.
4. EL ANTERIOR CONCEPTO TÉCNICO AUTORIZA ÚNICAMENTE LOS PROCESOS Y LAS FORMAS FARMACÉUTICAS ANTERIORMENTE DESCRITAS, PARA MEDICAMENTOS QUE REQUIEREN Y NO REQUIEREN CADENA DE FRÍO CON EL FIN DE CUMPLIR CON LAS DOSIS PRESCRITAS. SE REFIERE A QUE DICHOS PROCESOS DEBEN CIRCUNSCRIBIRSE AL SISTEMA DE DISTRIBUCIÓN DE MEDICAMENTOS EN DOSIS UNITARIA.
5. CUALQUIER MODIFICACIÓN QUE SE HAGA EN LAS CONDICIONES EVALUADAS Y CERTIFICADAS DURANTE LA PRESENTE AUDITORIA, RESPECTO A EQUIPOS, ÁREAS, PROCESOS PRODUCTIVOS, PERSONAL TÉCNICO PRINCIPAL O DE LAS EMPRESAS CON LAS QUE SE CONTRATÓ LA REALIZACIÓN DE ACTIVIDADES CRÍTICAS DE PRODUCCIÓN Y CONTROL DE CALIDAD, DEBERÁN SER NOTIFICADAS AL INVIMA CON EL FIN DE QUE ÉSTE EVALÚE Y VERIFIQUE SI SE REQUIERE UNA VISITA DE AMPLIACIÓN O VERIFICACIÓN DEL CONCEPTO TÉCNICO EMITIDO, DE ACUERDO CON LAS DISPOSICIONES DE LA NORMATIVIDAD SANITARIA CORRESPONDIENTE, SO PENA  DE LAS ACCIONES A QUE HAYA LUGAR.

IGUALMENTE, SE AMPLIA CAPACIDAD INSTALADA DEL AREA DE ONCOLÓGICOS NO.2, AREA DE REENVASE Y REEMPAQUE Y VESTIER DE INGRESO. IGUALMENTE, SE AMPLIA CAPACIDAD INSTALADA DE EQUIPOS DE DOS AISLADORES DE CONTENCIÓN UBICADOS EN EL AREA DE ONCOLÓGICOS NO.2.",2024-11-15T00:00:00.000,2029-12-12T00:00:00.000
1846S,CENTRO REGIONAL DE ONCOLOGÍA S.A.S.,VALLEDUPAR,CESAR,CALLE 16 B No. 12-24,Cumple,"CUMPLE CON LAS BUENAS PRÁCTICAS DE ELABORACION PARA LOS SIGUIENTES PROCESOS Y/O ACTIVIDADES:

1. ESTÉRILES:
1.1 ADECUACIÓN Y AJUSTE DE CONCENTRACIONES DE DOSIS DE MEDICAMENTOS ONCOLÓGICOS: LÍQUIDOS.
1.2. ADECUACIÓN Y AJUSTE DE CONCENTRACIONES DE DOSIS DE MEDICAMENTOS NO ONCOLÓGICOS: LÍQUIDOS.

NOTAS ACLARATORIAS:
1. PREPARACIÓN MAGISTRAL: ES EL PREPARADO O PRODUCTO FARMACÉUTICO PARA ATENDER UNA PRESCRIPCIÓN MÉDICA, DE UN PACIENTE INDIVIDUAL, QUE REQUIERE DE ALGÚN TIPO DE INTERVENCIÓN TÉCNICA DE VARIADA COMPLEJIDAD.
2. LA ADECUACIÓN Y AJUSTE DE CONCENTRACIONES DE MEDICAMENTOS ONCOLÓGICOS Y NO ONCOLÓGICOS ES REALIZADA EN ÁREAS INDEPENDIENTES Y EXCLUSIVAS DOTADAS DE CABINA DE SEGURIDAD BIOLÓGICA Y CABINA DE FLUJO LAMINAR HORIZONTAL, RESPECTIVAMENTE.
3. LOS MEDICAMENTOS DE PARTIDA QUE VAN A SER SOMETIDOS A MEZCLA, ADECUACIONES Y AJUSTE DE CONCENTRACIONES DE DOSIS CORRESPONDEN A FORMAS FARMACÉUTICAS SÓLIDAS Y LÍQUIDAS. LA PRESENTACIÓN FINAL DE PRODUCTOS ESTÉRILES ES EN BOLSAS Y JERINGAS.
4. EL ANTERIOR CONCEPTO TÉCNICO AUTORIZA ÚNICAMENTE LOS PROCESOS Y LAS FORMAS FARMACÉUTICAS ANTERIORMENTE DESCRITAS, PARA MEDICAMENTOS QUE REQUIEREN Y NO REQUIEREN CADENA DE FRÍO CON EL FIN DE CUMPLIR CON LAS DOSIS PRESCRITAS. SE REFIERE A QUE DICHOS PROCESOS DEBEN CIRCUNSCRIBIRSE AL SISTEMA DE DISTRIBUCIÓN DE MEDICAMENTOS EN DOSIS UNITARIA.
5. CUALQUIER MODIFICACIÓN QUE SE HAGA EN LAS CONDICIONES EVALUADAS Y CERTIFICADAS DURANTE LA PRESENTE AUDITORIA, RESPECTO A EQUIPOS, ÁREAS, PROCESOS PRODUCTIVOS, PERSONAL TÉCNICO PRINCIPAL O DE LAS EMPRESAS CON LAS QUE SE CONTRATÓ LA REALIZACIÓN DE ACTIVIDADES CRÍTICAS DE PRODUCCIÓN Y CONTROL DE CALIDAD, DEBERÁN SER NOTIFICADAS AL INVIMA CON EL FIN DE QUE ÉSTE EVALÚE Y VERIFIQUE SI SE REQUIERE UNA VISITA DE AMPLIACIÓN O VERIFICACIÓN DEL CONCEPTO TÉCNICO EMITIDO, DE ACUERDO CON LAS DISPOSICIONES DE LA NORMATIVIDAD SANITARIA CORRESPONDIENTE, SO PENA  DE LAS ACCIONES A QUE HAYA LUGAR",2021-08-23T00:00:00.000,2026-09-17T00:00:00.000
1847S,AL PHARMA S.A.S. CENTRO JAVERIANO DE ONCOLOGIA,BOGOTA D.C.,BOGOTA D.C.,Carrera 7 No. 40-62 PISO 6,Cumple,"CUMPLE CON LAS BUENAS PRACTICAS DE ELABORACION, POR LO TANTO, SE RENUEVA EL CONCEPTO TECNICO PARA LOS SIGUIENTES PROCESOS Y/O ACTIVIDADES:

1.ESTERILES
1.1ADECUACION Y AJUSTE DE CONCENTRACIONES DE DOSIS DE MEDICAMENTOS ONCOLOGICOS
1.1.1 LIQUIDOS
1.2ADECUACION Y AJUSTE DE CONCENTRACIONES DE DOSIS DE MEDICAMENTOS NO ONCOLOGICOS 
1.2.1LIQUIDOS

NOTAS ACLARATORIAS:
1. PREPARACION MAGISTRAL: ES EL PREPARADO O PRODUCTO FARMACEUTICO PARA ATENDER UNA PRESCRIPCION MEDICA, DE UN PACIENTE INDIVIDUAL, QUE REQUIERE DE ALGUN TIPO DE INTERVENCION TECNICA DE VARIADA COMPLEJIDAD.
2. LA ADECUACION Y AJUSTE DE CONCENTRACIONES DE MEDICAMENTOS NO ONCOLOGICOS ESTERILES ES REALIZADA EN AREAS INDEPENDIENTES Y EXCLUSIVAS.
3. LA ADECUACION Y AJUSTE DE CONCENTRACIONES DE MEDICAMENTOS ONCOLOGICOS ESTERILES ES REALIZADA EN AREAS INDEPENDIENTES Y EXCLUSIVAS.
4. EL ANTERIOR CONCEPTO TECNICO AUTORIZA UNICAMENTE LOS PROCESOS Y LAS FORMAS FARMACEUTICAS ANTERIORMENTE DESCRITAS, PARA MEDICAMENTOS QUE REQUIEREN Y NO REQUIEREN CADENA DE FRIO CON EL FIN DE CUMPLIR CON LAS DOSIS PRESCRITAS. SE REFIERE A QUE DICHOS PROCESOS DEBEN CIRCUNSCRIBIRSE AL SISTEMA DE DISTRIBUCION DE MEDICAMENTOS EN DOSIS UNITARIA.
5. LOS MEDICAMENTOS DE PARTIDA QUE VAN A SER SOMETIDOS A MEZCLA, ADECUACIONES Y AJUSTE DE CONCENTRACIONES CORRESPONDEN A FORMAS FARMACEUTICAS SOLIDAS Y LIQUIDAS. LA PRESENTACION FINAL ES EN BOLSAS, JERINGAS, FRASCOS E INFUSORES.
6. LOS PRODUCTOS ELABORADOS SOLO PUEDEN SER COMERCIALIZADOS A TRAVES DE CONVENIOS O CONTRATOS ESTABLECIDOS CON OTROS ESTABLECIMIENTOS FARMACEUTICOS AUTORIZADOS O SERVICIOS FARMACEUTICOS HABILITADOS DE INSTITUCIONES PRESTADORAS DE SERVICIOS DE SALUD.
7. CUALQUIER MODIFICACION QUE SE HAGA EN LAS CONDICIONES EVALUADAS Y CERTIFICADAS DURANTE LA PRESENTE AUDITORIA, RESPECTO A EQUIPOS, AREAS, PROCESOS PRODUCTIVOS, PERSONAL TECNICO PRINCIPAL O DE LAS EMPRESAS CON LAS QUE SE CONTRATO LA REALIZACION DE ACTIVIDADES CRITICAS DE PRODUCCION Y CONTROL DE CALIDAD, DEBERAN SER NOTIFICADAS AL INVIMA CON EL FIN DE QUE ESTE EVALUE Y VERIFIQUE SI SE REQUIERE UNA VISITA DE AMPLIACION O VERIFICACION DEL CONCEPTO TECNICO EMITIDO, DE ACUERDO CON LAS DISPOSICIONES DE LA NORMATIVIDAD SANITARIA CORRESPONDIENTE, SO PENA DE LAS ACCIONES A QUE HAYA LUGAR.",2022-03-14T00:00:00.000,2027-05-13T00:00:00.000
1650S,ORGANIZACION CLINICA GENERAL DEL NORTE S.A.,BARRANQUILLA,ATLANTICO,Carrera 48 Nro. 70-38,Cumple,"CUMPLE CON LAS BUENAS PRACTICAS DE ELABORACION PARA LOS SIGUIENTES PROCESOS Y/O ACTIVIDADES Y FORMAS FARMACEUTICAS CUMPLE, PARA LOS SIGUIENTES PROCESOS:

1. ESTERILES
1.1 ADECUACION Y AJUSTE DE CONCENTRACIONES DE DOSIS DE MEDICAMENTOS ONCOLOGICOS
1.1.1. LIQUIDOS 
1.2.ADECUACION Y AJUSTE DE CONCENTRACIONES DE DOSIS DE MEDICAMENTOS NO ONCOLOGICOS
1.2.1 LIQUIDOS
1.3.PREPARACION DE NUTRICIONES PARENTERALES  
1.3.1. LIQUIDOS

2. NO ESTERILES
2.1 REENVASE DE MEDICAMENTOS 
2.1.1 LIQUIDOS Y SOLIDOS
2.2. REEMPAQUE DE MEDICAMENTOS 
2.2.1.SOLIDOS 

NOTAS ACLARATORIAS:
1. PREPARACIÓN MAGISTRAL: ES EL PREPARADO O PRODUCTO FARMACÉUTICO PARA ATENDER UNA PRESCRIPCIÓN MÉDICA, DE UN PACIENTE INDIVIDUAL, QUE REQUIERE DE ALGÚN TIPO DE INTERVENCIÓN TÉCNICA DE VARIADA COMPLEJIDAD.
2. LA ADECUACIÓN Y AJUSTE DE CONCENTRACIONES DE MEDICAMENTOS ESTÉRILES ONCOLÓGICOS, NO ONCOLÓGICOS Y NUTRICIONES PARENTERALES ES REALIZADA EN ÁREAS INDEPENDIENTES Y EXCLUSIVAS.
3. LOS MEDICAMENTOS DE PARTIDA QUE VAN A SER SOMETIDOS A MEZCLA, ADECUACIONES Y AJUSTE DE CONCENTRACIONES DE DOSIS CORRESPONDEN A FORMAS FARMACÉUTICAS SÓLIDAS Y LÍQUIDAS. LA PRESENTACIÓN FINAL ES EN BOLSAS, MINIBOLSAS, JERINGAS E INFUSORES.
4. LOS MEDICAMENTOS DE PARTIDA QUE VAN A SER SOMETIDOS A REENVASE DE NO ESTÉRILES CORRESPONDEN A FORMAS FARMACÉUTICAS LIQUIDAS Y SÓLIDAS. LA PRESENTACIÓN FINAL ES EN JERINGAS, Y, BOLSAS DE POLIETILENO, PAPEL ALUMINIO Y FRASCOS RESPECTIVAMENTE.
5. LOS MEDICAMENTOS DE PARTIDA QUE VAN A SER SOMETIDOS A REEMPAQUE DE NO ESTÉRILES CORRESPONDEN A FORMAS FARMACÉUTICAS SÓLIDAS. LA PRESENTACIÓN FINAL ES EN BOLSAS. 
6. LOS PRODUCTOS ELABORADOS SÓLO PUEDEN SER COMERCIALIZADOS A TRAVÉS DE CONVENIOS O CONTRATOS ESTABLECIDOS CON OTROS ESTABLECIMIENTOS FARMACÉUTICOS AUTORIZADOS O SERVICIOS FARMACÉUTICOS HABILITADOS DE INSTITUCIONES PRESTADORAS DE SERVICIOS DE SALUD.
7. EL ANTERIOR CONCEPTO TÉCNICO AUTORIZA ÚNICAMENTE LOS PROCESOS Y LAS FORMAS FARMACÉUTICAS ANTERIORMENTE DESCRITAS, PARA MEDICAMENTOS QUE REQUIEREN Y NO REQUIEREN CADENA DE FRÍO CON EL FIN DE CUMPLIR CON LAS DOSIS PRESCRITAS. SE REFIERE A QUE DICHOS PROCESOS DEBEN CIRCUNSCRIBIRSE AL SISTEMA DE DISTRIBUCIÓN DE MEDICAMENTOS EN DOSIS UNITARIA.
8. TODO CAMBIO CRÍTICO QUE SE HAGA Y AFECTE LAS CONDICIONES EVALUADAS Y CERTIFICADAS DURANTE LA PRESENTE AUDITORIA, RESPECTO A EQUIPOS, ÁREAS, PROCESOS PRODUCTIVOS, PERSONAL TÉCNICO PRINCIPAL (DIRECTOR TÉCNICO) O DE LAS EMPRESAS CON LAS QUE SE CONTRATÓ LA REALIZACIÓN DE ACTIVIDADES DE PRODUCCIÓN Y CONTROL DE CALIDAD, DEBERÁN SER NOTIFICADOS AL INVIMA CON EL FIN DE QUE ÉSTE EVALÚE Y VERIFIQUE SI SE REQUIERE UNA VISITA DE AMPLIACIÓN O VERIFICACIÓN DEL CONCEPTO TÉCNICO EMITIDO, DE ACUERDO CON LAS DISPOSICIONES DE LA NORMATIVIDAD SANITARIA CORRESPONDIENTE, SO PENA  DE LAS ACCIONES A QUE HAYA LUGAR.",2024-09-24T00:00:00.000,2029-10-21T00:00:00.000
1875S,HOSPITAL UNIVERSITARIO SAN IGNACIO,BOGOTA D.C.,BOGOTA D.C.,CARRERA 7 No. 40-62,Cumple,"CUMPLE CON LAS BUENAS PRACTICAS DE ELABORACION, POR LO TANTO SE RENUEVA EL CONCEPTO TECNICO, PARA LOS SIGUIENTES PROCESOS Y/O ACTIVIDADES:

1. NO ESTERILES
1.1. REEMPAQUE DE MEDICAMENTOS
1.1.1. SOLIDOS
1.2. REENVASE DE MEDICAMENTOS 
1.2.1. SOLIDOS

NOTAS ACLARATORIAS:
1. PREPARACION MAGISTRAL: ES EL PREPARADO O PRODUCTO FARMACEUTICO PARA ATENDER UNA PRESCRIPCION MEDICA, DE UN PACIENTE INDIVIDUAL, QUE REQUIERE DE ALGUN TIPO DE INTERVENCION TECNICA DE VARIADA COMPLEJIDAD.
2. LOS MEDICAMENTOS DE PARTIDA QUE VAN A SER SOMETIDOS A REENVASE DE NO ESTERILES CORRESPONDEN A FORMAS FARMACEUTICAS SOLIDAS. LA PRESENTACION FINAL ES EN BOLSA DE POLIETILENO Y PAPEL ALUMINIO RESPECTIVAMENTE.
3. LOS MEDICAMENTOS DE PARTIDA QUE VAN A SER SOMETIDOS A REEMPAQUE DE NO ESTERILES CORRESPONDEN A FORMAS FARMACEUTICAS SOLIDAS. LA PRESENTACION FINAL ES EN BOLSA DE POLIETILENO.
4. LOS PRODUCTOS ELABORADOS SOLO PUEDEN SER COMERCIALIZADOS A TRAVES DE CONVENIOS O CONTRATOS ESTABLECIDOS CON OTROS ESTABLECIMIENTOS FARMACEUTICOS AUTORIZADOS O SERVICIOS FARMACEUTICOS HABILITADOS DE INSTITUCIONES PRESTADORAS DE SERVICIOS DE SALUD.
5. EL ANTERIOR CONCEPTO TECNICO AUTORIZA UNICAMENTE LOS PROCESOS Y LAS FORMAS FARMACEUTICAS ANTERIORMENTE DESCRITAS, PARA MEDICAMENTOS QUE REQUIEREN Y NO REQUIEREN CADENA DE FRIO CON EL FIN DE CUMPLIR CON LAS DOSIS PRESCRITAS. SE REFIERE A QUE DICHOS PROCESOS DEBEN CIRCUNSCRIBIRSE AL SISTEMA DE DISTRIBUCION DE MEDICAMENTOS EN DOSIS UNITARIA.
6. CUALQUIER MODIFICACION QUE SE HAGA EN LAS CONDICIONES EVALUADAS Y CERTIFICADAS DURANTE LA PRESENTE AUDITORIA, RESPECTO A EQUIPOS, AREAS, PROCESOS PRODUCTIVOS, PERSONAL TECNICO PRINCIPAL O DE LAS EMPRESAS CON LAS QUE SE CONTRATO LA REALIZACION DE ACTIVIDADES CRITICAS DE PRODUCCION Y CONTROL DE CALIDAD, DEBERAN SER NOTIFICADAS AL INVIMA CON EL FIN DE QUE ESTE EVALUE Y VERIFIQUE SI SE REQUIERE UNA VISITA DE AMPLIACION O VERIFICACION DEL CONCEPTO TECNICO EMITIDO, DE ACUERDO CON LAS DISPOSICIONES DE LA NORMATIVIDAD SANITARIA CORRESPONDIENTE, SO PENA DE LAS ACCIONES A QUE HAYA LUGAR.",2024-05-24T00:00:00.000,2029-06-18T00:00:00.000
1876S,CENTRO TERAPEUTICO REENCONTRARSE S.A.S.,BARRANQUILLA,ATLANTICO,CARRERA 45 No. 84-197,Cumple,"CUMPLE  CON LAS BUENAS PRACTICAS DE ELABORACION  POR LO TANTO SE RENUEVA EL CONCEPTO TECNICO PARA LOS SIGUIENTES PROCESOS Y/O ACTIVIDADES:

1. NO ESTERILES
1.1. REEMPAQUE DE MEDICAMENTOS. 
1.1.1. SOLIDOS.

1. EL REEMPAQUE DE MEDICAMENTOS ES PARA SOLIDOS, Y ES REALIZADA EN AREA INDEPENDIENTE Y EXCLUSIVA.
2. EL ANTERIOR CONCEPTO TECNICO AUTORIZA UNICAMENTE LOS PROCESOS Y LAS FORMAS FARMACEUTICAS ANTERIORMENTE DESCRITAS, PARA MEDICAMENTOS QUE NO REQUIEREN CADENA DE FRIO CON EL FIN DE CUMPLIR CON LAS DOSIS PRESCRITAS. SE REFIERE A QUE DICHOS PROCESOS DEBEN CIRCUNSCRIBIRSE AL SISTEMA DE DISTRIBUCION DE MEDICAMENTOS EN DOSIS UNITARIA.
3. LOS PRODUCTOS ELABORADOS SOLO PUEDEN SER COMERCIALIZADOS A TRAVES DE CONVENIOS O CONTRATOS ESTABLECIDOS CON OTROS ESTABLECIMIENTOS FARMACEUTICOS AUTORIZADOS O SERVICIOS FARMACEUTICOS HABILITADOS DE INSTITUCIONES PRESTADORAS DE SERVICIOS DE SALUD.
4. EL ANTERIOR CONCEPTO TECNICO, AUTORIZA UNICAMENTE LOS PROCESOS Y LAS FORMAS FARMACEUTICAS ANTERIORMENTE DESCRITAS.
5. TODO CAMBIO CRITICO QUE SE HAGA Y AFECTE LAS CONDICIONES EVALUADAS Y CERTIFICADAS DURANTE LA PRESENTE AUDITORIA, RESPECTO A EQUIPOS, AREAS, PROCESOS PRODUCTIVOS, PERSONAL TECNICO PRINCIPAL (DIRECTOR TECNICO) O DE LAS EMPRESAS CON LAS QUE SE CONTRATO LA REALIZACION DE ACTIVIDADES DE PRODUCCION Y CONTROL DE CALIDAD, DEBERAN SER NOTIFICADOS AL INVIMA CON EL FIN DE QUE ESTE EVALUE Y VERIFIQUE SI SE REQUIERE UNA VISITA DE AMPLIACION O VERIFICACION DEL CONCEPTO TECNICO EMITIDO, DE ACUERDO CON LAS DISPOSICIONES DE LA NORMATIVIDAD SANITARIA CORRESPONDIENTE, SO PENA DE LAS ACCIONES A QUE HAYA LUGAR.",2025-10-06T00:00:00.000,2030-10-28T00:00:00.000
1879S,GAMANUCLEAR LTDA.,SANTIAGO DE CALI,VALLE DEL CAUCA,AVENIDA 2CN Nro. 24N-120 Cons. 201/202/206,Cumple,"CUMPLE CON LAS BUENAS PRACTICAS DE ELABORACION DE RADIOFARMACOS PARA LOS SIGUIENTES PROCESOS Y/O ACTIVIDADES:

1. ESTERILES
1. 2 ELUCION DE GENERADORES DE TECNECIO /TC99M 
1.2.1 LIQUIDOS: SOLUCIÓN.

1.3 RADIO MARCACION Y DOSIFICACION DE TECNECIO TC/99M (TCO4, MDP, DTPA, MAG3, MEBROFENIN MAA, SULFURO COLOIDAL, DMSA, MIBI, OCTEOTRIDE, ECD, HMPAO, PYP, TRODAT ENTRE OTROS).
1.3.1LIQUIDOS: SOLUCIONES Y SUSPENSIONES (JERINGAS UNIDOSIS).

1.4 REENVASE DE GALIO 67 (67GA), LUTECIO 177 (177LU), ITRIO 90 (90Y) Y RADIO 223 (223RA).
1.4.1LIQUIDOS: SOLUCIONES (JERINGAS).

NOTAS ACLARATORIAS:

1. PREPARACION MAGISTRAL: ES EL PREPARADO O PRODUCTO FARMACEUTICO PARA ATENDER UNA PRESCRIPCION MEDICA, DE UN PACIENTE INDIVIDUAL, QUE REQUIERE DE ALGUN TIPO DE INTERVENCION TECNICA DE VARIADA COMPLEJIDAD.
2. RADIOFARMACO: PRODUCTO PREPARADO CON FINES DIAGNOSTICOS, DE MONITOREO DE ENFERMEDAD O TERAPEUTICOS CUYO EFECTO ES PRODUCIDO POR LA RADIACION, DEBIDO A QUE CONTIENEN RADIONUCLIDOS QUE EXHIBEN DESINTEGRACIONES ESPONTANEAS DEL NUCLEO INESTABLE CON EMISION DE PARTICULAS NUCLEARES O FOTONES.
3. EL ANTERIOR CONCEPTO TECNICO AUTORIZA UNICAMENTE LOS PROCESOS DE ELUCION, MARCACION, DOSIFICACION Y REENVASE DE RADIONUCLIDOS CON LOS RADIOFARMACOS DESCRITOS ANTERIORMENTE.
4. LOS PROCESOS ANTERIORMENTE MENCIONADOS SE REALIZAN DE FORMA ASEPTICA.
5. LOS PRODUCTOS ELABORADOS SÓLO PUEDEN SER COMERCIALIZADOS A TRAVÉS DE CONVENIOS O CONTRATOS ESTABLECIDOS CON OTROS ESTABLECIMIENTOS FARMACÉUTICOS AUTORIZADOS O SERVICIOS FARMACÉUTICOS HABILITADOS DE INSTITUCIONES PRESTADORAS DE SERVICIOS DE SALUD.
6. TODO CAMBIO CRÍTICO QUE SE HAGA Y AFECTE LAS CONDICIONES EVALUADAS Y CERTIFICADAS DURANTE LA PRESENTE AUDITORIA, RESPECTO A EQUIPOS, ÁREAS, PROCESOS PRODUCTIVOS, PERSONAL TÉCNICO PRINCIPAL O DE LAS EMPRESAS CON LAS QUE SE CONTRATÓ LA REALIZACIÓN DE ACTIVIDADES DE PRODUCCIÓN Y CONTROL DE CALIDAD, DEBERÁN SER NOTIFICADOS AL INVIMA CON EL FIN DE QUE ÉSTE EVALÚE Y VERIFIQUE SI SE REQUIERE UNA VISITA DE AMPLIACIÓN O VERIFICACIÓN DEL CONCEPTO TÉCNICO EMITIDO, DE ACUERDO CON LAS DISPOSICIONES DE LA NORMATIVIDAD SANITARIA CORRESPONDIENTE, SO PENA  DE LAS ACCIONES A QUE HAYA LUGAR.",2022-11-04T00:00:00.000,2027-12-12T00:00:00.000
1881S,SERVICIOS ESPECIALES DE SALUD-SES HOSPITAL UNIVERSITARIO DE CALDAS “SES HUC”    ANTES SERVICIOS ESPECIALES DE SALUD S.E.S. (HOSPITAL DE CALDAS),MANIZALES,CALDAS,CALLE 48 No. 25-71,Cumple,"CUMPLE CON LAS BUENAS PRÁCTICAS DE ELABORACIÓN PARA LOS SIGUIENTES PROCESOS Y/O ACTIVIDADES: 

1. ESTÉRILES
1.1. ADECUACIÓN Y AJUSTE DE CONCENTRACIÓN DE DOSIS DE MEDICAMENTOS ONCOLÓGICOS: LÍQUIDOS
1.2. ADECUACIÓN Y AJUSTE DE CONCENTRACIÓN DE DOSIS DE MEDICAMENTOS NO ONCOLÓGICOS: LÍQUIDOS
1.3. PREPARACIÓN DE NUTRICIONES PARENTERALES: LÍQUIDOS

2. NO ESTÉRILES
2.1. REEMPAQUE DE MEDICAMENTOS: SÓLIDOS
2.2. REENVASE DE MEDICAMENTOS: SÓLIDOS
2.3. REENVASE DE MEDICAMENTOS (ADECUACIÓN Y AJUSTE DE CONCENTRACIONES DE ENTERALES): LÍQUIDOS
Y SE AMPLÍA LA CAPACIDAD INSTALADA DE EQUIPOS PARA LA SELLADORA THOR 230573, SELLADORA THOR 230574, SELLADORA IMPULSE SEALER, VISOR DE PARTÍCULAS VP01, Y VISOR DE PARTÍCULAS VP02.
NOTAS ACLARATORIAS:
1. PREPARACIÓN MAGISTRAL: ES EL PREPARADO O PRODUCTO FARMACÉUTICO PARA ATENDER UNA PRESCRIPCIÓN MÉDICA, DE UN PACIENTE INDIVIDUAL, QUE REQUIERE DE ALGÚN TIPO DE INTERVENCIÓN TÉCNICA DE VARIADA COMPLEJIDAD.
2. LA ADECUACIÓN Y AJUSTE DE CONCENTRACIONES DE MEDICAMENTOS ONCOLÓGICOS ES REALIZADA EN ÁREAS INDEPENDIENTES Y EXCLUSIVAS.
3. LA ADECUACIÓN Y AJUSTE DE CONCENTRACIONES DE MEDICAMENTOS NO ONCOLÓGICOS Y NUTRICIONES PARENTERALES ES REALIZADA EN ÁREAS INDEPENDIENTES Y EXCLUSIVAS.
4. LOS MEDICAMENTOS DE PARTIDA QUE SON SOMETIDOS A MEZCLA, ADECUACIONES Y AJUSTE DE CONCENTRACIONES DE DOSIS CORRESPONDEN A FORMAS FARMACÉUTICAS SÓLIDAS Y LÍQUIDAS. LA PRESENTACIÓN FINAL DE PRODUCTOS ESTÉRILES ES EN BOLSAS, O JERINGAS.
5. LOS PRODUCTOS ELABORADOS SÓLO PUEDEN SER COMERCIALIZADOS A TRAVÉS DE CONVENIOS O CONTRATOS ESTABLECIDOS CON OTROS ESTABLECIMIENTOS FARMACÉUTICOS AUTORIZADOS O SERVICIOS FARMACÉUTICOS HABILITADOS DE INSTITUCIONES PRESTADORAS DE SERVICIOS DE SALUD.
6. EL ANTERIOR CONCEPTO TÉCNICO AUTORIZA ÚNICAMENTE LOS PROCESOS Y LAS FORMAS FARMACÉUTICAS ANTERIORMENTE DESCRITAS, PARA MEDICAMENTOS QUE REQUIEREN Y NO REQUIEREN CADENA DE FRÍO CON EL FIN DE CUMPLIR CON LAS DOSIS PRESCRITAS. SE REFIERE A QUE DICHOS PROCESOS DEBEN CIRCUNSCRIBIRSE AL SISTEMA DE DISTRIBUCIÓN DE MEDICAMENTOS EN DOSIS UNITARIA.
7. TODO CAMBIO CRÍTICO QUE SE HAGA Y AFECTE LAS CONDICIONES EVALUADAS Y CERTIFICADAS DURANTE LA PRESENTE AUDITORIA, RESPECTO A EQUIPOS, ÁREAS, PROCESOS PRODUCTIVOS, PERSONAL TÉCNICO PRINCIPAL (DIRECTOR TÉCNICO) O DE LAS EMPRESAS CON LAS QUE SE CONTRATÓ LA REALIZACIÓN DE ACTIVIDADES DE PRODUCCIÓN Y CONTROL DE CALIDAD, DEBERÁN SER NOTIFICADOS AL INVIMA CON EL FIN DE QUE ÉSTE EVALÚE Y VERIFIQUE SI SE REQUIERE UNA VISITA DE AMPLIACIÓN O VERIFICACIÓN DEL CONCEPTO TÉCNICO EMITIDO, DE ACUERDO CON LAS DISPOSICIONES DE LA NORMATIVIDAD SANITARIA CORRESPONDIENTE, SO PENA  DE LAS ACCIONES A QUE HAYA LUGAR.",2025-10-15T00:00:00.000,2030-11-11T00:00:00.000
1884S,FUNDACION FOSUNAB,FLORIDABLANCA,SANTANDER,CALLE 158 No. 20 – 95 ZONA FRANCA FOSUNAB,Cumple,"CUMPLE CON LAS BUENAS PRÁCTICAS DE ELABORACION PARA EL SIGUIENTE PROCESO Y/O ACTIVIDAD:

1. NO ESTERILES
1.1. REEMPAQUE DE MEDICAMENTOS
1.1.1. SOLIDOS.

NOTAS ACLARATORIAS:
1. EL REEMPAQUE DE MEDICAMENTOS NO ESTERILES EN FORMA DE SOLIDOS ES REALIZADO EN UN AREA INDEPENDIENTE Y EXCLUSIVA.
2. EL ANTERIOR CONCEPTO TECNICO AUTORIZA UNICAMENTE LOS PROCESOS Y LAS FORMAS FARMACEUTICAS ANTERIORMENTE DESCRITAS.
3. CUALQUIER MODIFICACION QUE SE HAGA EN LAS CONDICIONES EVALUADAS Y CERTIFICADAS DURANTE LA PRESENTE AUDITORIA RESPECTO A EQUIPOS, AREAS, PROCESOS PRODUCTIVOS, PERSONAL TECNICO PRINCIPAL O DE LAS EMPRESAS CON LAS QUE SE CONTRATO LA REALIZACION DE LAS ACTIVIDADES CRITICAS DE PRODUCCION Y CONTROL DE CALIDAD, DEBERAN SER NOTIFICADAS AL INVIMA CON EL FIN DE QUE ESTE EVALUE Y VERIFIQUE SI SE REQUIERE UNA VISITA DE AMPLIACION O VERIFICACION DEL CONCEPTO TECNICO EMITIDO, DE ACUERDO CON LAS DISPOSICIONES DE LA NORMATIVIDAD SANITARIA CORRESPONDIENTE, SO PENA DE LAS ACCIONES A QUE HAYA LUGAR.",2021-07-29T00:00:00.000,2026-08-25T00:00:00.000
1891S,UNIDOSSIS COSTA S.A.S.,Barranquilla,ATLANTICO,Calle 39 No. 46-147 Barrio Abajo,Pendiente Inspeccion,"CUMPLE  CON LAS BUENAS PRÁCTICAS DE ELABORACION, PARA LOS SIGUIENTES PROCESOS Y/O ACTIVIDADES:

1. ESTÉRILES
1.1. ADECUACIÓN Y AJUSTE DE CONCENTRACIONES DE DOSIS DE MEDICAMENTOS NO ONCOLÓGICOS 
1.1.1 LÍQUIDOS

1.2. ADECUACIÓN Y AJUSTE DE CONCENTRACIONES DE DOSIS DE MEDICAMENTOS ONCOLÓGICOS 
1..2.1. LÍQUIDOS

1.3. PREPARACIÓN DE NUTRICIONES PARENTERALES. 1.3.1. LÍQUIDOS

2. NO ESTÉRILES
2.1. REEMPAQUE DE MEDICAMENTOS 
2.1.1. SÓLIDOS 

NOTAS ACLARATORIAS:
1. PREPARACION MAGISTRAL: ES EL PREPARADO O PRODUCTO FARMACEUTICO PARA ATENDER UNA PRESCRIPCION MEDICA, DE UN PACIENTE INDIVIDUAL, QUE REQUIERE DE ALGUN TIPO DE INTERVENCION TECNICA DE VARIADA COMPLEJIDAD.
2. LA ADECUACION Y AJUSTE DE CONCENTRACIONES DE MEDICAMENTOS ONCOLOGICOS ES REALIZADA EN AREAS INDEPENDIENTES Y EXCLUSIVAS.
3. LA ADECUACION Y AJUSTE DE CONCENTRACIONES DE MEDICAMENTOS NO ONCOLOGICOS Y NUTRICIONES PARENTERALES ES REALIZADA EN AREAS INDEPENDIENTES Y EXCLUSIVAS.
4. EL ANTERIOR CONCEPTO TECNICO AUTORIZA UNICAMENTE LOS PROCESOS Y LAS FORMAS FARMACEUTICAS ANTERIORMENTE DESCRITAS, PARA MEDICAMENTOS QUE REQUIEREN Y NO REQUIEREN CADENA DE FRIO CON EL FIN DE CUMPLIR CON LAS DOSIS PRESCRITAS. SE REFIERE A QUE DICHOS PROCESOS DEBEN CIRCUNSCRIBIRSE AL SISTEMA DE DISTRIBUCION DE MEDICAMENTOS EN DOSIS UNITARIA.
5. LOS MEDICAMENTOS DE PARTIDA QUE VAN A SER SOMETIDOS A MEZCLA, ADECUACIONES Y AJUSTE DE CONCENTRACIONES CORRESPONDEN A FORMAS FARMACEUTICAS SOLIDAS Y LIQUIDAS. LA PRESENTACION FINAL ES EN BOLSAS, BURETROLES O JERINGAS.
6. TODO CAMBIO CRITICO QUE SE HAGA Y AFECTE LAS CONDICIONES EVALUADAS Y CERTIFICADAS DURANTE LA PRESENTE AUDITORIA, RESPECTO A EQUIPOS, AREAS, PROCESOS PRODUCTIVOS, PERSONAL TECNICO PRINCIPAL O DE LAS EMPRESAS CON LAS QUE SE CONTRATO LA REALIZACION DE ACTIVIDADES DE PRODUCCION Y CONTROL DE CALIDAD, DEBERAN SER NOTIFICADOS AL INVIMA CON EL FIN DE QUE ESTE EVALUE Y VERIFIQUE SI SE REQUIERE UNA VISITA DE AMPLIACION O VERIFICACION DEL CONCEPTO TECNICO EMITIDO, DE ACUERDO CON LAS DISPOSICIONES DE LA NORMATIVIDAD SANITARIA CORRESPONDIENTE, SO PENA DE LAS ACCIONES A QUE HAYA LUGAR.",2024-05-10T00:00:00.000,2024-06-07T00:00:00.000
1902R,CICLOTRON COLOMBIA S.A.S.,MEDELLIN,ANTIOQUIA,CALLE 30 Nº 46-25  MEDELLIN,Cumple,"CUMPLE  CON LAS BUENAS PRACTICAS DE ELABORACION DE RADIOFARMACOS - BPER PARA LOS SIGUIENTES PROCESOS Y/O ACTIVIDADES:

1. ESTERILES

1.1. ELUCION DE GENERADORES (RADIONUCLIDOS) DE MOLIBDENO 99MO/TECNECIO 99MTC. 
1.1.1. LIQUIDOS: SOLUCIONES EN VIALES.

1.2. MARCACION Y DOSIFICACION DE RADIOFARMACOS CON REGISTRO SANITARIO SIGUIENDO ESTRICTAMENTE LAS INDICACIONES DEL FABRICANTE TECNECIO TC-99M.
1.2.1. LIQUIDOS: SOLUCIONES Y SUSPENSIONES EN JERINGAS.

1.3. MARCACION Y DOSIFICACION DE RADIOFARMACOS CON REGISTRO SANITARIO CON DESVIACIONES MENORES RESPECTO A LAS INSTRUCCIONES DEL FABRICANTE TECNECIO TC-99M. 
1.3.1. LIQUIDOS: SOLUCIONES Y SUSPENSIONES EN JERINGAS.

1.4. PRODUCCION DEL RADIOISOTOPO 18F.
1.4.1.  LIQUIDOS: SOLUCIONES EN VIALES.

1.5 MARCACION Y DOSIFICACION DE RADIOFARMACOS DE USO TERAPEUTICO CON 177 LU
1.5.1 LIQUIDOS: SOLUCIONES EN JERINGAS

1.6.SINTESIS Y DOSIFICACION DE RADIOFARMACOS PET 18F.
1.6.1. LIQUIDOS: SOLUCIONES Y SUSPENSIONES EN JERINGAS.

NOTAS ACLARATORIAS: 

1. PREPARACION MAGISTRAL: ES EL PREPARADO O PRODUCTO FARMACEUTICO PARA ATENDER UNA PRESCRIPCION MEDICA, DE UN PACIENTE INDIVIDUAL, QUE REQUIERE DE ALGUN TIPO DE INTERVENCION TECNICA DE VARIADA COMPLEJIDAD. 
2. EL PRESENTE CONCEPTO INCLUYE LOS PROCESOS DE ELUCION, MARCACION, SINTESIS Y DOSIFICACION DE LOS RADIONUCLIDOS CON LOS FARMACOS DESCRITOS ANTERIORMENTE. 
3. LOS PROCESOS ANTERIORMENTE MENCIONADOS SE REALIZAN DE FORMA ASEPTICA.
4. EL ANTERIOR CONCEPTO TECNICO AUTORIZA UNICAMENTE LOS PROCESOS Y LAS FORMAS FARMACEUTICAS ANTERIORMENTE DESCRITAS, PARA MEDICAMENTOS QUE REQUIEREN Y NO REQUIEREN CADENA DE FRIO CON EL FIN DE CUMPLIR CON LAS DOSIS PRESCRITAS. SE REFIERE A QUE DICHOS PROCESOS DEBEN CIRCUNSCRIBIRSE AL SISTEMA DE DISTRIBUCION DE MEDICAMENTOS EN DOSIS UNITARIA. 
5. LOS PRODUCTOS ELABORADOS SOLO PUEDEN SER COMERCIALIZADOS A TRAVES DE CONVENIOS O CONTRATOS ESTABLECIDOS CON OTROS SERVICIOS FARMACEUTICOS HABILITADOS DE INSTITUCIONES PRESTADORAS DE SERVICIOS DE SALUD.
6. TODO CAMBIO CRITICO QUE SE HAGA Y AFECTE LAS CONDICIONES EVALUADAS Y CERTIFICADAS DURANTE LA PRESENTE AUDITORIA, RESPECTO A EQUIPOS, AREAS, PROCESOS PRODUCTIVOS, PERSONAL TECNICO PRINCIPAL (DIRECTOR TECNICO) O DE LAS EMPRESAS CON LAS QUE SE CONTRATO LA REALIZACION DE ACTIVIDADES DE PRODUCCION Y CONTROL DE CALIDAD, DEBERAN SER NOTIFICADOS AL INVIMA CON EL FIN DE QUE ESTE EVALUE Y VERIFIQUE SI SE REQUIERE UNA VISITA DE AMPLIACION O VERIFICACION DEL CONCEPTO TECNICO EMITIDO, DE ACUERDO CON LAS DISPOSICIONES DE LA NORMATIVIDAD SANITARIA CORRESPONDIENTE, SO PENA DE LAS ACCIONES A QUE HAYA LUGAR.",2024-08-27T00:00:00.000,2029-09-25T00:00:00.000
1903S,UNIDAD DE HEMATOLOGIA Y ONCOLOGIA DE SANTANDER S.A.S.(UNIDHOS S.A.S),Bucaramanga,SANTANDER,Carrera 36 Nro. 48-98,Cumple,"CUMPLE  CON LAS BUENAS PRÁCTICAS DE ELABORACION PARA LOS SIGUIENTES PROCESOS Y/O ACTIVIDADES:

1. ESTÉRILES
1.1. ADECUACIÓN Y AJUSTE DE CONCENTRACIÓN DE MEDICAMENTOS ONCOLÓGICOS. 
1.1.1. LÍQUIDOS

NOTAS ACLARATORIAS:

1. PREPARACIÓN MAGISTRAL: ES EL PREPARADO O PRODUCTO FARMACÉUTICO PARA ATENDER UNA PRESCRIPCIÓN MÉDICA, DE UN PACIENTE INDIVIDUAL, QUE REQUIERE DE ALGÚN TIPO DE INTERVENCIÓN TÉCNICA DE VARIADA COMPLEJIDAD. 
2. EL ANTERIOR CONCEPTO TÉCNICO, AUTORIZA ÚNICAMENTE LOS PROCESOS O ACTIVIDADES Y LAS FORMAS FARMACÉUTICAS ANTERIORMENTE DESCRITAS, LOS CUALES DEBEN CIRCUNSCRIBIRSE AL SISTEMA DE DISTRIBUCIÓN DE MEDICAMENTOS EN DOSIS UNITARIA.
3.TODO CAMBIO CRITICO QUE SE HAGA Y AFECTE LAS CONDICIONES EVALUADAS Y CERTIFICADAS DURANTE LA PRESENTE AUDITORIA, RESPECTO A EQUIPOS, AREAS, PROCESOS PRODUCTIVOS, PERSONAL TECNICO PRINCIPAL (DIRECTOR TECNICO) O DE LAS EMPRESAS CON LAS QUE SE CONTRATO LA REALIZACION DE ACTIVIDADES DE PRODUCCION Y CONTROL DE CALIDAD, DEBERAN SER NOTIFICADOS AL INVIMA CON EL FIN DE QUE ESTE EVALUE Y VERIFIQUE SI SE REQUIERE UNA VISITA DE AMPLIACION O VERIFICACION DEL CONCEPTO TECNICO EMITIDO, DE ACUERDO CON LAS DISPOSICIONES DE LA NORMATIVIDAD SANITARIA CORRESPONDIENTE, SO PENA DE LAS ACCIONES A QUE HAYA LUGAR",2025-06-05T00:00:00.000,2030-07-04T00:00:00.000
1911S,HEMO GROUP S.A.S.,ENVIGADO,ANTIOQUIA,Carrera 48 Nro. 34sur-10 Envigado - Antioquia,Pendiente Inspeccion,"CUMPLE CON LAS BUENAS PRÁCTICAS DE ELABORACION PARA LOS SIGUIENTES PROCESOS Y/O ACTIVIDADES:

1. ESTÉRILES
1.1 ADECUACIÓN Y AJUSTE DE CONCENTRACIONES DE DOSIS DE MEDICAMENTOS ONCOLÓGICOS:  LÍQUIDOS
1.2 ADECUACIÓN Y AJUSTE DE CONCENTRACIONES DE DOSIS DE MEDICAMENTOS NO ONCOLÓGICOS: LÍQUIDOS

NOTAS ACLARATORIAS:
1. PREPARACIÓN MAGISTRAL: ES EL PREPARADO O PRODUCTO FARMACÉUTICO PARA ATENDER UNA PRESCRIPCIÓN MÉDICA, DE UN PACIENTE INDIVIDUAL, QUE REQUIERE DE ALGÚN TIPO DE INTERVENCIÓN TÉCNICA DE VARIADA COMPLEJIDAD.
2. LA ADECUACIÓN Y AJUSTE DE CONCENTRACIONES DE MEDICAMENTOS ONCOLÓGICOS ES REALIZADA EN ÁREAS INDEPENDIENTES Y EXCLUSIVAS, DOTADA DE CABINA DE SEGURIDAD BIOLÓGICA.
3. LA ADECUACIÓN Y AJUSTE DE CONCENTRACIONES DE MEDICAMENTOS NO ONCOLÓGICOS ES REALIZADA EN ÁREAS INDEPENDIENTES Y EXCLUSIVAS, DOTADA DE CABINA DE FLUJO LAMINAR.
4. EL ANTERIOR CONCEPTO TÉCNICO AUTORIZA ÚNICAMENTE LOS PROCESOS Y LAS FORMAS FARMACÉUTICAS ANTERIORMENTE DESCRITAS, PARA MEDICAMENTOS QUE REQUIEREN Y NO REQUIEREN CADENA DE FRÍO CON EL FIN DE CUMPLIR CON LAS DOSIS PRESCRITAS. SE REFIERE A QUE DICHOS PROCESOS DEBEN CIRCUNSCRIBIRSE AL SISTEMA DE DISTRIBUCIÓN DE MEDICAMENTOS EN DOSIS UNITARIA.
5. LOS MEDICAMENTOS DE PARTIDA QUE VAN A SER SOMETIDOS A MEZCLA, ADECUACIONES Y AJUSTE DE CONCENTRACIONES CORRESPONDEN A FORMAS FARMACÉUTICAS SÓLIDAS Y LÍQUIDAS. LA PRESENTACIÓN FINAL ES EN BOLSAS, INFUSORES O JERINGAS.
6. CUALQUIER MODIFICACIÓN QUE SE HAGA EN LAS CONDICIONES EVALUADAS Y CERTIFICADAS DURANTE LA PRESENTE AUDITORIA, RESPECTO A EQUIPOS, ÁREAS, PROCESOS PRODUCTIVOS, PERSONAL TÉCNICO PRINCIPAL O DE LAS EMPRESAS CON LAS QUE SE CONTRATÓ LA REALIZACIÓN DE ACTIVIDADES CRÍTICAS DE PRODUCCIÓN Y CONTROL DE CALIDAD, DEBERÁN SER NOTIFICADAS AL INVIMA CON EL FIN DE QUE ÉSTE EVALÚE Y VERIFIQUE SI SE REQUIERE UNA VISITA DE AMPLIACIÓN O VERIFICACIÓN DEL CONCEPTO TÉCNICO EMITIDO, DE ACUERDO CON LAS DISPOSICIONES DE LA NORMATIVIDAD SANITARIA CORRESPONDIENTE, SO PENA  DE LAS ACCIONES A QUE HAYA LUGAR.",2020-08-21T00:00:00.000,2025-09-16T00:00:00.000
1890S,SOCIEDAD DE ONCOLOGIA Y HEMATOLOGIA DEL CESAR LTDA,VALLEDUPAR,CESAR,Carrera 15 No. 14-91,Cumple,"CUMPLE CON LAS BUENAS PRÁCTICAS DE ELABORACION,  PARA LOS SIGUIENTES PROCESOS Y/O ACTIVIDADES: 

1. ESTÉRILES
1.1.ADECUACIÓN Y AJUSTE DE CONCENTRACIONES DE DOSIS DE MEDICAMENTOS ONCOLÓGICOS
1.1.1. LÍQUIDOS
1.2. ADECUACIÓN Y AJUSTE DE CONCENTRACIONES DE DOSIS DE MEDICAMENTOS NO ONCOLÓGICOS
1.2.1. LÍQUIDOS
1.3. PPREPARACIÓN DE NUTRICIONES PARENTERALES
1.3.1. LÍQUIDOS

2. NO ESTÉRILES
2.1. REEMPAQUE DE MEDICAMENTOS
2.1.1. SÓLIDOS 

NOTAS ACLARATORIAS:
1.  PREPARACIÓN MAGISTRAL: ES EL PREPARADO O PRODUCTO FARMACÉUTICO PARA ATENDER UNA PRESCRIPCIÓN MÉDICA, DE UN PACIENTE INDIVIDUAL, QUE REQUIERE DE ALGÚN TIPO DE INTERVENCIÓN TÉCNICA DE VARIADA COMPLEJIDAD.
2.  LA ADECUACIÓN Y AJUSTE DE CONCENTRACIONES DE MEDICAMENTOS ONCOLÓGICOS, NO ONCOLÓGICOS Y NUTRICIONES PARENTERALES ES REALIZADA EN ÁREAS INDEPENDIENTES Y EXCLUSIVAS.
3.  LOS MEDICAMENTOS DE PARTIDA QUE VAN A SER SOMETIDOS A MEZCLA, ADECUACIONES Y AJUSTE DE CONCENTRACIONES DE DOSIS CORRESPONDEN A FORMAS FARMACÉUTICAS SÓLIDAS Y LÍQUIDAS. LA PRESENTACIÓN FINAL ES EN BOLSAS, JERINGAS E INFUSORES.
4.  LA PRESENTACIÓN FINAL DE LAS NUTRICIONES PARENTERALES ES EN BOLSAS EVA.
5.  LOS PRODUCTOS ELABORADOS SÓLO PUEDEN SER COMERCIALIZADOS A TRAVÉS DE CONVENIOS O CONTRATOS ESTABLECIDOS CON OTROS ESTABLECIMIENTOS FARMACÉUTICOS AUTORIZADOS O SERVICIOS FARMACÉUTICOS HABILITADOS DE INSTITUCIONES PRESTADORAS DE SERVICIOS DE SALUD.
6.  EL ANTERIOR CONCEPTO TÉCNICO, AUTORIZA ÚNICAMENTE LOS PROCESOS Y LAS FORMAS FARMACÉUTICAS ANTERIORMENTE DESCRITAS, PARA MEDICAMENTOS QUE REQUIEREN O NO CADENA DE FRÍO CON EL FIN DE CUMPLIR CON LAS DOSIS PRESCRITAS. SE REFIERE A QUE ESTOS PROCESOS SE DEBEN CIRCUNSCRIBIRSE AL SISTEMA DE DISTRIBUCIÓN DE MEDICAMENTOS DE DOSIS UNITARIA.
7.  TODO CAMBIO CRÍTICO QUE SE HAGA Y AFECTE LAS CONDICIONES EVALUADAS Y CERTIFICADAS DURANTE LA PRESENTE AUDITORÍA, RESPECTO A EQUIPOS, ÁREAS, PROCESOS PRODUCTIVOS, PERSONAL TÉCNICO PRINCIPAL (DIRECTOR TÉCNICO) O DE LAS EMPRESAS CON LAS QUE SE CONTRATÓ LA REALIZACIÓN DE ACTIVIDADES DE PRODUCCIÓN Y CONTROL DE CALIDAD, DEBERÁN SER NOTIFICADOS AL INVIMA CON EL FIN DE QUE ÉSTE EVALÚE Y VERIFIQUE SI SE REQUIERE UNA VISITA DE AMPLIACIÓN O VERIFICACIÓN DEL CONCEPTO TÉCNICO EMITIDO, DE ACUERDO CON LAS DISPOSICIONES DE LA NORMATIVIDAD SANITARIA CORRESPONDIENTE, SO PENA DE LAS ACCIONES A QUE HAYA LUGAR.",2025-08-13T00:00:00.000,2030-09-16T00:00:00.000
1930S,CLINICA CENTRO S.A.,BARRANQUILLA,ATLANTICO,CALLE 40 # 41-110,Cumple,"CUMPLE CON LAS BUENAS PRÁCTICAS DE ELABORACION, POR LO TANTO SE RENUEVA EL CONCEPTO TÉCNICO PARA LOS SIGUIENTES PROCESOS Y/O ACTIVIDADES:  

1. ESTERILES
1.1 ADECUACION Y AJUSTE DE CONCENTRACIONES DE DOSIS DE MEDICAMENTOS NO ONCOLOGICOS: LIQUIDOS
1.2 PREPARACION DE NUTRICIONES PARENTERALES: LIQUIDOS

2. NO ESTERILES
2.1 REEMPAQUE DE MEDICAMENTOS: SOLIDOS
2.2 REENVASE DE MEDICAMENTOS: SOLIDOS

NOTAS ACLARATORIAS:
1. PREPARACIÓN MAGISTRAL: ES EL PREPARADO O PRODUCTO FARMACÉUTICO PARA ATENDER UNA PRESCRIPCIÓN MÉDICA, DE UN PACIENTE INDIVIDUAL, QUE REQUIERE DE ALGÚN TIPO DE INTERVENCIÓN TÉCNICA DE VARIADA COMPLEJIDAD. 
2. LA ADECUACIÓN Y AJUSTE DE CONCENTRACIONES DE MEDICAMENTOS NO ONCOLÓGICOS Y NUTRICIONES PARENTERALES ES REALIZADA EN ÁREAS INDEPENDIENTES Y EXCLUSIVAS DOTADAS DE CABINAS DE SEGURIDAD BIOLÓGICA Y FLUJO LAMINAR. 
3. LOS MEDICAMENTOS DE PARTIDA QUE VAN A SER SOMETIDOS A MEZCLA, ADECUACIONES Y AJUSTE DE CONCENTRACIONES DE DOSIS CORRESPONDEN A FORMAS FARMACÉUTICAS SÓLIDAS Y LÍQUIDAS. LA PRESENTACIÓN FINAL DE PRODUCTOS ESTÉRILES ES EN BOLSAS Y JERINGAS. 
4. LOS PRODUCTOS ELABORADOS SÓLO PUEDEN SER COMERCIALIZADOS A TRAVÉS DE CONVENIOS O CONTRATOS ESTABLECIDOS CON OTROS ESTABLECIMIENTOS FARMACÉUTICOS AUTORIZADOS O SERVICIOS FARMACÉUTICOS HABILITADOS DE INSTITUCIONES PRESTADORAS DE SERVICIOS DE SALUD. 
5. EL ANTERIOR CONCEPTO TÉCNICO AUTORIZA ÚNICAMENTE LOS PROCESOS Y LAS FORMAS FARMACÉUTICAS ANTERIORMENTE DESCRITAS, PARA MEDICAMENTOS QUE REQUIEREN Y NO REQUIEREN CADENA DE FRÍO CON EL FIN DE CUMPLIR CON LAS DOSIS PRESCRITAS. SE REFIERE A QUE DICHOS PROCESOS DEBEN CIRCUNSCRIBIRSE AL SISTEMA DE DISTRIBUCIÓN DE MEDICAMENTOS EN DOSIS UNITARIA. 
6. CUALQUIER MODIFICACIÓN QUE SE HAGA EN LAS CONDICIONES EVALUADAS Y CERTIFICADAS DURANTE LA PRESENTE AUDITORIA, RESPECTO A EQUIPOS, ÁREAS, PROCESOS PRODUCTIVOS, PERSONAL TÉCNICO PRINCIPAL O DE LAS EMPRESAS CON LAS QUE SE CONTRATÓ LA REALIZACIÓN DE ACTIVIDADES CRÍTICAS DE PRODUCCIÓN Y CONTROL DE CALIDAD, DEBERÁN SER NOTIFICADAS AL INVIMA CON EL FIN DE QUE ÉSTE EVALÚE Y VERIFIQUE SI SE REQUIERE UNA VISITA DE AMPLIACIÓN O VERIFICACIÓN DEL CONCEPTO TÉCNICO EMITIDO, DE ACUERDO CON LAS DISPOSICIONES DE LA NORMATIVIDAD SANITARIA CORRESPONDIENTE, SO PENA  DE LAS ACCIONES A QUE HAYA LUGAR.",2022-02-23T00:00:00.000,2027-03-17T00:00:00.000
1907S,HOSPITAL SAN RAFAEL DE PASTO,PASTO,NARIÑO,CALLE 15 Nro. 42C-35,Cumple,"CUMPLE CON LAS BUENAS PRÁCTICAS DE ELABORACION  PARA LOS SIGUIENTES PROCESOS Y/O ACTIVIDADES:

1. NO ESTERILES
1.1. REEMPAQUE DE MEDICAMENTOS. 
1.1.1. SÓLIDOS

NOTAS ACLARATORIAS
1. EL ANTERIOR CONCEPTO TÉCNICO AUTORIZA ÚNICAMENTE LOS PROCESOS Y LAS FORMAS FARMACÉUTICAS ANTERIORMENTE DESCRITAS, CON EL FIN DE CUMPLIR CON LAS DOSIS PRESCRITAS. SE REFIERE A QUE DICHOS PROCESOS DEBEN CIRCUNSCRIBIRSE AL SISTEMA DE DISTRIBUCIÓN DE MEDICAMENTOS EN DOSIS UNITARIA.
2. LOS PRODUCTOS REEMPACADOS SÓLO PUEDEN SER COMERCIALIZADOS A TRAVÉS DE CONVENIOS O CONTRATOS ESTABLECIDOS CON OTROS ESTABLECIMIENTOS FARMACÉUTICOS AUTORIZADOS O SERVICIOS FARMACÉUTICOS HABILITADOS DE INSTITUCIONES PRESTADORAS DE SERVICIOS DE SALUD
3. TODO CAMBIO CRÍTICO QUE SE HAGA Y AFECTE LAS CONDICIONES EVALUADAS Y CERTIFICADAS DURANTE LA PRESENTE AUDITORIA, RESPECTO A EQUIPOS, ÁREAS, PROCESOS PRODUCTIVOS, PERSONAL TÉCNICO PRINCIPAL (DIRECTOR TÉCNICO),  O DE LAS EMPRESAS CON LAS QUE SE CONTRATÓ LA REALIZACIÓN DE ACTIVIDADES DE PRODUCCIÓN Y CONTROL DE CALIDAD, DEBERÁN SER NOTIFICADOS AL INVIMA CON EL FIN DE QUE ÉSTE EVALÚE Y VERIFIQUE SI SE REQUIERE UNA VISITA DE AMPLIACIÓN O VERIFICACIÓN DEL CONCEPTO TÉCNICO EMITIDO, DE ACUERDO CON LAS DISPOSICIONES DE LA NORMATIVIDAD SANITARIA CORRESPONDIENTE, SO PENA  DE LAS ACCIONES A QUE HAYA LUGAR.",2025-07-16T00:00:00.000,2030-08-12T00:00:00.000
1910S,COMUNIDAD DE HERMANAS DOMINICAS DE LA PRESENTACIÓN DE LA SANTÍSIMA VIRGEN DE TOUR-CLÍNICA EL ROSARIO SEDE EL TESORO,Medellín,ANTIOQUIA,carrera 20 Nro. 2 Sur -185,Cumple,"CUMPLE CON LAS BUENAS PRACTICAS DE ELABORACION, PARA LOS SIGUIENTES PROCESOS Y/O ACTIVIDADES:  

1. ESTÉRILES
1.1. ADECUACIÓN Y AJUSTE DE CONCENTRACIONES DE DOSIS DE MEDICAMENTOS ONCOLÓGICOS.
1.1.1. LÍQUIDOS

NOTAS ACLARATORIAS:
1. PREPARACION MAGISTRAL: ES EL PREPARADO O PRODUCTO FARMACEUTICO PARA ATENDER UNA PRESCRIPCION MEDICA, DE UN PACIENTE INDIVIDUAL, QUE REQUIERE DE ALGUN TIPO DE INTERVENCION TECNICA DE VARIADA COMPLEJIDAD.
2. LA ADECUACION Y AJUSTE DE CONCENTRACIONES DE MEDICAMENTOS ONCOLOGICOS ES REALIZADA EN AREAS INDEPENDIENTES Y EXCLUSIVAS.
3. LOS MEDICAMENTOS DE PARTIDA QUE VAN A SER SOMETIDOS A MEZCLA, ADECUACIONES Y AJUSTE DE CONCENTRACIONES DE DOSIS CORRESPONDEN A FORMAS FARMACÉUTICAS SÓLIDAS Y LÍQUIDAS. LA PRESENTACIÓN FINAL ES EN BOLSAS, JERINGAS E INFUSORES.
4. EL ANTERIOR CONCEPTO TÉCNICO AUTORIZA ÚNICAMENTE LOS PROCESOS Y LAS FORMAS FARMACÉUTICAS ANTERIORMENTE DESCRITAS, PARA MEDICAMENTOS QUE REQUIEREN Y NO CADENA DE FRIO CON EL FIN DE CUMPLIR CON LAS DOSIS PRESCRITAS. SE REFIERE A QUE DICHOS PROCESOS DEBEN CIRCUNSCRIBIRSE AL SISTEMA DE DISTRIBUCIÓN DE MEDICAMENTOS DE DOSIS UNITARIA.
5. TODO CAMBIO CRITICO QUE SE HAGA Y AFECTE LAS CONDICIONES EVALUADAS Y CERTIFICADAS DURANTE LA PRESENTE AUDITORIA, RESPECTO A EQUIPOS, AREAS, PROCESOS PRODUCTIVOS, PERSONAL TÉCNICO PRINCIPAL (DIRECTOR TÉCNICO) O DE LAS EMPRESAS CON LAS QUE SE CONTRATO LA REALIZACION DE ACTIVIDADES DE PRODUCCION Y CONTROL DE CALIDAD, DEBERAN SER NOTIFICADOS AL INVIMA CON EL FIN DE QUE ÉSTE EVALUE Y VERIFIQUE SI SE REQUIERE UNA VISITA DE AMPLIACIÓN O VERIFICACION DEL CONCEPTO TÉCNICO EMITIDO, DE ACUERDO CON LAS DISPOSICIONES DE LA NORMATIVIDAD SANITARIA CORRESPONDIENTE, SO PENA DE LAS ACCIONES A QUE HAYA LUGAR.",2025-07-14T00:00:00.000,2030-08-12T00:00:00.000
1880S,UNIDOSSIS S A S establecimiento Unidossis Oriente S.A.S.,Villavicencio,META,Calle 36 Nro. 35 - 62 Clínica Universidad Cooperativa,Cumple,"CUMPLE CON LAS BUENAS PRÁCTICAS DE ELABORACION POR LO TANTO RENUEVA EL CONCEPTO TECNICO PARA LOS SIGUIENTES PROCESOS Y/O ACTIVIDADES:

1. ESTERILES

1.1. ADECUACIÓN Y AJUSTE DE CONCENTRACIONES DE DOSIS DE MEDICAMENTOS ONCOLÓGICOS
1.1.1. LÍQUIDOS 

1.2. ADECUACIÓN Y AJUSTE DE CONCENTRACIONES DE DOSIS DE MEDICAMENTOS NO ONCOLÓGICOS
1.2.1. LÍQUIDOS 

1.3. PREPARACIÓN DE NUTRICIONES PARENTERALES.  
1.3.1. LÍQUIDOS

NOTAS ACLARATORIAS:

1.PREPARACIÓN MAGISTRAL: ES EL PREPARADO O PRODUCTO FARMACEUTICO PARA ATENDER UNA PRESCRIPCIÓN MÉDICA, DE UN PACIENTE INDIVIDUAL, QUE REQUIER DE ALGÚN TIPO DE INTERVENCIÓN TÉCNICA DE VARIADA COMPLEJIDAD.
2. LA ADECUACIÓN Y AJUSTE DE CONCENTRACIONES DE MEDICAMENTOS ONCOLÓGICOS ES REALIZADA EN ÁREAS INDEPENDIENTES Y EXCLUSIVAS.
3. LA ADECUACIÓN Y AJUSTE DE CONCENTRACIONES DE MEDICAMENTOS NO ONCOLÓGICOS Y NUTRICIONALES PARENTALES ES REALIZADA EN ÁREAS INDEPENDIENTES Y EXCLUSIVAS.
4. EL ANTERIOR CONCEPTO TÉCNICO, AUTORIZA ÚNICAMENTE LOS PROCESOS Y TODAS LAS FORMAS FARMACÉUTICAS ANTERIORMENTE DESCRITAS, PARA MEDICAMNTOS QUE REQUIEREN Y NO REQUIEREN CADENA DE FRIO CON EL FIN DE CUMPLIR CON LAS DOSIS PRESCRITAS. SE REFIERE A QUE DICHOS PROCESOS DEBEN CIRCUNSCRIBIRSE AL SISTEMA DE DISTRIBUCIÓN DE MEDICAMENTOS EN DOSIS UNITARIA.
5. LOS MEDICAMENTOS DE PARTIDA QUE VAN A SER SOMETIDOS A MEZCLA, ADECUACIONES Y AJUSTE DE CONCENTRACIONES CORRESPONDEN A FORMAS FARMACÉUTICAS SÓLIDAS Y LÍQUIDAS. LA PRESENTACIÓN FINAL ES EN BOLSAS,  INFUSORES O JERINGAS.
6. LOS PRODUCTOS ELABORADOS SOLO PUEDEN SER COMERCIALIZADOS A TRAVEZ DE CONVENIOS O CONTRATOS ESTABLECIDOS CON OTROS ESTABLECIMIENTOS FARMACÉUTICOS AUTORIZADOS O SERVICIOS FARMACÉUTICOS HABILITADOS DE INSTITUCIONES PRESTADORAS DE SERVICIO DE SALUD.
7. EL ANTERIOR CONCEPTO TÉCNICO, AUTORIZA ÚNICAMENTE LOS PROCESOS Y LAS FORMAS FARMACÉUTICAS ANTERIORMENTE DESCRITAS. 
8. TODO CAMBIO CRITICO QU S HAGA Y AFECTA LAS CONDICIONES EVALUADAS DURANTE LA PRESENTE AUDITORIA RESPECTO A EQUIPOS, ÁREAS, PROCESOS PRODUCTIVOS, PERSONAL TÉCNICO PRINCIPAL O DE LAS EMPRESAS QUE SE CONTRATO LA REALIZACIÓN DE LAS ACTIVIDADES CRÍTICAS DE PRODUCCION Y CONTROL DE CALIDAD, DEBERÁN SER NOTIFICADAS AL INVIMA CON EL FIN DE QUE SE EVALUÉ Y VERIFIQUE SI SE REQUIERE UNA VISITA DE AMPLIACIÓN O VERIFICACIÓN DEL CONCEPTO TÉCNICO EMITIDO DE ACUERDO CON LAS DISPOSICIONES DE LA NORMATIVIDAD SANITARIA SO PENA DE LAS ACCIONES A QUE HAYA LUGAR.",2024-05-23T00:00:00.000,2029-06-27T00:00:00.000
1941S,CLINICA MEDICAL S.A.S.,BOGOTA D.C.,BOGOTA D.C.,Calle 36 Sur Nro. 77 - 33,Cumple,"CUMPLE CON LAS BUENAS PRACTICAS DE ELABORACION, POR LO TANTO, SE RENUEVA EL CONCEPTO TECNICO PARA LOS SIGUIENTES PROCESOS Y/O ACTIVIDADES:

1.ESTERILES

1.1.  ADECUACION Y AJUSTE DE CONCENTRACIONES DE DOSIS DE MEDICAMENTOS NO ONCOLOGICOS
1.1.1. LIQUIDOS
1.2.  PREPARACION DE NUTRICIONES PARENTERALES   
1.2.1. LIQUIDOS

2. NO ESTERILES

2.1. REEMPAQUE DE MEDICAMENTOS
2.1.1. SOLIDOS

NOTAS ACLARATORIAS: 
1. PREPARACION MAGISTRAL: ES EL PREPARADO O PRODUCTO FARMACEUTICO PARA ATENDER UNA PRESCRIPCION MEDICA, DE UN PACIENTE INDIVIDUAL, QUE REQUIERE DE ALGUN TIPO DE INTERVENCION TECNICA DE VARIADA COMPLEJIDAD.
2. LA ADECUACION Y AJUSTE DE CONCENTRACIONES DE MEDICAMENTOS NO ONCOLOGICOS Y NUTRICIONES PARENTERALES ES REALIZADA EN AREAS INDEPENDIENTES Y EXCLUSIVAS DOTADAS DE AISLADORES ASEPTICOS TIPO CAI.
3. LOS MEDICAMENTOS DE PARTIDA QUE VAN A SER SOMETIDOS A MEZCLA, ADECUACIONES Y AJUSTE DE CONCENTRACIONES DE DOSIS CORRESPONDEN A FORMAS FARMACEUTICAS SOLIDAS Y LIQUIDAS. LA PRESENTACION FINAL DE PRODUCTOS ESTERILES ES EN BOLSAS Y JERINGAS.
4. LOS PRODUCTOS ELABORADOS SOLO PUEDEN SER COMERCIALIZADOS A TRAVES DE CONVENIOS O CONTRATOS ESTABLECIDOS CON OTROS ESTABLECIMIENTOS FARMACEUTICOS AUTORIZADOS O SERVICIOS FARMACEUTICOS HABILITADOS DE INSTITUCIONES PRESTADORAS DE SERVICIOS DE SALUD. 
5. EL ANTERIOR CONCEPTO TECNICO AUTORIZA UNICAMENTE LOS PROCESOS Y LAS FORMAS FARMACEUTICAS ANTERIORMENTE DESCRITAS, PARA MEDICAMENTOS QUE REQUIEREN Y NO REQUIEREN CADENA DE FRIO CON EL FIN DE CUMPLIR CON LAS DOSIS PRESCRITAS. SE REFIERE A QUE DICHOS PROCESOS DEBEN CIRCUNSCRIBIRSE AL SISTEMA DE DISTRIBUCION DE MEDICAMENTOS EN DOSIS UNITARIA.  
6. CUALQUIER MODIFICACION QUE SE HAGA EN LAS CONDICIONES EVALUADAS Y CERTIFICADAS DURANTE LA PRESENTE AUDITORIA, RESPECTO A EQUIPOS, AREAS, PROCESOS PRODUCTIVOS, PERSONAL TECNICO PRINCIPAL (DIRECTOR TECNICO) O DE LAS EMPRESAS CON LAS QUE SE CONTRATO LA REALIZACION DE ACTIVIDADES CRITICAS DE PRODUCCION Y CONTROL DE CALIDAD, DEBERAN SER NOTIFICADAS AL INVIMA CON EL FIN DE QUE ESTE EVALUE Y VERIFIQUE SI SE REQUIERE UNA VISITA DE AMPLIACION O VERIFICACION DEL CONCEPTO TECNICO EMITIDO, DE ACUERDO CON LAS DISPOSICIONES DE LA NORMATIVIDAD SANITARIA CORRESPONDIENTE, SO PENA  DE LAS ACCIONES A QUE HAYA LUGAR.",2023-05-08T00:00:00.000,2028-06-05T00:00:00.000
1950S,PROMOTORA CLINICA ZONA FRANCA DE URABA S.A.S.,Apartado,ANTIOQUIA,Carrea 100 Nro. 43-770 Lote C 101,Cumple,"CUMPLE CON LAS BUENAS PRÁCTICAS DE ELABORACION PARA LOS SIGUIENTES PROCESOS Y/O ACTIVIDADES:

1. ESTÉRILES
1.1 ADECUACIÓN Y AJUSTE DE CONCENTRACIONES DE DOSIS DE MEDICAMENTOS ONCOLÓGICOS: 1.1.1. LÍQUIDOS.
1.2 ADECUACIÓN Y AJUSTE DE CONCENTRACIONES DE DOSIS DE MEDICAMENTOS NO ONCOLÓGICOS: 
1.2.1. LÍQUIDOS.
1.3 PREPARACIÓN DE NUTRICIONES PARENTERALES: 
1.3.1. LÍQUIDOS.

2. NO ESTÉRILES
2.1 REEMPAQUE DE MEDICAMENTOS: 
2.1.1. SÓLIDOS.
2.2 REENVASE DE MEDICAMENTOS: 
2.2.1. SÓLIDOS 
2.2.2. LÍQUIDOS.

NOTAS ACLARATORIAS:
1. PREPARACION MAGISTRAL: ES EL PREPARADO O PRODUCTO FARMACEUTICO PARA ATENDER UNA PRESCRIPCION MEDICA, DE UN PACIENTE INDIVIDUAL, QUE REQUIERE DE ALGUN TIPO DE INTERVENCION TECNICA DE VARIADA COMPLEJIDAD.
2. LA ADECUACION Y AJUSTE DE CONCENTRACIONES DE MEDICAMENTOS ONCOLOGICOS ES REALIZADA EN AREAS INDEPENDIENTES Y EXCLUSIVAS, DOTADA DE CABINA DE BIOSEGURIDAD.
3. LA ADECUACION Y AJUSTE DE CONCENTRACIONES DE MEDICAMENTOS NO ONCOLOGICOS Y NUTRICIONES PARENTERALES ES REALIZA EN AREAS INDEPENDIENTES Y EXCLUSIVAS, DOTADAS DE CABINAS DE BIOSEGURIDAD Y FLUJO LAMINAR HORIZONTAL, RESPECTIVAMENTE.
4. LOS MEDICAMENTOS DE PARTIDA QUE VAN A SER SOMETIDOS A MEZCLA, ADECUACIONES Y AJUSTE DE CONCENTRACION CORRESPONDEN A FORMAS FARMACEUTICAS SOLIDAS O LIQUIDAS. LA PRESENTACION FINAL ES EN BOLSAS O JERINGAS O INFUSORES.
5. LA PRESENTACION FINAL DE LAS NUTRICIONES PARENTERALES ES EN BOLSAS EVA.
6. LOS MEDICAMENTOS DE PARTIDA QUE VAN A HACER SOMETIDOS A MEZCLAS, ADECUACIONES, Y AJUSTE DE CONCENTRACION DE DOSIS Y REENVASE DE NO ESTERILES CORRESPONDEN A FORMAS FARMACEUTICAS SOLIDAS Y LIQUIDAS. LA PRESENTACION FINAL ES EN BOLSAS O JERINGAS.
7. LOS PRODUCTOS ELABORADOS SOLO PUEDEN SER COMERCIALIZADOS A TRAVES DE CONVENIOS O CONTRATOS ESTABLECIDOS CON OTROS ESTABLECIMIENTOS FARMACEUTICOS AUTORIZADOS O SERVICIOS FARMACEUTICOS HABILITADOS DE INSTITUCIONES PRESTADORAS DE SALUD. 
8. EL ANTERIOR CONCEPTO TECNICO AUTORIZA UNICAMENTE LOS PROCESOS Y LAS FORMAS FARMACEUTICAS ANTERIORMENTE DESCRITAS, PARA MEDICAMENTOS QUE REQUIEREN Y NO REQUIEREN CADENA DE FRIO CON EL FIN DE CUMPLIR CON LAS DOSIS PRESCRITAS. SE REFIERE A QUE DICHOS PROCESOS DEBEN CIRCUNSCRIBIRSE AL SISTEMA DE DISTRIBUCION DE MEDICAMENTOS EN DOSIS UNITARIA.
9. CUALQUIER MODIFICACION QUE SE EFECTUE EN LAS CONDICIONES EVALUADAS Y CERTIFICADAS DURANTE LA PRESENTE AUDITORIA RESPECTO A EQUIPOS, ÁREAS, PROCESOS PRODUCTIVOS, PERSONAL TECNICO PRINCIPAL O DE LAS EMPRESAS QUE SE CONTRATO LA REALIZACION DE LAS ACTIVIDADES CRITICAS DE CONTROL DE CALIDAD Y PRODUCCION, DEBERAN SER NOTIFICADAS AL INVIMA CON EL FIN DE QUE SE EVALUE Y VERIFIQUE SI SE REQUIERE UNA VISITA DE AMPLIACION O VERIFICACION DEL CONCEPTO TECNICO EMITIDO, DE ACUERDO CON LAS DISPOSICIONES DE LA NORMATIVIDAD SANITARIA CORRESPONDIENTE, SO PENA DE LAS ACCIONES A QUE HAYA LUGAR”.",2021-05-14T00:00:00.000,2026-06-15T00:00:00.000
1934S,CENTRO MEDICO CRECER LTDA.,CARTAGENA,BOLIVAR,Avenida Pedro de Heredia el Prado Calle 30 No. 34 - 22,PENDIENTE INSPECCION,"CUMPLE CON LAS BUENAS PRACTICAS DE ELABORACION PARA  LOS SIGUIENTES  PROCESOS  Y/O ACTIVIDADES:

1. ESTERILES
1.1.ADECUACION Y AJUSTE DE CONCENTRACIONES DE DOSIS DE MEDICAMENTOS NO ONCOLOGICOS : LIQUIDOS
1.2. PREPARACION DE NUTRICIONES PARENTERALES: LIQUIDOS 

2. NO ESTERILES
2.1. REEMPAQUE DE MEDICAMENTOS: SOLIDOS.
2.2. REENVASE DE MEDICAMENTOS: SOLIDOS Y LIQUIDOS

NOTAS ACLARATORIAS:
1. PREPARACION MAGISTRAL: ES EL PREPARADO O PRODUCTO FARMACEUTICO PARA ATENDER UNA PRESCRIPCION MEDICA, DE UN PACIENTE INDIVIDUAL, QUE REQUIERE DE ALGUN TIPO DE INTERVENCION TECNICA DE VARIADA COMPLEJIDAD.
2. LA ADECUACION Y AJUSTE DE CONCENTRACIONES DE MEDICAMENTOS NO ONCOLOGICOS Y NUTRICIONES PARENTERALES ES REALIZADA EN AREAS INDEPENDIENTES Y EXCLUSIVAS.
3. EL ANTERIOR CONCEPTO TECNICO AUTORIZA UNICAMENTE LOS PROCESOS Y LAS FORMAS FARMACEUTICAS ANTERIORMENTE DESCRITAS, PARA MEDICAMENTOS QUE REQUIEREN Y NO REQUIEREN CADENA DE FRIO CON EL FIN DE CUMPLIR CON LAS DOSIS PRESCRITAS. SE REFIERE A QUE DICHOS PROCESOS DEBEN CIRCUNSCRIBIRSE AL SISTEMA DE DISTRIBUCION DE MEDICAMENTOS EN DOSIS UNITARIA.
4. LOS MEDICAMENTOS DE PARTIDA QUE VAN A SER SOMETIDOS A MEZCLA, ADECUACIONES Y AJUSTE DE CONCENTRACIONES CORRESPONDEN A FORMAS FARMACEUTICAS SOLIDAS Y LIQUIDAS. LA PRESENTACION FINAL ES EN BOLSAS, JERINGAS, FRASCOS E INFUSORES.
5. LOS PRODUCTOS ELABORADOS SOLO PUEDEN SER COMERCIALIZADOS A TRAVES DE CONVENIOS O CONTRATOS ESTABLECIDOS CON OTROS ESTABLECIMIENTOS FARMACEUTICOS AUTORIZADOS O SERVICIOS FARMACEUTICOS HABILITADOS DE INSTITUCIONES PRESTADORAS DE SERVICIOS DE SALUD.
6. CUALQUIER MODIFICACION QUE SE HAGA EN LAS CONDICIONES EVALUADAS Y CERTIFICADAS DURANTE LA PRESENTE AUDITORIA, RESPECTO A EQUIPOS, AREAS, PROCESOS PRODUCTIVOS, PERSONAL TECNICO PRINCIPAL O DE LAS EMPRESAS CON LAS QUE SE CONTRATO LA REALIZACION DE ACTIVIDADES CRITICAS DE PRODUCCION Y CONTROL DE CALIDAD, DEBERAN SER NOTIFICADAS AL INVIMA CON EL FIN DE QUE ESTE EVALUE Y VERIFIQUE SI SE REQUIERE UNA VISITA DE AMPLIACION O VERIFICACION DEL CONCEPTO TECNICO EMITIDO, DE ACUERDO CON LAS DISPOSICIONES DE LA NORMATIVIDAD SANITARIA CORRESPONDIENTE, SO PENA DE LAS ACCIONES A QUE HAYA LUGAR.",2021-03-29T00:00:00.000,2026-05-07T00:00:00.000
1954S,OHI ORGANIZACION HUMANA INTEGRAL SA (ANTES : CLINICA INTEGRAL DE EMERGENCIAS LAURA DANIELA),VALLEDUPAR,CESAR,CARRERA 19 Nro. 14 - 47 BARRIO SAN VICENTE,Cumple,"CUMPLE CON LAS BUENAS PRACTICAS DE ELABORACION PARA LOS SIGUIENTES PROCESOS Y/O ACTIVIDADES:


1. ESTERILES
1.1. ADECUACION Y AJUSTE DE CONCENTRACIONES DE                 DOSIS DE MEDICAMENTOS ONCOLOGICOS: LIQUIDOS
1.2. ADECUACION Y AJUSTE DE CONCENTRACIONES DE                DOSIS DE MEDICAMENTOS NO ONCOLOGICOS: LIQUIDOS
1.3. PREPARACION DE NUTRICIONES PARENTERALES: LIQUIDOS

2. NO ESTERILES
1.1. REEMPAQUE DE MEDICAMENTOS: SOLIDOS.
1.2. REENVASE DE MEDICAMENTOS: LIQUIDOS Y SOLIDOS
1.3. PREPARACIONES MAGISTRALES: LIQUIDOS (SOLUCIONES                 Y SUSPENSIONES) Y SEMISOLIDOS (CREMAS).

3. NOTAS ACLARATORIAS:
3.1 PREPARACION MAGISTRAL: ES EL PREPARADO O PRODUCTO FARMACEUTICO PARA ATENDER UNA PRESCRIPCION MEDICA, DE UN PACIENTE INDIVIDUAL, QUE REQUIERE DE ALGUN TIPO DE INTERVENCION TECNICA DE VARIADA COMPLEJIDAD.
3.2 LA ADECUACION Y AJUSTE DE CONCENTRACIONES DE MEDICAMENTOS ONCOLOGICOS ES REALIZADA EN AREAS INDEPENDIENTES Y EXCLUSIVAS.
3.3 LA ADECUACION Y AJUSTE DE CONCENTRACIONES DE MEDICAMENTOS NO ONCOLOGICOS Y NUTRICIONES PARENTERALES ES REALIZADA EN AREAS INDEPENDIENTES Y EXCLUSIVAS.
3.4 LOS MEDICAMENTOS DE PARTIDA QUE SON SOMETIDOS A MEZCLA, ADECUACIONES Y AJUSTE DE CONCENTRACIONES DE DOSIS CORRESPONDEN A FORMAS FARMACEUTICAS SOLIDAS Y LIQUIDAS. LA PRESENTACION FINAL ES EN BOLSAS, INFUSORES O JERINGAS.
3.5 EL ANTERIOR CONCEPTO TECNICO AUTORIZA UNICAMENTE LOS PROCESOS Y LAS FORMAS FARMACEUTICAS ANTERIORMENTE DESCRITAS, PARA MEDICAMENTOS QUE REQUIEREN Y NO REQUIEREN CADENA DE FRIO CON EL FIN DE CUMPLIR CON LAS DOSIS PRESCRITAS. SE REFIERE A QUE DICHOS PROCESOS DEBEN CIRCUNSCRIBIRSE AL SISTEMA DE DISTRIBUCION DE MEDICAMENTOS EN DOSIS UNITARIA.
3.6 LOS PRODUCTOS ELABORADOS SOLO PUEDEN SER COMERCIALIZADOS A TRAVES DE CONVENIOS O CONTRATOS ESTABLECIDOS CON OTROS ESTABLECIMIENTOS FARMACEUTICOS AUTORIZADOS O SERVICIOS FARMACEUTICOS HABILITADOS DE INSTITUCIONES PRESTADORAS DE SERVICIOS DE SALUD.
3.7 TODO CAMBIO CRITICO QUE SE HAGA Y AFECTE LAS CONDICIONES EVALUADAS Y CERTIFICADAS DURANTE LA PRESENTE AUDITORIA, RESPECTO A EQUIPOS, AREAS, PROCESOS PRODUCTIVOS, PERSONAL TECNICO PRINCIPAL (DIRECTOR TECNICO), O DE LAS EMPRESAS CON LAS QUE SE CONTRATO LA REALIZACION DE ACTIVIDADES CRITICAS DE PRODUCCION Y CONTROL DE CALIDAD, DEBERAN SER NOTIFICADAS AL INVIMA CON EL FIN DE QUE ESTE EVALUE Y VERIFIQUE SI SE REQUIERE UNA VISITA DE AMPLIACION O VERIFICACION DEL CONCEPTO TECNICO EMITIDO, DE ACUERDO CON LAS DISPOSICIONES DE LA NORMATIVIDAD SANITARIA CORRESPONDIENTE, SO PENA  DE LAS ACCIONES A QUE HAYA LUGAR.",2024-02-07T00:00:00.000,2029-03-07T00:00:00.000
1958S,MEDICINA NUCLEAR S.A,Valledupar,CESAR,Carrera 15 No. 16 - 176,Cumple,"CUMPLE  CON LAS BUENAS PRÁCTICAS DE ELABORACIÓN DE RADIOFÁRMACOS - BPER PARA LOS SIGUIENTES PROCESOS Y/O ACTIVIDADES:

1. ESTÉRILES
1.1. ELUCIÓN, MARCACIÓN Y DOSIFICACIÓN DE RADIOFÁRMACOS CON REGISTRO SANITARIO SIGUIENDO ESTRICTAMENTE LAS INDICACIONES DEL FABRICANTE.
1.1.1. LÍQUIDOS: SOLUCIONES Y SUSPENSIONES EN JERINGAS
1.2. AJUSTE DE CONCENTRACIÓN, EN ACTIVIDAD Y/O VOLUMEN DE RADIOFÁRMACOS CON REGISTRO SANITARIO
1.2.1. LÍQUIDOS: SOLUCIONES EN JERINGAS
1.3. RECEPCIÓN Y VERIFICACIÓN DE DOSIS DE RADIOFÁRMACOS LISTAS PARA USAR EN LA FORMA FARMACÉUTICA FINAL PROVENIENTES DE UNA RADIOFARMACIA QUE CUENTE CON LA CERTIFICACIÓN EN BUENAS PRÁCTICAS DE ELABORACIÓN DE RADIOFÁRMACOS (BPER)
1.3.1. LÍQUIDOS: SOLUCIONES EN JERINGAS

2. NO ESTERILES
2.1. RECEPCIÓN Y VERIFICACIÓN DE DOSIS DE RADIOFÁRMACOS LISTAS PARA       USAR EN LA FORMA FARMACÉUTICA FINAL PROVENIENTES DE PROVEEDOR.
2.1.1. SÓLIDOS: CÁPSULAS DURAS DE GELATINA

NOTAS ACLARATORIAS:
1. PREPARACIÓN MAGISTRAL: ES EL PREPARADO O PRODUCTO FARMACÉUTICO PARA ATENDER UNA PRESCRIPCIÓN MÉDICA, DE UN PACIENTE INDIVIDUAL, QUE REQUIERE DE ALGÚN TIPO DE INTERVENCIÓN TÉCNICA DE VARIADA COMPLEJIDAD. 
2. RADIOFÁRMACO: PRODUCTO PREPARADO CON FINES DIAGNÓSTICOS, DE MONITOREO DE ENFERMEDAD O TERAPÉUTICOS CUYO EFECTO ES PRODUCIDO POR LA RADIACIÓN, DEBIDO A QUE CONTIENEN RADIONÚCLIDOS QUE EXHIBEN DESINTEGRACIONES ESPONTÁNEAS DEL NÚCLEO INESTABLE CON EMISIÓN DE PARTÍCULAS NUCLEARES O FOTONES.
3. LA ELUCIÓN DE GENERADORES SE AUTORIZA DE ACUERDO CON LOS RADIONÚCLIDOS AUTORIZADOS BAJO LA LICENCIA DEL INSTITUTO GEOLÓGICO COLOMBIANO.
4. LOS PROCESOS ESTÉRILES ANTERIORMENTE MENCIONADOS SE REALIZAN EN CONDICIONES ASÉPTICAS.
5. EL ANTERIOR CONCEPTO TÉCNICO, AUTORIZA ÚNICAMENTE LOS PROCESOS Y LAS FORMAS FARMACÉUTICAS ANTERIORMENTE DESCRITAS.
6. TODO CAMBIO CRÍTICO QUE SE HAGA Y AFECTE LAS CONDICIONES EVALUADAS Y CERTIFICADAS DURANTE LA PRESENTE AUDITORIA, RESPECTO A EQUIPOS, ÁREAS, PROCESOS PRODUCTIVOS, PERSONAL TÉCNICO PRINCIPAL O DE LAS EMPRESAS CON LAS QUE SE CONTRATÓ LA REALIZACIÓN DE ACTIVIDADES DE PRODUCCIÓN Y CONTROL DE CALIDAD, DEBERÁN SER NOTIFICADOS AL INVIMA CON EL FIN DE QUE ÉSTE EVALÚE Y VERIFIQUE SI SE REQUIERE UNA VISITA DE AMPLIACIÓN O VERIFICACIÓN DEL CONCEPTO TÉCNICO EMITIDO, DE ACUERDO CON LAS DISPOSICIONES DE LA NORMATIVIDAD SANITARIA CORRESPONDIENTE, SO PENA  DE LAS ACCIONES A QUE HAYA LUGAR.",2023-11-28T00:00:00.000,2028-12-28T00:00:00.000
1936S,CLINICA DEL CARIBE S.A.,Barranquilla,ATLANTICO,Calle 80 No. 49C - 65,PENDIENTE INSPECCION,"CUMPLE CON LAS BUENAS PRACTICAS DE ELABORACION  PARA LOS SIGUIENTES PROCESOS Y/O ACTIVIDADES: 

1. ESTERILES

1.1. ADECUACION Y AJUSTE DE CONCENTRACIONES DE DOSIS DE MEDICAMENTOS ONCOLOGICOS
1.1.1. LIQUIDOS 
1.2. ADECUACION Y AJUSTE DE CONCENTRACIONES DE DOSIS DE MEDICAMENTOS NO ONCOLOGICOS
1.2.1. LIQUIDOS

1.3. PREPARACION DE NUTRICIONES PARENTERALES 
1.3.1. LIQUIDOS

2. NO ESTERILES

2.1. REEMPAQUE DE MEDICAMENTOS.
2.1.1. SOLIDOS.

2.2. REENVASE DE MEDICAMENTOS 
2.2.1. LIQUIDOS
2.2.2.  SOLIDOS.

NOTAS ACLARATORIAS:
1. PREPARACION MAGISTRAL: ES EL PREPARADO O PRODUCTO FARMACEUTICO PARA ATENDER UNA PRESCRIPCION MADICA, DE UN PACIENTE INDIVIDUAL, QUE REQUIERE DE ALGUN TIPO DE INTERVENCION TACNICA DE VARIADA COMPLEJIDAD.
2. LA ADECUACION Y AJUSTE DE CONCENTRACIONES DE MEDICAMENTOS ONCOLOGICOS ES REALIZADA EN AREAS INDEPENDIENTES Y EXCLUSIVAS.
3. LA ADECUACION Y AJUSTE DE CONCENTRACIONES DE MEDICAMENTOS NO ONCOLOGICOS Y NUTRICIONES PARENTERALES ES REALIZADA EN AREAS INDEPENDIENTES Y EXCLUSIVAS.
4. EL ANTERIOR CONCEPTO TACNICO AUTORIZA UNICAMENTE LOS PROCESOS Y LAS FORMAS FARMACAUTICAS ANTERIORMENTE DESCRITAS, PARA MEDICAMENTOS QUE REQUIEREN Y NO REQUIEREN CADENA DE FRIO CON EL FIN DE CUMPLIR CON LAS DOSIS PRESCRITAS. SE REFIERE A QUE DICHOS PROCESOS DEBEN CIRCUNSCRIBIRSE AL SISTEMA DE DISTRIBUCION DE MEDICAMENTOS EN DOSIS UNITARIA.
5. LOS MEDICAMENTOS DE PARTIDA QUE VAN A SER SOMETIDOS A MEZCLA, ADECUACIONES Y AJUSTE DE CONCENTRACIONES CORRESPONDEN A FORMAS FARMACAUTICAS SOLIDAS Y LIQUIDAS. LA PRESENTACION FINAL ES EN BOLSAS, JERINGAS, FRASCOS E INFUSORES.
6. EL ANTERIOR CONCEPTO TACNICO, AUTORIZA UNICAMENTE LOS PROCESOS Y LAS FORMAS FARMACAUTICAS ANTERIORMENTE DESCRITAS.
7. CUALQUIER MODIFICACION QUE SE HAGA EN LAS CONDICIONES EVALUADAS Y CERTIFICADAS DURANTE LA PRESENTE AUDITORIA, RESPECTO A EQUIPOS, AREAS, PROCESOS PRODUCTIVOS, PERSONAL TACNICO PRINCIPAL O DE LAS EMPRESAS CON LAS QUE SE CONTRATO LA REALIZACION DE ACTIVIDADES CRITICAS DE PRODUCCION Y CONTROL DE CALIDAD, DEBERAN SER NOTIFICADAS AL INVIMA CON EL FIN DE QUE ASTE EVALUE Y VERIFIQUE SI SE REQUIERE UNA VISITA DE AMPLIACION O VERIFICACION DEL CONCEPTO TACNICO EMITIDO, DE ACUERDO CON LAS DISPOSICIONES DE LA NORMATIVIDAD SANITARIA CORRESPONDIENTE, SO PENA DE LAS ACCIONES A QUE HAYA LUGAR.",2021-03-19T00:00:00.000,2026-05-07T00:00:00.000
1479S,CLINICA NUESTRA SEÑORA DE LOS REMEDIOS,SANTIAGO DE CALI,VALLE DEL CAUCA,AVENIDA 2 NORTE NRO. 24 - 157,PENDIENTE INSPECCION,"CUMPLE CON LAS BUENAS PRACTICAS DE ELABORACION, PARA LOS SIGUIENTES PROCESOS Y/O ACTIVIDADES:

1. ESTERILES
1.1. ADECUACION Y AJUSTE DE CONCENTRACIONES DE DOSIS DE MEDICAMENTOS ONCOLOGICOS.
1.1.1. LIQUIDOS
1.2. ADECUACION Y AJUSTE DE CONCENTRACIONES DE DOSIS DE MEDICAMENTOS NO ONCOLOGICOS .
1.2.1. LIQUIDOS
1.3. PREPARACION DE NUTRICIONES PARENTERALES.
1.3.1. LIQUIDOS

2. NO ESTERILES
2.1. REEMPAQUE DE MEDICAMENTOS
2.1.1. SOLIDOS
2.2. REENVASE DE MEDICAMENTOS
2.2.1. LIQUIDOS
2.3. PREPARACIONES MAGISTRALES 
2.3.1. LIQUIDOS

NOTAS ACLARATORIAS:
1. PREPARACION MAGISTRAL: ES EL PREPARADO O PRODUCTO FARMACEUTICO PARA ATENDER UNA PRESCRIPCION MEDICA, DE UN PACIENTE INDIVIDUAL, QUE REQUIERE DE ALGUN TIPO DE INTERVENCION TECNICA DE VARIADA COMPLEJIDAD.
2. LA ADECUACION Y AJUSTE DE CONCENTRACIONES DE MEDICAMENTOS ONCOLOGICOS ES REALIZADA EN AREAS INDEPENDIENTES Y EXCLUSIVAS.
3. LA ADECUACION Y AJUSTE DE CONCENTRACIONES DE MEDICAMENTOS NO ONCOLOGICOS Y NUTRICIONES PARENTERALES ES REALIZADA EN AREAS INDEPENDIENTES Y EXCLUSIVAS.
4. LOS MEDICAMENTOS DE PARTIDA QUE VAN A SER SOMETIDOS A MEZCLA, ADECUACIONES Y AJUSTE DE CONCENTRACIONES CORRESPONDEN A FORMAS FARMACEUTICAS SOLIDAS Y LIQUIDAS. LA PRESENTACION FINAL ES EN BOLSAS, JERINGAS, FRASCOS E INFUSORES.
5. EL ANTERIOR CONCEPTO TECNICO AUTORIZA UNICAMENTE LOS PROCESOS Y LAS FORMAS FARMACEUTICAS ANTERIORMENTE DESCRITAS, PARA MEDICAMENTOS QUE REQUIEREN Y NO REQUIEREN CADENA DE FRIO CON EL FIN DE CUMPLIR CON LAS DOSIS PRESCRITAS. SE REFIERE A QUE DICHOS PROCESOS DEBEN CIRCUNSCRIBIRSE AL SISTEMA DE DISTRIBUCION DE MEDICAMENTOS EN DOSIS UNITARIA.
6. CUALQUIER MODIFICACION QUE SE HAGA EN LAS CONDICIONES EVALUADAS Y CERTIFICADAS DURANTE LA PRESENTE AUDITORIA, RESPECTO A EQUIPOS, AREAS, PROCESOS PRODUCTIVOS, PERSONAL TECNICO PRINCIPAL O DE LAS EMPRESAS CON LAS QUE SE CONTRATO LA REALIZACION DE ACTIVIDADES CRITICAS DE PRODUCCION Y CONTROL DE CALIDAD, DEBERAN SER NOTIFICADAS AL INVIMA CON EL FIN DE QUE ESTE EVALUE Y VERIFIQUE SI SE REQUIERE UNA VISITA DE AMPLIACION O VERIFICACION DEL CONCEPTO TECNICO EMITIDO, DE ACUERDO CON LAS DISPOSICIONES DE LA NORMATIVIDAD SANITARIA CORRESPONDIENTE, SO PENA  DE LAS ACCIONES A QUE HAYA LUGAR.",2021-03-17T00:00:00.000,2026-04-15T00:00:00.000
1752S,CLÍNICA COMFAMILIAR - RISARALDA,PEREIRA,RISARALDA,AVENIDA CIRCUNVALAR Nº.3-01,Cumple,"CUMPLE CON LAS BUENAS PRÁCTICAS DE ELABORACION PARA PARA  LOS SIGUIENTES PROCESOS Y/O ACTIVIDADES:
 
1. ESTERILES
1.1. ADECUACION Y AJUSTE DE CONCENTRACIONES DE DOSIS DE MEDICAMENTOS NO ONCOLOGICOS
1.1.1. LÍQUIDOS 
1.2. PREPARACION NUTRICIONES PARENTERALES    
1.2.1. LIQUIDOS 
1.3. ADECUACIÓN Y AJUSTE DE CONCENTRACIONES DE DOSIS DE MEDICAMENTOS ONCOLÓGICOS.
1.3.1. LIQUIDOS
1.4. REENVASE DE MEDICAMENTOS.
1.4.1. LIQUIDOS

2. NO ESTERILES
2.1. REEMPAQUE DE MEDICAMENTOS. 
2.1.1. SOLIDOS.
2.2. REENVASE DE MEDICAMENTOS.
2.2.1.  SOLIDOS Y LIQUIDOS
2.2. PREPARACION DE MAGISTRALES  
2.2.1.  LIQUIDOS, SOLIDOS (POLVOS), SEMISOLIDOS (CREMAS, GELES Y UNGÜENTOS).

NOTAS ACLARATORIAS:

1. PREPARACION  MAGISTRAL:   ES EL PREPARADO  O PRODUCTO FARMACEUTICO  PARA ATENDER  UNA PRESCRIPCION   MEDICA, DE UN PACIENTE   INDIVIDUAL,   QUE  REQUIERE   DE  ALGUN  TIPO  DE  INTERVENCION    TECNICA   DE  VARIADA   COMPLEJIDAD,   ESTAS PREPARACIONES  SON REALIZADAS A PARTIR  DE MEDICAMENTOS  COMO PRODUCTO TERMINADO.
2. LA ADECUACION Y AJUSTE DE CONCENTRACIONES DE MEDICAMENTOS ONCOLOGICOS ES REALIZADA EN AREAS INDEPENDIENTES Y EXCLUSIVAS.
3. LA ADECUACION Y AJUSTE DE CONCENTRACIONES DE MEDICAMENTOS NO ONCOLOGICOS Y NUTRICIONES PARENTERALES ES REALIZADA EN AREAS INDEPENDIENTES Y EXCLUSIVAS.
4. ESTE CONCEPTO INCLUYE LOS PROCESOS DE ADECUACION Y AJUSTE DE CONCENTRACIONES DE DOSIS DE MEDICAMENTOS ONCOLOGICOS Y NO ONCOLOGICOS PARA CUMPLIR CON LAS DOSIS PRESCRITAS DE MEDICAMENTOS QUE REQUIEREN Y NO REQUIEREN CADENA DE FRIO.
5. LOS MEDICAMENTOS DE PARTIDA QUE VAN A SER SOMETIDOS A MEZCLA, ADECUACIONES Y AJUSTE DE CONCENTRACIONES CORRESPONDEN A FORMAS FARMACEUTICAS SOLIDAS Y LIQUIDAS.  LA PRESENTACION FINAL ES EN BOLSAS O JERINGAS
6. EL ANTERIOR CONCEPTO TECNICO AUTORIZA UNICAMENTE LOS PROCESOS Y LAS FORMAS FARMACEUTICAS   ANTERIORMENTE DESCRITAS, PARA MEDICAMENTOS   QUE REQUIEREN Y NO REQUIEREN CADENA DE FRIO CON EL FIN DE CUMPLIR CON LAS DOSIS PRESCRITAS.  SE REFIERE A QUE DICHOS PROCESOS DEBEN CIRCUNSCRIBIRSE   AL SISTEMA DE DISTRIBUCION DE MEDICAMENTOS EN DOSIS UNITARIA.
7. CUALQUIER MODIFICACION QUE SE EFECTUE EN LAS CONDICIONES EVALUADAS DURANTE LA PRESENTE AUDITORIA RESPECTO A EQUIPOS, AREAS, PROCESOS PRODUCTIVOS, PERSONAL TECNICO   PRINCIPAL O DE LAS EMPRESAS QUE SE CONTRATO LA REALIZACION DE LAS ACTIVIDADES CRITICAS DE CONTROL DE CALIDAD PRODUCCION, DEBERAN SER NOTIFICADAS AL INVIMA CON EL FIN DE QUE SE EVALUE Y VERIFIQUE SI SE REQUIERE UNA VISITA DE AMPLIACION O VERIFICACION DEL CONCEPTO TECNICO EMITIDO.",2021-08-24T00:00:00.000,2026-09-24T00:00:00.000
1468S,CORPORACIÓN DE FOMENTO ASISTENCIAL DEL HOSPITAL UNIVERSITARIO SAN VICENTE DE PAUL- CORPAUL-,MEDELLIN,ANTIOQUIA,Carrera 52 A 39-80,PENDIENTE INSPECCION,"CUMPLE CON LAS BUENAS PRACTICAS DE ELABORACION PARA LA ADECUACIÓN Y AJUSTE DE CONCENTRACIONES DE DOSIS DE MEDICAMENTOS:

1. ESTERILES
1.1. PREPARACIÓN DE NUTRICIONES PARENTERALES    
1.1.1. LÍQUIDOS.
1.2.         ADECUACION Y AJUSTE DE CONCENTRACION DE DOSIS                    DE MEDICAMENTOS NO ONCOLOGICOS
1.2.1.      LÍQUIDOS

NOTAS ACLARATORIAS:

1. PREPARACIÓN MAGISTRAL: ES EL PREPARADO O PRODUCTO FARMACÉUTICO PARA ATENDER UNA PRESCRIPCIÓN MÉDICA, DE UN PACIENTE INDIVIDUAL, QUE REQUIERE DE ALGÚN TIPO DE INTERVENCIÓN TÉCNICA DE VARIADA COMPLEJIDAD.
2. LA PREPARACIÓN DE NUTRICIONES PARENTERALES ES REALIZADA EN ÁREAS INDEPENDIENTES Y EXCLUSIVAS, DOTADA DE CABINA DE FLUJO LAMINAR HORIZONTAL.
3. LA ADECUACIÓN Y AJUSTE DE CONCENTRACIONES DE MEDICAMENTOS NO ONCOLÓGICOS ES REALIZADA EN ÁREAS INDEPENDIENTES Y EXCLUSIVAS, DOTADA DE CABINA DE SEGURIDAD BIOLÓGICA.
4. EL ANTERIOR CONCEPTO TÉCNICO AUTORIZA ÚNICAMENTE LOS PROCESOS Y LAS FORMAS FARMACÉUTICAS ANTERIORMENTE DESCRITAS, PARA MEDICAMENTOS QUE REQUIEREN Y NO REQUIEREN CADENA DE FRÍO CON EL FIN DE CUMPLIR CON LAS DOSIS PRESCRITAS. SE REFIERE A QUE DICHOS PROCESOS DEBEN CIRCUNSCRIBIRSE AL SISTEMA DE DISTRIBUCIÓN DE MEDICAMENTOS EN DOSIS UNITARIA.
5. LOS MEDICAMENTOS DE PARTIDA QUE VAN A SER SOMETIDOS A MEZCLA, ADECUACIONES Y AJUSTE DE CONCENTRACIONES CORRESPONDEN A FORMAS FARMACÉUTICAS SÓLIDAS Y LÍQUIDAS. LA PRESENTACIÓN FINAL ES EN BOLSAS, INFUSORES O JERINGAS.
6. CUALQUIER MODIFICACIÓN QUE SE HAGA EN LAS CONDICIONES EVALUADAS Y CERTIFICADAS DURANTE LA PRESENTE AUDITORIA, RESPECTO A EQUIPOS, ÁREAS, PROCESOS PRODUCTIVOS, PERSONAL TÉCNICO PRINCIPAL O DE LAS EMPRESAS CON LAS QUE SE CONTRATÓ LA REALIZACIÓN DE ACTIVIDADES CRÍTICAS DE PRODUCCIÓN Y CONTROL DE CALIDAD, DEBERÁN SER NOTIFICADAS AL INVIMA CON EL FIN DE QUE ÉSTE EVALÚE Y VERIFIQUE SI SE REQUIERE UNA VISITA DE AMPLIACIÓN O VERIFICACIÓN DEL CONCEPTO TÉCNICO EMITIDO, DE ACUERDO CON LAS DISPOSICIONES DE LA NORMATIVIDAD SANITARIA CORRESPONDIENTE, SO PENA  DE LAS ACCIONES A QUE HAYA LUGAR.

Y SE AMPLIA LA CAPACIDAD INSTALADA DE UN EQUIPO “REPEATER PUMP”, UBICADO EN EL ÁREA DE ELABORACIÓN DE ADECUACIÓN Y AJUSTE DE CONCENTRACIÓN DE MEDICAMENTOS ESTÉRILES NO ONCOLÓGICOS.",2021-03-25T00:00:00.000,2026-04-27T00:00:00.000
1598S,HOSPITAL PABLO TOBON URIBE,MEDELLIN,ANTIOQUIA,CALLE 78 B No. 69-240 MEDELLÍN ANTIOQUIA,Cumple,"CUMPLE CON LAS BUENAS PRÁCTICAS DE ELABORACIÓN, POR LO TANTO, SE RENUEVA EL CONCEPTO TÉCNICO PARA LOS SIGUIENTES PROCESOS Y/O ACTIVIDADES:

1.ESTERILES 
1.1 ADECUACIÓN Y AJUSTE DE CONCENTRACIONES DE DOSIS DE MEDICAMENTOS ONCOLÓGICOS
1.1.1. LÍQUIDOS

1.2 ADECUACIÓN Y AJUSTE DE CONCENTRACIONES DE DOSIS DE MEDICAMENTOS NO ONCOLOGICOS
1.2.1. LÍQUIDOS 

1.3 PREPARACIÓN DE NUTRICIONES PARENTERALES
1.3.1. LÍQUIDOS


2. NO ESTERILES 
2.1 RE-EMPAQUE:
2.1.1. SÓLIDOS 

2.2 RE-ENVASE:
2.2.1.  SÓLIDOS
2.2.2.  LÍQUIDOS

2.3. PREPARACIONES MAGISTRALES:
2.3.1. LÍQUIDOS: SOLUCIONES, EMULSIONES, SUSPENSIONES.
2.3.2. SEMISÓLIDOS: CREMAS, GELES, UNGÜENTO.

 NOTAS ACLARATORIAS
1.PREPARACIÓN MAGISTRAL: ES EL PREPARADO O PRODUCTO FARMACÉUTICO PARA ATENDER UNA PRESCRIPCIÓN MÉDICA, DE UN PACIENTE INDIVIDUAL, QUE REQUIERE DE ALGÚN TIPO DE INTERVENCIÓN TÉCNICA DE VARIADA COMPLEJIDAD.
2.LA ADECUACIÓN Y AJUSTE DE CONCENTRACIONES DE MEDICAMENTOS ONCOLÓGICOS ES REALIZADA EN ÁREAS INDEPENDIENTES Y EXCLUSIVAS.
3.LA ADECUACIÓN Y AJUSTE DE CONCENTRACIONES DE MEDICAMENTOS NO ONCOLÓGICOS Y NUTRICIONES PARENTERALES ES REALIZADA EN ÁREAS INDEPENDIENTES Y EXCLUSIVAS.
4.EL ANTERIOR CONCEPTO TÉCNICO AUTORIZA ÚNICAMENTE LOS PROCESOS Y LAS FORMAS FARMACÉUTICAS ANTERIORMENTE DESCRITAS, PARA MEDICAMENTOS QUE REQUIEREN Y NO REQUIEREN CADENA DE FRÍO CON EL FIN DE CUMPLIR CON LAS DOSIS PRESCRITAS. SE REFIERE A QUE DICHOS PROCESOS DEBEN CIRCUNSCRIBIRSE AL SISTEMA DE DISTRIBUCIÓN DE MEDICAMENTOS EN DOSIS UNITARIA.
5.LOS MEDICAMENTOS DE PARTIDA QUE VAN A SER SOMETIDOS A MEZCLA, ADECUACIONES Y AJUSTE DE CONCENTRACIONES CORRESPONDEN A FORMAS FARMACÉUTICAS SÓLIDAS Y LÍQUIDAS. LA PRESENTACIÓN FINAL ES EN BOLSAS, MINIBOLSAS, INFUSORES Y JERINGAS. 
6.LOS PRODUCTOS ELABORADOS SÓLO PUEDEN SER COMERCIALIZADOS A TRAVÉS DE CONVENIOS O CONTRATOS ESTABLECIDOS CON OTROS ESTABLECIMIENTOS FARMACÉUTICOS AUTORIZADOS O SERVICIOS FARMACÉUTICOS HABILITADOS DE INSTITUCIONES PRESTADORAS DE SERVICIOS DE SALUD.
7.TODO CAMBIO CRÍTICO QUE SE HAGA Y AFECTE LAS CONDICIONES EVALUADAS Y CERTIFICADAS DURANTE LA PRESENTE AUDITORIA, RESPECTO A EQUIPOS, ÁREAS, PROCESOS PRODUCTIVOS, DIRECTOR TÉCNICO O DE LAS EMPRESAS CON LAS QUE SE CONTRATÓ LA REALIZACIÓN DE ACTIVIDADES DE PRODUCCIÓN Y CONTROL DE CALIDAD, DEBERÁN SER NOTIFICADOS AL INVIMA CON EL FIN DE QUE ÉSTE EVALÚE Y VERIFIQUE SI SE REQUIERE UNA VISITA DE AMPLIACIÓN O VERIFICACIÓN DEL CONCEPTO TÉCNICO EMITIDO, DE ACUERDO CON LAS DISPOSICIONES DE LA NORMATIVIDAD SANITARIA CORRESPONDIENTE, SO PENA  DE LAS ACCIONES A QUE HAYA LUGAR.",2023-08-24T00:00:00.000,2028-09-29T00:00:00.000
1363S,HOSPITAL UNIVERSITARIO DEPARTAMENTAL DE NARIÑO E.S.E.,PASTO,NARIÑO,Calle 22 Nro. 7-93,Cumple,"CUMPLE CON LAS BUENAS PRACTICAS DE ELABORACION POR LO TANTO SE RENUEVA EL CONCEPTO TECNICO PARA LOS SIGUIENTES PROCESOS Y/O ACTIVIDADES:

1. ESTERILES
1.1. ADECUACION Y AJUSTE DE CONCENTRACIONES DE DOSIS DE MEDICAMENTOS ONCOLOGICOS: LIQUIDOS 
1.2 ADECUACION Y AJUSTE DE CONCENTRACIONES DE DOSIS DE MEDICAMENTOS NO ONCOLOGICOS: LIQUIDOS
1.3. PREPARACION DE NUTRICIONES PARENTERALES: LIQUIDOS 

2. NO ESTERILES
2.1. REEMPAQUE DE MEDICAMENTOS: SOLIDOS.
2.2. REENVASE DE MEDICAMENTOS: SOLIDOS 
2.3. PREPARACIONES MAGISTRALES: LIQUIDOS

NOTAS ACLARATORIAS:
1. PREPARACION MAGISTRAL: ES EL PREPARADO O PRODUCTO FARMACEUTICO PARA ATENDER UNA PRESCRIPCION MEDICA, DE UN PACIENTE INDIVIDUAL, QUE REQUIERE DE ALGUN TIPO DE INTERVENCION TECNICA DE VARIADA COMPLEJIDAD.
2. LA ADECUACION Y AJUSTE DE CONCENTRACIONES DE MEDICAMENTOS NO ONCOLOGICOS Y NUTRICIONES PARENTERALES ES REALIZADA EN ÁAREAS INDEPENDIENTES Y EXCLUSIVAS, DOTADAS CON CABINA DE SEGURIDAD BIOLOGICA Y CABINA DE FLUJO LAMINAR REPECTIVAMENTE.
3. LA ADECUACION Y AJUSTE DE CONCENTRACIONES DE MEDICAMENTOS ONCOLOGICOS ES REALIZADA EN UN AREA INDEPENDIENTE Y EXCLUSIVA, DOTADA DE CABINA DE SEGURIDAD BIOLOGICA.
4. LOS MEDICAMENTOS DE PARTIDA QUE VAN A SER SOMETIDOS A MEZCLAS, ADECUACIONES Y AJUSTES DE CONCENTRACIONES DE DOSIS DE PREPARACIONES ESTERILES Y NO ESTERILES SU PRESENTACION FINAL ES JERINGAS, BOLSAS Y PERFUSORES.
5. EL RENVASE Y REEMPAQUE CORRESPONDEN A FORMAS FARMACEUTICAS SOLIDAS. LA PRESENTACIÓN FINAL ES EN BOLSAS.
6. LA PRESENTACION FINAL DE LAS NUTRICIONES PARENTERALES ES EN BOLSAS EVA.
7. EL ANTERIOR CONCEPTO TECNICO, AUTORIZA UNICAMENTE LOS PROCESOS Y LAS FORMAS FARMACÉUTICAS ANTERIORMENTE DESCRITAS PARA MEDICAMENTOS QUE REQUIEREN Y NO REQUIEREN CADENA DE FRIO CON EL FIN DE CUMPLIRCON LAS DOSIS PRESCRITAS. SE REFIERE A QUE DICHOS PROCESOS DEBEN CIRCUNSCRIBIRSE AL SISTEMA DE DISTRIBUCION DE MEDICAMENTOS EN DOSIS UNITARIA
8. LOS PRODUCTOS ELABORADOS SOLO PUEDEN SER COMERCIALIZADOS A TRAVES DE CONVENIOS O CONTRATOS ESTABLECIDOS CON OTROS ESTABLECIMIENTOS FARMACEUTICOS AUTORIZADOS O SERVICIOS FARMACEUTICOS HABILITADOS EN INSTITUCIONES PRESTADORAS DE SERVICIOS DE SALUD.
9. CUALQUIER MODIFICACION QUE SE HAGA EN LAS CONDICIONES EVALUADAS Y CERTIFICADAS DURANTE LA PRESENTE AUDITORIA, RESPECTO A EQUIPOS, AREAS, PROCESOS PRODUCTIVOS, PERSONAL TECNICO PRINCIPAL O DE LAS EMPRESAS CON LAS QUE SE CONTRATO LA REALIZACIN DE ACTIVIDADES CRIITICAS DE PRODUCCION Y CONTROL DE CALIDAD, DEBERAN SER NOTIFICADAS AL INVIMA CON EL FIN DE QUE ESTE EVALUE Y VERIFIQUE SI SE REQUIERE UNA VISITA DE AMPLIACION O VERIFICACIÓN DEL CONCEPTO TECNICO EMITIDO, DE ACUERDO CON LAS DISPOSICIONES DE LA NORMATIVIDAD SANITARIA CORRESPONDIENTE, SO PENA  DE LAS ACCIONES A QUE HAYA LUGAR.",2021-11-30T00:00:00.000,2026-12-31T00:00:00.000
1980S,GESTION PHARMA S.A.S. (ANTES SEDENTI S.A.S.),CARTAGENA,BOLIVAR,carrera 40 No. 27 - 49 Barrio Amberes,Cumple,"CUMPLE CON LAS BUENAS PRACTICAS DE ELABORACION PARA LOS SIGUIENTES PROCESOS Y/O ACTIVIDADES:

1. ESTERILES
1.1. ADECUACION Y AJUSTE DE CONCENTRACIONES DE DOSIS DE MEDICAMENTOS ONCOLOGICOS
1.1.1. LIQUIDOS 

1.2. ADECUACION Y AJUSTE DE CONCENTRACIONES DE DOSIS DE MEDICAMENTOS NO ONCOLOGICOS 
1.2.1. LIQUIDOS

1.3. PREPARACION DE NUTRICIONES PARENTERALES    
1.3.1. LIQUIDOS 

2. NO ESTERILES

2.1. REEMPAQUE DE MEDICAMENTOS. 
2.1.1. SOLIDOS.

2.2. REENVASE DE MEDICAMENTOS
2.2.1. SOLIDOS 
2.2.2. LIQUIDOS

NOTAS ACLARATORIAS:
1. PREPARACION MAGISTRAL: ES EL PREPARADO O PRODUCTO FARMACEUTICO PARA ATENDER UNA PRESCRIPCION MEDICA, DE UN PACIENTE INDIVIDUAL, QUE REQUIERE DE ALGUN TIPO DE INTERVENCION TECNICA DE VARIADA COMPLEJIDAD.
2. LA ADECUACION Y AJUSTE DE CONCENTRACIONES DE MEDICAMENTOS ONCOLOGICOS, NO ONCOLOGICOS Y NUTRICIONES PARENTERALES ES REALIZADA EN AREAS INDEPENDIENTES Y EXCLUSIVAS DOTADAS DE CABINAS DE SEGURIDAD BIOLOGICA Y FLUJO LAMINAR.
3. LOS MEDICAMENTOS DE PARTIDA QUE VAN A SER SOMETIDOS A MEZCLA, ADECUACIONES Y AJUSTE DE CONCENTRACIONES DE DOSIS CORRESPONDEN A FORMAS FARMACEUTICAS SOLIDAS Y LIQUIDAS. LA PRESENTACION FINAL DE PRODUCTOS ESTERILES ES EN BOLSAS Y JERINGAS.
4. LOS PRODUCTOS ELABORADOS SOLO PUEDEN SER COMERCIALIZADOS A TRAVES DE CONVENIOS O CONTRATOS ESTABLECIDOS CON OTROS ESTABLECIMIENTOS FARMACEUTICOS AUTORIZADOS O SERVICIOS FARMACEUTICOS HABILITADOS DE INSTITUCIONES PRESTADORAS DE SERVICIOS DE SALUD.
5. EL ANTERIOR CONCEPTO TECNICO AUTORIZA UNICAMENTE LOS PROCESOS Y LAS FORMAS FARMACEUTICAS ANTERIORMENTE DESCRITAS, PARA MEDICAMENTOS QUE REQUIEREN Y NO REQUIEREN CADENA DE FRIO CON EL FIN DE CUMPLIR CON LAS DOSIS PRESCRITAS. SE REFIERE A QUE DICHOS PROCESOS DEBEN CIRCUNSCRIBIRSE AL SISTEMA DE DISTRIBUCION DE MEDICAMENTOS EN DOSIS UNITARIA
6. CUALQUIER MODIFICACION QUE SE HAGA EN LAS CONDICIONES EVALUADAS Y CERTIFICADAS DURANTE LA PRESENTE AUDITORIA, RESPECTO A EQUIPOS, AREAS, PROCESOS PRODUCTIVOS, PERSONAL TECNICO PRINCIPAL O DE LAS EMPRESAS CON LAS QUE SE CONTRATO LA REALIZACION DE ACTIVIDADES CRITICAS DE PRODUCCION Y CONTROL DE CALIDAD, DEBERAN SER NOTIFICADAS AL INVIMA CON EL FIN DE QUE ESTE EVALUE Y VERIFIQUE SI SE REQUIERE UNA VISITA DE AMPLIACION O VERIFICACION DEL CONCEPTO TECNICO EMITIDO, DE ACUERDO CON LAS DISPOSICIONES DE LA NORMATIVIDAD SANITARIA CORRESPONDIENTE, SO PENA  DE LAS ACCIONES A QUE HAYA LUGAR",2021-06-25T00:00:00.000,2026-07-27T00:00:00.000
1984S,CLINICA DESA CALI,CALI,VALLE DEL CAUCA,Calle 5D No. 38A - 35,Cumple,"CUMPLE CON LAS BUENAS PRÁCTICAS DE ELABORACIÓN, PARA EL SIGUIENTE PROCESO Y/O ACTIVIDAD:

1. NO ESTÉRILES
1.1. REEMPAQUE DE MEDICAMENTOS.
1.1.1. SÓLIDOS

NOTAS ACLARATORIAS:
1. EL ANTERIOR CONCEPTO TÉCNICO AUTORIZA ÚNICAMENTE LOS PROCESOS Y LAS FORMAS FARMACÉUTICAS ANTERIORMENTE DESCRITAS, PARA MEDICAMENTOS QUE NO REQUIEREN CADENA DE FRÍO CON EL FIN DE CUMPLIR CON LAS DOSIS PRESCRITAS. SE REFIERE A QUE DICHOS PROCESOS DEBEN CIRCUNSCRIBIRSE AL SISTEMA DE DISTRIBUCIÓN DE MEDICAMENTOS EN DOSIS UNITARIA.
2. CUALQUIER MODIFICACIÓN QUE SE HAGA EN LAS CONDICIONES EVALUADAS Y CERTIFICADAS DURANTE LA PRESENTE AUDITORIA, RESPECTO A EQUIPOS, ÁREAS, PROCESOS PRODUCTIVOS, PERSONAL TÉCNICO PRINCIPAL O DE LAS EMPRESAS CON LAS QUE SE CONTRATÓ LA REALIZACIÓN DE ACTIVIDADES CRÍTICAS DE PRODUCCIÓN Y CONTROL DE CALIDAD, DEBERÁN SER NOTIFICADAS AL INVIMA CON EL FIN DE QUE ÉSTE EVALÚE Y VERIFIQUE SI SE REQUIERE UNA VISITA DE AMPLIACIÓN O VERIFICACIÓN DEL CONCEPTO TÉCNICO EMITIDO, DE ACUERDO CON LAS DISPOSICIONES DE LA NORMATIVIDAD SANITARIA CORRESPONDIENTE, SO PENA  DE LAS ACCIONES A QUE HAYA LUGAR.",2021-06-21T00:00:00.000,2026-07-27T00:00:00.000
1991S,HOSPITAL UNIVERSITARIO DEL VALLE “EVARISTO GARCIA E.S.E.,CLINICA DESA CALI,VALLE DEL CAUCA,"CALLE 5 Nro.36-08,",Cumple,"CUMPLE  CON LAS BUENAS PRÁCTICAS DE ELABORACION, PARA LOS SIGUIENTES PROCESOS Y/O ACTIVIDADES:

1. ESTÉRILES
1.1 ADECUACIÓN Y AJUSTE DE CONCENTRACIONES DE DOSIS DE MEDICAMENTOS ONCOLÓGICOS
1.1.1 LÍQUIDOS
1.2 ADECUACIÓN Y AJUSTE DE CONCENTRACIONES DE DOSIS DE MEDICAMENTOS NO ONCOLÓGICOS
1.2.1 LÍQUIDOS
1.3 PREPARACIÓN DE NUTRICIÓNES PARENTERALES
1.3.1 LÍQUIDOS.

2. NO ESTÉRILES
2.1 REEMPAQUE
2.1.1 SÓLIDOS
2.2 REENVASE
2.2.1 LÍQUIDOS Y SÓLIDOS

NOTAS ACLARATORIAS:
1. PREPARACIÓN MAGISTRAL: ES EL PREPARADO O PRODUCTO FARMACÉUTICO PARA ATENDER UNA PRESCRIPCIÓN MÉDICA, DE UN PACIENTE INDIVIDUAL, QUE REQUIERE DE ALGÚN TIPO DE INTERVENCIÓN TÉCNICA DE VARIADA COMPLEJIDAD.
2. LA ADECUACIÓN Y AJUSTE DE CONCENTRACIONES DE MEDICAMENTOS ONCOLÓGICOS ES REALIZADA EN ÁREAS INDEPENDIENTES Y EXCLUSIVAS.
3. LA ADECUACIÓN Y AJUSTE DE CONCENTRACIONES DE MEDICAMENTOS NO ONCOLÓGICOS Y NUTRICIONES PARENTERALES ES REALIZADA EN ÁREAS INDEPENDIENTES Y EXCLUSIVAS.
4. LOS MEDICAMENTOS DE PARTIDA QUE VAN A SER SOMETIDOS A MEZCLA, ADECUACIONES Y AJUSTE DE CONCENTRACIONES CORRESPONDEN A FORMAS FARMACÉUTICAS SÓLIDAS Y LÍQUIDAS. LA PRESENTACIÓN FINAL ES EN BOLSAS, FRASCOS, JERINGAS E INFUSORES.
5. EL ANTERIOR CONCEPTO TÉCNICO AUTORIZA ÚNICAMENTE LOS PROCESOS Y LAS FORMAS FARMACÉUTICAS ANTERIORMENTE DESCRITAS, PARA MEDICAMENTOS QUE REQUIEREN Y NO REQUIEREN CADENA DE FRÍO CON EL FIN DE CUMPLIR CON LAS DOSIS PRESCRITAS. SE REFIERE A QUE DICHOS PROCESOS DEBEN CIRCUNSCRIBIRSE AL SISTEMA DE DISTRIBUCIÓN DE MEDICAMENTOS EN DOSIS UNITARIA.
6. TODO CAMBIO CRÍTICO QUE SE HAGA Y AFECTE LAS CONDICIONES EVALUADAS Y CERTIFICADAS DURANTE LA PRESENTE AUDITORIA, RESPECTO A EQUIPOS, ÁREAS, PROCESOS PRODUCTIVOS, PERSONAL TÉCNICO PRINCIPAL (DIRECTOR TÉCNICO) O DE LAS EMPRESAS CON LAS QUE SE CONTRATÓ LA REALIZACIÓN DE ACTIVIDADES DE PRODUCCIÓN Y CONTROL DE CALIDAD, DEBERÁN SER NOTIFICADOS AL INVIMA CON EL FIN DE QUE ÉSTE EVALÚE Y VERIFIQUE SI SE REQUIERE UNA VISITA DE AMPLIACIÓN O VERIFICACIÓN DEL CONCEPTO TÉCNICO EMITIDO, DE ACUERDO CON LAS DISPOSICIONES DE LA NORMATIVIDAD SANITARIA CORRESPONDIENTE, SO PENA  DE LAS ACCIONES A QUE HAYA LUGAR.",2024-01-09T00:00:00.000,2029-01-31T00:00:00.000
1990S,CLINICA MEDICAL DUARTE ZF S.A.S.,CUCUTA,NORTE DE SANTANDER,Calle 0N  esquina 16E-20 AV Libertadores 0-71 Barrio las Brisas Lote 2 - Parques Residenciales III,Cumple,"CUMPLE CON LAS BUENAS PRÁCTICAS DE ELABORACION, PARA LOS SIGUIENTES PROCESOS Y/O ACTIVIDADES:

1. ESTÉRILES

1.1. ADECUACIÓN Y AJUSTE DE CONCENTRACIONES DE DOSIS DE MEDICAMENTOS ONCOLÓGICOS 
1.1.1. LÍQUIDOS

1.2. ADECUACIÓN Y AJUSTE DE CONCENTRACIONES DE DOSIS DE MEDICAMENTOS NO ONCOLÓGICOS
1.2.1. LÍQUIDOS

1.3. PREPARACIÓN DE NUTRICIONES PARENTERALES. 1.3.1. LÍQUIDOS

2. NO ESTÉRILES

2.1. RE-EMPAQUE DE MEDICAMENTOS 
2.1.1. SÓLIDOS

NOTAS ACLARATORIAS:

1.PREPARACION MAGISTRAL: ES EL PREPARADO O PRODUCTO FARMACEUTICO PARA ATENDER UNA PRESCRIPCIÓN MEDICA, DE UN PACIENTE INDIVIDUAL, QUE REQUIERE DE ALGUN TIPO DE INTERVENCION TECNICA DE VARIADA COMPLEJIDAD.
2.LA ADECUACION Y AJUSTE DE CONCENTRACIONES DE MEDICAMENTOS ONCOLOGICOS ES REALIZADA EN AREAS INDEPENDIENTES Y EXCLUSIVAS.
3.LA ADECUACION Y AJUSTE DE CONCENTRACIONES DE MEDICAMENTOS NO ONCOLOGICOS Y NUTRICIONES PARENTERALES ES REALIZADA EN AREAS INDEPENDIENTES Y EXCLUSIVAS.
4.EL ANTERIOR CONCEPTO TECNICO AUTORIZA UNICAMENTE LOS PROCESOS Y LAS FORMAS FARMACEUTICAS ANTERIORMENTE DESCRITAS, PARA MEDICAMENTOS QUE REQUIEREN Y NO REQUIEREN CADENA DE FRIO CON EL FIN DE CUMPLIR CON LAS DOSIS PRESCRITAS. SE REFIERE A QUE DICHOS PROCESOS DEBEN CIRCUNSCRIBIRSE AL SISTEMA DE DISTRIBUCION DE MEDICAMENTOS EN DOSIS UNITARIA.
5.LOS MEDICAMENTOS DE PARTIDA QUE VAN A SER SOMETIDOS A MEZCLA, ADECUACIONES Y AJUSTE DE CONCENTRACIONES CORRESPONDEN A FORMAS FARMACEUTICAS SOLIDAS Y LIQUIDAS. LA PRESENTACION FINAL ES EN BOLSAS, BURETROLES O JERINGAS.
6.TODO CAMBIO CRITICO QUE SE HAGA Y AFECTE LAS CONDICIONES EVALUADAS Y CERTIFICADAS DURANTE LA PRESENTE AUDITORIA, RESPECTO A EQUIPOS, AREAS, PROCESOS PRODUCTIVOS, PERSONAL TECNICO PRINCIPAL (DIRECTOR TECNICO) O DE LAS EMPRESAS CON LAS QUE SE CONTRATO LA REALIZACION DE ACTIVIDADES DE PRODUCCION Y CONTROL DE CALIDAD, DEBERAN SER NOTIFICADOS AL INVIMA CON EL FIN DE QUE ESTE EVALUE Y VERIFIQUE SI SE REQUIERE UNA VISITA DE AMPLIACION O VERIFICACION DEL CONCEPTO TECNICO EMITIDO, DE ACUERDO CON LAS DISPOSICIONES DE LA NORMATIVIDAD SANITARIA CORRESPONDIENTE, SO PENA DE LAS ACCIONES A QUE HAYA LUGAR.",2024-03-06T00:00:00.000,2029-03-27T00:00:00.000
1562S,PROINSALUD S.A PROFESIONALES DE LA SALUD,PASTO,NARIÑO,"CALLE 14 Nro. 34-24 SAN IGNACIO, PASTO",Cumple,"CUMPLE CON LAS BUENAS PRACTICAS DE ELABORACION, PARA LOS SIGUIENTES PROCESOS Y/O ACTIVIDADES:

1. ESTERILES
1.1 ADECUACION Y AJUSTE DE CONCENTRACIONES DE DOSIS DE MEDICAMENTOS ONCOLOGICOS: LIQUIDOS
1.2. ADECUACION Y AJUSTE DE CONCENTRACIONES DE DOSIS DE MEDICAMENTOS NO ONCOLOGICOS: LIQUIDOS
1.3 PREPARACION DE NUTRICIONES PARENTERALES: LIQUIDOS

2. NO ESTERILES 
2.1 REENVASE DE MEDICAMENTOS: SOLIDOS
2.2 REEMPAQUE DE MEDICAMENTOS: SOLIDOS

NOTAS ACLARATORIAS:
1. PREPARACION MAGISTRAL: ES EL PREPARADO O PRODUCTO FARMACEUTICO PARA ATENDER UNA PRESCRIPCION MEDICA, DE UN PACIENTE INDIVIDUAL, QUE REQUIERE DE ALGUN TIPO DE INTERVENCION TECNICA DE VARIADA COMPLEJIDAD.
2. LA ADECUACION Y AJUSTE DE CONCENTRACIONES DE MEDICAMENTOS ONCOLOGICOS, NO ONCOLOGICOS Y NUTRICIONES PARENTERALES ES REALIZADA EN AREAS INDEPENDIENTES Y EXCLUSIVAS DOTADAS DE CABINAS DE FLUJO LAMINAR Y CABINAS DE BIOSEGURIDAD.
3. LOS MEDICAMENTOS DE PARTIDA QUE VAN A SER SOMETIDOS A MEZCLA, ADECUACIONES Y AJUSTE DE CONCENTRACIONES DE DOSIS CORRESPONDEN A FORMAS FARMACEUTICAS SOLIDAS Y LIQUIDAS. LA PRESENTACION FINAL DE PRODUCTOS ESTERILES ES EN BOLSAS, JERINGAS O INFUSORES.
4. EL ANTERIOR CONCEPTO TECNICO AUTORIZA UNICAMENTE LOS PROCESOS Y LAS FORMAS FARMACEUTICAS ANTERIORMENTE DESCRITAS, PARA MEDICAMENTOS QUE REQUIEREN Y NO REQUIEREN CADENA DE FRIO CON EL FIN DE CUMPLIR CON LAS DOSIS PRESCRITAS. SE REFIERE A QUE DICHOS PROCESOS DEBEN CIRCUNSCRIBIRSE AL SISTEMA DE DISTRIBUCION DE MEDICAMENTOS EN DOSIS UNITARIA.
5. TODO CAMBIO CRITICO QUE SE HAGA Y AFECTE LAS CONDICIONES EVALUADAS Y CERTIFICADAS DURANTE LA PRESENTE AUDITORIA, RESPECTO A EQUIPOS, AREAS, PROCESOS PRODUCTIVOS, PERSONAL TECNICO PRINCIPAL (DIRECTOR TECNICO) O DE LAS EMPRESAS CON LAS QUE SE CONTRATO LA REALIZACION DE ACTIVIDADES DE PRODUCCION Y CONTROL DE CALIDAD, DEBERAN SER NOTIFICADOS AL INVIMA CON EL FIN DE QUE ESTE EVALUE Y VERIFIQUE SI SE REQUIERE UNA VISITA DE AMPLIACION O VERIFICACION DEL CONCEPTO TECNICO EMITIDO, DE ACUERDO CON LAS DISPOSICIONES DE LA NORMATIVIDAD SANITARIA CORRESPONDIENTE, SO PENA DE LAS ACCIONES A QUE HAYA LUGAR.",2023-10-06T00:00:00.000,2028-10-26T00:00:00.000
1487S,FUNDACION HOSPITAL UNIVERSIDAD DEL NORTE,Soledad,Atlantico,Calle 30 No. 37-233,Cumple,"CUMPLE CON LAS BUENAS PRACTICAS DE ELABORACION PARA LOS SIGUIENTES PROCESOS Y FORMAS FARMACEUTICAS: 

1. ESTERILES
1.1. PREPARACION DE NUTRICIONES PARENTERALES
1.1.1. LIQUIDOS
1.2. REENVASE
1.2.1. LIQUIDOS
1.3.         ADECUACION Y AJUSTE DE CONCENTRACION DE DOSIS                    DE MEDICAMENTOS NO ONCOLOGICOS 
1.3.1. LIQUIDOS

2. NO ESTERILES
2.1. REENVASE Y REEMPAQUE 
2.1.1. LIQUIDOS 
2.1.2. SOLIDOS

NOTAS ACLARATORIAS:
1.PREPARACION MAGISTRAL: ES EL PREPARADO O PRODUCTO FARMACEUTICO PARA ATENDER UNA PRESCRIPCION MEDICA, DE UN PACIENTE INDIVIDUAL, QUE REQUIERE DE ALGUN TIPO DE INTERVENCION TECNICA DE VARIADA COMPLEJIDAD.
2.LA ADECUACION Y AJUSTE DE CONCENTRACIONES DE MEDICAMENTOS NO ONCOLOGICOS Y NUTRICIONES PARENTERALES ES REALIZADA EN AREAS INDEPENDIENTES Y EXCLUSIVAS.
3.EL ANTERIOR CONCEPTO TECNICO AUTORIZA UNICAMENTE LOS PROCESOS Y LAS FORMAS FARMACEUTICAS ANTERIORMENTE DESCRITAS, PARA MEDICAMENTOS QUE REQUIEREN Y NO REQUIEREN CADENA DE FRIO CON EL FIN DE CUMPLIR CON LAS DOSIS PRESCRITAS. SE REFIERE A QUE DICHOS PROCESOS DEBEN CIRCUNSCRIBIRSE AL SISTEMA DE DISTRIBUCION DE MEDICAMENTOS EN DOSIS UNITARIA.
4.LOS MEDICAMENTOS DE PARTIDA QUE VAN A SER SOMETIDOS A MEZCLA, ADECUACIONES Y AJUSTE DE CONCENTRACIONES CORRESPONDEN A FORMAS FARMACEUTICAS SOLIDAS Y LIQUIDAS. LA PRESENTACION FINAL ES EN BOLSAS, MINIBOLSAS O JERINGAS.
5.LOS MEDICAMENTOS LIQUIDOS ESTERILES Y NO ESTERILES QUE VAN A SER SOMETIDOS A REENVASE, LA PRESENTACION FINAL ES EN JERINGAS.
6.LOS PRODUCTOS ELABORADOS SOLO PUEDEN SER COMERCIALIZADOS A TRAVES DE CONVENIOS O CONTRATOS ESTABLECIDOS CON OTROS ESTABLECIMIENTOS FARMACEUTICOS AUTORIZADOS O SERVICIOS FARMACEUTICOS HABILITADOS DE INSTITUCIONES PRESTADORAS DE SERVICIOS DE SALUD.
7.TODO CAMBIO CRITICO QUE SE HAGA Y AFECTE LAS CONDICIONES EVALUADAS Y CERTIFICADAS DURANTE LA PRESENTE AUDITORIA, RESPECTO A EQUIPOS, AREAS, PROCESOS PRODUCTIVOS, PERSONAL TECNICO PRINCIPAL O DE LAS EMPRESAS CON LAS QUE SE CONTRATO LA REALIZACION DE ACTIVIDADES DE PRODUCCION Y CONTROL DE CALIDAD, DEBERAN SER NOTIFICADOS AL INVIMA CON EL FIN DE QUE ESTE EVALUE Y VERIFIQUE SI SE REQUIERE UNA VISITA DE AMPLIACION O VERIFICACION DEL CONCEPTO TECNICO EMITIDO, DE ACUERDO CON LAS DISPOSICIONES DE LA NORMATIVIDAD SANITARIA CORRESPONDIENTE, SO PENA  DE LAS ACCIONES A QUE HAYA LUGAR.",2023-02-15T00:00:00.000,2028-03-08T00:00:00.000
1602,UNIDOSSIS S.A.S. Regional Occidente,YUMBO,VALLE DEL CAUCA,CARRERA 38 Nro. 14-60 YUMBO - VALLE DEL CAUCA,Cumple,"CUMPLE CON LAS BUENAS PRÁCTICAS DE ELABORACIÓN, POR LO TANTO, SE RENUEVA EL CONCEPTO TÉCNICO PARA LOS SIGUIENTES PROCESOS Y/O ACTIVIDADES:

1.ESTERILES
1.1. LIQUIDOS
1.1.1. ADECUACIÓN Y AJUSTE DE CONCENTRACIONES DE DOSIS DE MEDICAMENTOS ONCOLÓGICOS
1.1.2 ADECUACIÓN Y AJUSTE DE CONCENTRACIONES DE DOSIS DE MEDICAMENTOS NO ONCOLÓGICOS
1.1.3. PREPARACIÓN DE NUTRICIONES PARENTERALES   

NOTAS ACLARATORIAS:
1. LA ADECUACIÓN Y AJUSTE DE CONCENTRACIONES DE MEDICAMENTOS ONCOLÓGICOS ES REALIZADA EN ÁREAS Y EQUIPOS (CABINA DE SEGURIDAD BIOLÓGICA) INDEPENDIENTES Y EXCLUSIVAS.
2. LA ADECUACIÓN Y AJUSTE DE CONCENTRACIONES DE MEDICAMENTOS NO ONCOLÓGICOS Y NUTRICIONES PARENTERALES ES REALIZADA EN ÁREAS Y EQUIPOS (CABINAS DE FLUJO LAMINAR) INDEPENDIENTES Y EXCLUSIVAS.
3. EL ANTERIOR CONCEPTO TÉCNICO AUTORIZA ÚNICAMENTE LOS PROCESOS Y LAS FORMAS FARMACÉUTICAS ANTERIORMENTE DESCRITAS, PARA MEDICAMENTOS QUE REQUIEREN Y NO REQUIEREN CADENA DE FRÍO CON EL FIN DE CUMPLIR CON LAS DOSIS PRESCRITAS. SE REFIERE A QUE DICHOS PROCESOS DEBEN CIRCUNSCRIBIRSE AL SISTEMA DE DISTRIBUCIÓN DE MEDICAMENTOS EN DOSIS UNITARIA.
4. LOS MEDICAMENTOS DE PARTIDA QUE VAN A SER SOMETIDOS A ADECUACIONES Y AJUSTE DE CONCENTRACIONES CORRESPONDEN A FORMAS FARMACÉUTICAS SÓLIDAS Y LÍQUIDAS. LA PRESENTACIÓN FINAL ES EN BOLSAS, MINIBOLSAS, INFUSORES Y JERINGAS. 
5. LOS PRODUCTOS ELABORADOS SÓLO PUEDEN SER COMERCIALIZADOS A TRAVÉS DE CONVENIOS O CONTRATOS ESTABLECIDOS CON OTROS ESTABLECIMIENTOS FARMACÉUTICOS AUTORIZADOS O SERVICIOS FARMACÉUTICOS HABILITADOS DE INSTITUCIONES PRESTADORAS DE SERVICIOS DE SALUD.
6. TODO CAMBIO CRÍTICO QUE SE HAGA Y AFECTE LAS CONDICIONES EVALUADAS Y CERTIFICADAS DURANTE LA PRESENTE AUDITORIA, RESPECTO A EQUIPOS, ÁREAS, PROCESOS PRODUCTIVOS, DIRECTOR TÉCNICO O DE LAS EMPRESAS CON LAS QUE SE CONTRATÓ LA REALIZACIÓN DE ACTIVIDADES DE PRODUCCIÓN Y CONTROL DE CALIDAD, DEBERÁN SER NOTIFICADOS AL INVIMA CON EL FIN DE QUE ÉSTE EVALÚE Y VERIFIQUE SI SE REQUIERE UNA VISITA DE AMPLIACIÓN O VERIFICACIÓN DEL CONCEPTO TÉCNICO EMITIDO, DE ACUERDO CON LAS DISPOSICIONES DE LA NORMATIVIDAD SANITARIA CORRESPONDIENTE, SO PENA  DE LAS ACCIONES A QUE HAYA LUGAR.",2023-10-18T00:00:00.000,2028-11-13T00:00:00.000
1309S,FUNDACION HOSPITAL SAN PEDRO,PASTO,NARIÑO,Calle 16 carrera 43 esquina Barrio San Pedro,Cumple,"CUMPLE CON LAS BUENAS PRÁCTICAS DE ELABORACION  PARA LOS SIGUIENTES PROCESOS Y/O ACTIVIDADES:

1. ESTÉRILES

1.1.PREPARACION DE  NUTRICIONES PARENTERALES
1.1.1. LÍQUIDOS

1.2. ADECUACIÓN Y AJUSTE DE CONCENTRACIONES DE DOSIS DE MEDICAMENTOS NO ONCOLÓGICOS

1.2.1. LÍQUIDOS

1.3. ADECUACIÓN Y AJUSTE DE CONCENTRACIONES DE DOSIS DE MEDICAMENTOS ONCOLÓGICOS
1.3.1. LÍQUIDOS

2. NO ESTERILES

2.1. REEMPAQUE DE MEDICAMENTOS.
2.1.1. SÓLIDOS.

2.2. PREPARACIONES MAGISTRALES
2.2.1. LÍQUIDOS (SUSPENSIONES)

Y SE AMPLIA LA CAPACIDAD INSTALADA DE EQUIPOS: EQUIPO AUTOMATIZADO PARA PREPARACION DE NUTRICIONES PARENTERALES EXACTAMAX.

NOTAS ACLARATORIAS:

1. PREPARACIÓN MAGISTRAL: ES EL PREPARADO O PRODUCTO FARMACÉUTICO PARA ATENDER UNA PRESCRIPCIÓN MÉDICA, DE UN PACIENTE INDIVIDUAL, QUE REQUIERE DE ALGÚN TIPO DE INTERVENCIÓN TÉCNICA DE VARIADA COMPLEJIDAD.
2. LA ADECUACIÓN Y AJUSTE DE CONCENTRACIONES DE MEDICAMENTOS ESTÉRILES NO ONCOLÓGICOS Y NUTRICIONES PARENTERALES ES REALIZADA EN ÁREAS INDEPENDIENTES Y EXCLUSIVAS.
3. LA ADECUACIÓN Y AJUSTE DE CONCENTRACIONES DE MEDICAMENTOS ONCOLÓGICOS ES REALIZADA EN UN ÁREA INDEPENDIENTE Y EXCLUSIVA.
4. LOS MEDICAMENTOS DE PARTIDA QUE VAN A SER SOMETIDOS A MEZCLA, ADECUACIONES Y AJUSTE DE CONCENTRACIONES DE DOSIS CORRESPONDEN A FORMAS FARMACÉUTICAS SÓLIDAS Y LÍQUIDAS. LA PRESENTACIÓN FINAL ES EN BOLSAS, JERINGAS, INFUSORES Y BURETROLES.
5. LA PRESENTACIÓN FINAL DE LAS NUTRICIONES PARENTERALES ES EN BOLSAS EVA Y JERINGAS
6. LOS PRODUCTOS ELABORADOS SOLO PUEDEN SER COMERCIALIZADOS A TRAVÉS DE CONVENIOS O CONTRATOS ESTABLECIDOS CON OTROS ESTABLECIMIENTOS FARMACÉUTICOS AUTORIZADOS O SERVICIOS FARMACÉUTICOS HABILITADOS DE INSTITUCIONES PRESTADORAS DE SERVICIOS DE SALUD.
7. EL ANTERIOR CONCEPTO TÉCNICO AUTORIZA ÚNICAMENTE LOS PROCESOS Y LAS FORMAS FARMACÉUTICAS ANTERIORMENTE DESCRITAS, PARA MEDICAMENTOS QUE REQUIEREN Y NO REQUIEREN CADENA DE FRÍO CON EL FIN DE CUMPLIR CON LAS DOSIS PRESCRITAS. SE REFIERE A QUE DICHOS PROCESOS DEBEN CIRCUNSCRIBIRSE AL SISTEMA DE DISTRIBUCIÓN DE MEDICAMENTOS EN DOSIS UNITARIA.
8. TODO CAMBIO CRÍTICO QUE SE HAGA Y AFECTE LAS CONDICIONES EVALUADAS Y CERTIFICADAS DURANTE LA PRESENTE AUDITORIA, RESPECTO A EQUIPOS, ÁREAS, PROCESOS PRODUCTIVOS, PERSONAL TÉCNICO PRINCIPAL O DE LAS EMPRESAS CON LAS QUE SE CONTRATÓ LA REALIZACIÓN DE ACTIVIDADES DE PRODUCCIÓN Y CONTROL DE CALIDAD, DEBERÁN SER NOTIFICADOS AL INVIMA CON EL FIN DE QUE ÉSTE EVALÚE Y VERIFIQUE SI SE REQUIERE UNA VISITA DE AMPLIACIÓN O VERIFICACIÓN DEL CONCEPTO TÉCNICO EMITIDO, DE ACUERDO CON LAS DISPOSICIONES DE LA NORMATIVIDAD SANITARIA CORRESPONDIENTE, SO PENA DE LAS ACCIONES A QUE HAYA LUGAR.",2025-07-07T00:00:00.000,2030-08-08T00:00:00.000
1972S,CLÍNICA CHICAMOCHA S.A.,BUCARAMANGA,SANTANDER,CALLE 40 Nro. 27A-22,Cumple,"CUMPLE CON LAS BUENAS PRÁCTICAS DE ELABORACION, POR LO TANTO SE RENUEVA EL CONCEPTO TÉCNICO PARA LOS SIGUIENTES PROCESOS Y/O ACTIVIDADES:

1. NO ESTERILES
1.1. RE EMPAQUE DE MEDICAMENTOS 
1.1.1. SÓLIDOS

NOTAS ACLARATORIAS:

1. REEMPAQUE: ES EL PROCEDIMIENTO TÉCNICO QUE TIENE POR OBJETO PASAR DE UN EMPAQUE MAYOR A OTRO MENOR DEBIDAMENTE IDENTIFICADO EN SU ETIQUETA, QUE CONTIENE LA DOSIS UNITARIA DE UN MEDICAMENTO PRESCRITO POR UN FACULTATIVO, PARA SER ADMINISTRADO A UN PACIENTE AMBULATORIO U HOSPITALIZADO. 
2. EL ANTERIOR CONCEPTO TÉCNICO AUTORIZA ÚNICAMENTE LOS PROCESOS Y LAS FORMAS FARMACÉUTICAS ANTERIORMENTE DESCRITAS, PARA MEDICAMENTOS QUE NO REQUIEREN CADENA DE FRÍO CON EL FIN DE CUMPLIR CON LAS DOSIS PRESCRITAS. SE REFIERE A QUE DICHOS PROCESOS DEBEN CIRCUNSCRIBIRSE AL SISTEMA DE DISTRIBUCIÓN DE MEDICAMENTOS EN DOSIS UNITARIA.
3. LOS PRODUCTOS ELABORADOS SÓLO PUEDEN SER COMERCIALIZADOS A TRAVÉS DE CONVENIOS O CONTRATOS ESTABLECIDOS CON OTROS ESTABLECIMIENTOS FARMACÉUTICOS AUTORIZADOS O SERVICIOS FARMACÉUTICOS HABILITADOS DE INSTITUCIONES PRESTADORAS DE SERVICIOS DE SALUD.
4. CUALQUIER MODIFICACIÓN QUE SE HAGA EN LAS CONDICIONES EVALUADAS Y CERTIFICADAS DURANTE LA PRESENTE AUDITORIA, RESPECTO A EQUIPOS, ÁREAS, PROCESOS PRODUCTIVOS, PERSONAL TÉCNICO PRINCIPAL O DE LAS EMPRESAS CON LAS QUE SE CONTRATÓ LA REALIZACIÓN DE ACTIVIDADES CRÍTICAS DE PRODUCCIÓN Y CONTROL DE CALIDAD, DEBERÁN SER NOTIFICADAS AL INVIMA CON EL FIN DE QUE ÉSTE EVALÚE Y VERIFIQUE SI SE REQUIERE UNA VISITA DE AMPLIACIÓN O VERIFICACIÓN DEL CONCEPTO TÉCNICO EMITIDO, DE ACUERDO CON LAS DISPOSICIONES DE LA NORMATIVIDAD SANITARIA CORRESPONDIENTE, SO PENA  DE LAS ACCIONES A QUE HAYA LUGAR.",2021-11-22T00:00:00.000,2026-12-31T00:00:00.000
2008S,EMPRESA SOCIAL DEL ESTADO HOSPITAL SAN RAFAEL DE PACHO,PACHO,Cundinamarca,Calle 9 Nro. 16 - 35,Cumple,"CUMPLE CON LAS BUENAS PRACTICAS DE ELABORACION, POR LO TANTO SE RENUEVA EL CONCEPTO TÉCNICO PARA LOS SIGUIENTES PROCESOS Y/O ACTIVIDADES:


1. NO ESTERILES
1.1. RE-EMPAQUE DE MEDICAMENTOS: SOLIDOS.


NOTAS ACLARATORIAS:
1.EL ANTERIOR CONCEPTO TÉCNICO AUTORIZA ÚNICAMENTE LOS PROCESOS Y LAS FORMAS FARMACÉUTICAS ANTERIORMENTE DESCRITAS, PARA MEDICAMENTOS QUE NO REQUIEREN CADENA DE FRÍO CON EL FIN DE CUMPLIR CON LAS DOSIS PRESCRITAS. SE REFIERE A QUE DICHOS PROCESOS DEBEN CIRCUNSCRIBIRSE AL SISTEMA DE DISTRIBUCIÓN DE MEDICAMENTOS EN DOSIS UNITARIA.
2.TODO CAMBIO CRÍTICO QUE SE HAGA Y AFECTE LAS CONDICIONES EVALUADAS Y CERTIFICADAS DURANTE LA PRESENTE AUDITORIA, RESPECTO A EQUIPOS, ÁREAS, PROCESOS PRODUCTIVOS, PERSONAL TÉCNICO PRINCIPAL (DIRECTOR TÉCNICO) O DE LAS EMPRESAS CON LAS QUE SE CONTRATÓ LA REALIZACIÓN DE ACTIVIDADES DE PRODUCCIÓN Y CONTROL DE CALIDAD, DEBERÁN SER NOTIFICADOS AL INVIMA CON EL FIN DE QUE ÉSTE EVALÚE Y VERIFIQUE SI SE REQUIERE UNA VISITA DE AMPLIACIÓN O VERIFICACIÓN DEL CONCEPTO TÉCNICO EMITIDO, DE ACUERDO CON LAS DISPOSICIONES DE LA NORMATIVIDAD SANITARIA CORRESPONDIENTE, SO PENA  DE LAS ACCIONES A QUE HAYA LUGAR.",2023-10-09T00:00:00.000,2028-10-27T00:00:00.000
1882S,CLINICA PORTOAZUL S.A. SIGLA CPA,PUERTO COLOMBIA,ATLANTICO,CARRERA 30 CORREDOR UNIVERSITARIO NRO. 1-850,Cumple,"CUMPLE CON LAS BUENAS PRACTICAS DE ELABORACION, PARA LOS SIGUIENTES PROCESOS Y/O ACTIVIDADES:

1. ESTERILES
1.1. ADECUACION Y AJUSTE DE CONCENTRACIONES DE                 DOSIS DE MEDICAMENTOS ONCOLOGICOS
1.1.1. LIQUIDOS

1.2. ADECUACION Y AJUSTE DE CONCENTRACIONES DE                 DOSIS DE MEDICAMENTOS NO ONCOLOGICOS
1.2.1. LIQUIDOS

1.3.  PREPARACION DE NUTRICIONES PARENTERALES
1.3.1. LIQUIDOS

2. NO ESTERILES
2.1. REEMPAQUE DE MEDICAMENTOS
2.1.1. SOLIDOS 
2.2.  REENVASE DE MEDICAMENTOS
2.2.1. SOLIDOS Y LIQUIDOS
2.3.  PREPARACIONES MAGISTRALES
2.3.1. LIQUIDOS (SOLUCIONES Y SUSPENSIONES).

NOTAS ACLARATORIAS:
1. PREPARACION MAGISTRAL: ES EL PREPARADO O PRODUCTO FARMACEUTICO PARA ATENDER UNA PRESCRIPCION MEDICA, DE UN PACIENTE INDIVIDUAL, QUE REQUIERE DE ALGUN TIPO DE INTERVENCION TECNICA DE VARIADA COMPLEJIDAD.
2. LA ADECUACION Y AJUSTE DE CONCENTRACIONES DE MEDICAMENTOS ONCOLOGICOS ES REALIZADA EN UN AREA INDEPENDIENTE Y EXCLUSIVA, DOTADAS CON UN AISLADOR ASEPTICO DE CONTENCION PARA PREPARADOS MAGISTRALES 
3. LA ADECUACION Y AJUSTE DE CONCENTRACIONES DE MEDICAMENTOS NO ONCOLOGICOS Y NUTRICIONES PARENTERALES ES REALIZADA EN AREAS INDEPENDIENTES Y EXCLUSIVAS, DOTADAS CON CADA UNA CON AISLADOR ASEPTICO PARA PREPARACION MAGISTRAL.
4. EL ANTERIOR CONCEPTO TECNICO AUTORIZA UNICAMENTE LOS PROCESOS Y LAS FORMAS FARMACEUTICAS ANTERIORMENTE DESCRITAS, PARA MEDICAMENTOS QUE REQUIEREN Y NO REQUIEREN CADENA DE FRIO CON EL FIN DE CUMPLIR CON LAS DOSIS PRESCRITAS. SE REFIERE A QUE DICHOS PROCESOS DEBEN CIRCUNSCRIBIRSE AL SISTEMA DE DISTRIBUCION DE MEDICAMENTOS EN DOSIS UNITARIA.
5. LOS MEDICAMENTOS DE PARTIDA QUE VAN A SER SOMETIDOS A MEZCLA, ADECUACIONES Y AJUSTE DE CONCENTRACIONES CORRESPONDEN A FORMAS FARMACEUTICAS SOLIDAS Y LIQUIDAS. LA PRESENTACION FINAL ES EN BOLSAS E INFUSORES.
6. LOS PRODUCTOS ELABORADOS SOLO PUEDEN SER COMERCIALIZADOS A TRAVES DE CONVENIOS O CONTRATOS ESTABLECIDOS CON OTROS ESTABLECIMIENTOS FARMACEUTICOS AUTORIZADOS O SERVICIOS FARMACEUTICOS HABILITADOS DE INSTITUCIONES PRESTADORAS DE SERVICIOS DE SALUD.
7. TODO CAMBIO CRITICO QUE SE HAGA Y AFECTE LAS CONDICIONES EVALUADAS Y CERTIFICADAS DURANTE LA PRESENTE AUDITORIA, RESPECTO A EQUIPOS, AREAS, PROCESOS PRODUCTIVOS, PERSONAL TECNICO PRINCIPAL (DIRECTOR TECNICO) O DE LAS EMPRESAS CON LAS QUE SE CONTRATO LA REALIZACION DE ACTIVIDADES DE PRODUCCION Y CONTROL DE CALIDAD, DEBERAN SER NOTIFICADOS AL INVIMA CON EL FIN DE QUE ESTE EVALUE Y VERIFIQUE SI SE REQUIERE UNA VISITA DE AMPLIACION O VERIFICACION DEL CONCEPTO TECNICO EMITIDO, DE ACUERDO CON LAS DISPOSICIONES DE LA NORMATIVIDAD SANITARIA CORRESPONDIENTE, SO PENA DE LAS ACCIONES A QUE HAYA LUGAR.",2023-07-21T00:00:00.000,2028-08-14T00:00:00.000
1981R,SELIG DE COLOMBIA S.A.,CALI,Valle del Cauca,"Calle 14 No. 38 - 76, de Yumbo – Valle del Cauca",Cumple,"CUMPLE  CON LAS BUENAS PRACTICAS DE ELABORACION DE RADIOFARMACOS - BPER PARA LOS SIGUIENTES PROCESOS Y/O ACTIVIDADES:

1. ESTÉRILES

1.1.  RADIOMARCACION, DILUCION, DOSIFICACION Y AJUSTE DE CONCENTRACION DE MUESTRAS AUTOLOGAS PARA REINYECCION AL PACIENTE ORIGINAL. 
 1.1.1. LIQUIDOS: SUSPENSIONES EN JERINGAS. 

1.2. RADIOMARCACION Y DOSIFICACION DE KITS QUE CUENTAN CON REGISTRO SANITARIO, SIGUIENDO ESTRICTAMENTE LAS INDICACIONES DEL FABRICANTE. 

1.3.1. LIQUIDOS: SOLUCIONES EN JERINGAS.

NOTAS ACLARATORIAS: 

1.PREPARACION MAGISTRAL: ES EL PREPARADO O PRODUCTO FARMACEUTICO PARA ATENDER UNA PRESCRIPCION MEDICA, DE UN PACIENTE INDIVIDUAL, QUE REQUIERE DE ALGUN TIPO DE INTERVENCION TECNICA DE VARIADA COMPLEJIDAD.
2.EL PRESENTE CONCEPTO TÉCNICO INCLUYE LA ELUCIÓN DE GENERADORES (RADIONÚCLIDOS) DE MOLIBDENO 99MO / TECNECIO 99-TC
3.EL PROCESO DE RADIOMARCACIÓN Y DOSIFICACIÓN DE KITS QUE CUENTAN CON REGISTRO SANITARIO, SIGUIENDO ESTRICTAMENTE LAS INDICACIONES DEL FABRICANTE SE EVALUÓ MEDIANTE LA ELUCIÓN Y RADIOMARCACIÓN CON GENERADORES (RADIONÚCLIDOS) DE MOLIBDENO-99MO/TECNECIO 99M-TC.
4.EL PROCESO DE RADIOMARCACIÓN, DILUCIÓN, DOSIFICACIÓN Y AJUSTE DE CONCENTRACIÓN DE MUESTRAS AUTÓLOGAS PARA REINYECCIÓN AL PACIENTE ORIGINAL SE EVALUÓ MEDIANTE LA MARCACIÓN DE LEUCOCITOS (AUTÓLOGO) CON TECNECIO 99M-TC.   
5.LOS PROCESOS ANTERIORMENTE MENCIONADOS SE REALIZAN DE FORMA ASEPTICA.
6.EL ANTERIOR CONCEPTO TECNICO AUTORIZA UNICAMENTE LOS PROCESOS Y LAS FORMAS FARMACEUTICAS ANTERIORMENTE DESCRITAS, PARA MEDICAMENTOS QUE REQUIEREN Y NO REQUIEREN CADENA DE FRIO CON EL FIN DE CUMPLIR CON LAS DOSIS PRESCRITAS. SE REFIERE A QUE DICHOS PROCESOS DEBEN CIRCUNSCRIBIRSE AL SISTEMA DE DISTRIBUCION DE MEDICAMENTOS EN DOSIS UNITARIA. 
7.TODO CAMBIO CRITICO QUE SE HAGA Y AFECTE LAS CONDICIONES EVALUADAS Y CERTIFICADAS DURANTE LA PRESENTE AUDITORIA, RESPECTO A EQUIPOS, AREAS, PROCESOS PRODUCTIVOS, PERSONAL TECNICO PRINCIPAL (DIRECTOR TECNICO) O DE LAS EMPRESAS CON LAS QUE SE CONTRATO LA REALIZACION DE ACTIVIDADES DE PRODUCCION Y CONTROL DE CALIDAD, DEBERAN SER NOTIFICADOS AL INVIMA CON EL FIN DE QUE ESTE EVALUE Y VERIFIQUE SI SE REQUIERE UNA VISITA DE AMPLIACION O VERIFICACION DEL CONCEPTO TECNICO EMITIDO, DE ACUERDO CON LAS DISPOSICIONES DE LA NORMATIVIDAD SANITARIA CORRESPONDIENTE, SO PENA DE LAS ACCIONES A QUE HAYA LUGAR.",2025-07-08T00:00:00.000,2030-08-11T00:00:00.000
2013S,CLINICA CENTRAL O.H.L. LTDA,MONTERIA,CORDOBA,CARRERA 6 NRO. 30 - 36 CENTRO,Cumple,"CUMPLE CON LAS BUENAS PRACTICAS DE ELABORACION,PARA LOS SIGUIENTES PROCESOS Y/O ACTIVIDADES: 
 
1.ESTERILES
1.1 ADECUACION Y AJUSTE DE CONCENTRACIONES DE DOSIS DE MEDICAMENTOS NO ONCOLOGICOS
1.1.1 LIQUIDOS
1.2 PREPARACION DE NUTRICIONES PARENTERALES
1.2.1 LIQUIDOS
1.3 REENVASE
1.3.1 LIQUIDOS

2. NO ESTERILES
2.1 REENVASE DE MEDICAMENTOS
2.1.1 SOLIDOS
2.1.2 LIQUIDOS
2.2 REEMPAQUE
2.2.1 SOLIDOS  

NOTAS ACLARATORIAS:
1.PREPARACION MAGISTRAL: ES EL PREPARADO O PRODUCTO FARMACEUTICO PARA ATENDER UNA PRESCRIPCION MEDICA, DE UN PACIENTE INDIVIDUAL, QUE REQUIERE DE ALGUN TIPO DE INTERVENCION TECNICA DE VARIADA COMPLEJIDAD.
2.LA ADECUACION Y AJUSTE DE CONCENTRACIONES DE MEDICAMENTOS NO ONCOLOGICOS Y NUTRICIONES PARENTERALES ES REALIZADA EN AREAS INDEPENDIENTES Y EXCLUSIVAS.
3.LOS MEDICAMENTOS DE PARTIDA QUE VAN A SER SOMETIDOS A MEZCLA, ADECUACIONES Y AJUSTE DE CONCENTRACIONES CORRESPONDEN A FORMAS FARMACEUTICAS SOLIDAS Y LIQUIDAS. LA PRESENTACION FINAL ES EN BOLSAS Y JERINGAS.
4.EL ANTERIOR CONCEPTO TECNICO AUTORIZA UNICAMENTE LOS PROCESOS Y LAS FORMAS FARMACEUTICAS ANTERIORMENTE DESCRITAS, PARA MEDICAMENTOS QUE REQUIEREN Y NO REQUIEREN CADENA DE FRIO CON EL FIN DE CUMPLIR CON LAS DOSIS PRESCRITAS. SE REFIERE A QUE DICHOS PROCESOS DEBEN CIRCUNSCRIBIRSE AL SISTEMA DE DISTRIBUCION DE MEDICAMENTOS EN DOSIS UNITARIA.
5.LOS MEDICAMENTOS LIQUIDOS ESTERILES Y NO ESTERILES QUE VAN A SER SOMETIDOS A REENVASE, LA PRESENTACION FINAL ES EN JERINGAS.
6.LOS PRODUCTOS ELABORADOS SOLO PUEDEN SER COMERCIALIZADOS A TRAVES DE CONVENIOS O CONTRATOS ESTABLECIDOS CON OTROS ESTABLECIMIENTOS FARMACEUTICOS AUTORIZADOS O SERVICIOS FARMACEUTICOS HABILITADOS DE INSTITUCIONES PRESTADORAS DE SERVICIOS DE SALUD.
7.LOS MEDICAMENTOS DE PARTIDA QUE VAN A SER SOMETIDOS A REEMPAQUE DE MEDICAMENTOS NO ESTERILES CORRESPONDEN A FORMAS FARMACEUTICAS SOLIDAS. LA PRESENTACION FINAL ES EN BOLSAS. 
8.TODO CAMBIO CRITICO QUE SE HAGA Y AFECTE LAS CONDICIONES EVALUADAS Y CERTIFICADAS DURANTE LA PRESENTE AUDITORIA, RESPECTO A EQUIPOS, AREAS, PROCESOS PRODUCTIVOS, PERSONAL TECNICO PRINCIPAL (DIRECTOR TECNICO) O DE LAS EMPRESAS CON LAS QUE SE CONTRATO LA REALIZACION DE ACTIVIDADES DE PRODUCCION Y CONTROL DE CALIDAD, DEBERAN SER NOTIFICADOS AL INVIMA CON EL FIN DE QUE ESTE EVALUE Y VERIFIQUE SI SE REQUIERE UNA VISITA DE AMPLIACION O VERIFICACION DEL CONCEPTO TECNICO EMITIDO, DE ACUERDO CON LAS DISPOSICIONES DE LA NORMATIVIDAD SANITARIA CORRESPONDIENTE, SO PENA  DE LAS ACCIONES A QUE HAYA LUGAR.",2022-05-25T00:00:00.000,2027-06-21T00:00:00.000
2016S,CLINICA INTERNACIONAL DE ALTA TECNOLOGIA – CLINALTEC,IBAGUE,TOLIMA,KM 6 IBAGUE ESPINAL SEC PICALEÑA HD MONTEREDONDO LO 3A,Cumple,"CUMPLE CON LAS BUENAS PRÁCTICAS DE ELABORACIÓN PARA LOS SIGUIENTES PROCESOS Y/O ACTIVIDADES: 

1. ESTERILES
1.1. ADECUACIÓN Y AJUSTE DE CONCENTRACIONES DE DOSIS DE MEDICAMENTOS ONCOLÓGICOS
1.1.1. LIQUIDOS.

1.2. ADECUACIÓN Y AJUSTE DE CONCENTRACIONES DE DOSIS DE MEDICAMENTOS NO ONCOLÓGICOS 
1.2.1. LIQUIDOS.

1.3. PREPARACIÓN DE NUTRICIONES PARENTERALES   
1.3.1. LIQUIDOS
 
1.4 REENVASE DE MEDICAMENTOS
1.4.1 LIQUIDOS

2. NO ESTERILES
2.1. REEMPAQUE DE MEDICAMENTOS
2.1.1 SOLIDOS Y LIQUIDOS.

2.2 REENVASE DE MEDICAMENTOS
2.2.1 SÓLIDOS Y LÍQUIDOS

2.3 PREPARACIONES MAGISTRALES
2.3.1 LÍQUIDOS Y SEMISÓLIDOS

NOTAS ACLARATORIAS:
1. PREPARACIÓN MAGISTRAL: ES EL PREPARADO O PRODUCTO FARMACÉUTICO PARA ATENDER UNA PRESCRIPCIÓN MÉDICA, DE UN PACIENTE INDIVIDUAL, QUE REQUIERE DE ALGÚN TIPO DE INTERVENCIÓN TÉCNICA DE VARIADA COMPLEJIDAD.
2. LA ADECUACIÓN Y AJUSTE DE CONCENTRACIONES DE MEDICAMENTOS ONCOLÓGICOS ES REALIZADA EN ÁREAS INDEPENDIENTES Y EXCLUSIVAS.
3. LA ADECUACIÓN Y AJUSTE DE CONCENTRACIONES DE MEDICAMENTOS NO ONCOLÓGICOS Y NUTRICIONES PARENTERALES ES REALIZADA EN ÁREAS INDEPENDIENTES Y EXCLUSIVAS.
4. EL ANTERIOR CONCEPTO TÉCNICO AUTORIZA ÚNICAMENTE LOS PROCESOS Y LAS FORMAS FARMACÉUTICAS ANTERIORMENTE DESCRITAS, PARA MEDICAMENTOS QUE REQUIEREN Y NO REQUIEREN CADENA DE FRÍO CON EL FIN DE CUMPLIR CON LAS DOSIS PRESCRITAS. SE REFIERE A QUE DICHOS PROCESOS DEBEN CIRCUNSCRIBIRSE AL SISTEMA DE DISTRIBUCIÓN DE MEDICAMENTOS EN DOSIS UNITARIA.
5. LOS MEDICAMENTOS DE PARTIDA QUE VAN A SER SOMETIDOS A MEZCLA, ADECUACIONES Y AJUSTE DE CONCENTRACIONES CORRESPONDEN A FORMAS FARMACÉUTICAS SÓLIDAS Y LÍQUIDAS. LA PRESENTACIÓN FINAL ES EN BOLSAS, BURETROLES O JERINGAS.
6. LOS PRODUCTOS ELABORADOS SÓLO PUEDEN SER COMERCIALIZADOS A TRAVÉS DE CONVENIOS O CONTRATOS ESTABLECIDOS CON OTROS ESTABLECIMIENTOS FARMACÉUTICOS AUTORIZADOS O SERVICIOS FARMACÉUTICOS HABILITADOS DE INSTITUCIONES PRESTADORAS DE SERVICIOS DE SALUD.
7. EL ANTERIOR CONCEPTO TÉCNICO, AUTORIZA ÚNICAMENTE LOS PROCESOS Y LAS FORMAS FARMACÉUTICAS ANTERIORMENTE DESCRITAS.
8. TODO CAMBIO CRÍTICO QUE SE HAGA Y AFECTE LAS CONDICIONES EVALUADAS Y CERTIFICADAS DURANTE LA PRESENTE AUDITORIA, RESPECTO A EQUIPOS, ÁREAS, PROCESOS PRODUCTIVOS, PERSONAL TÉCNICO (DIRECTOR TÉCNICO) O DE LAS EMPRESAS CON LAS QUE SE CONTRATÓ LA REALIZACIÓN DE ACTIVIDADES DE PRODUCCIÓN Y CONTROL DE CALIDAD, DEBERÁN SER NOTIFICADOS AL INVIMA CON EL FIN DE QUE ÉSTE EVALÚE Y VERIFIQUE SI SE REQUIERE UNA VISITA DE AMPLIACIÓN O VERIFICACIÓN DEL CONCEPTO TÉCNICO EMITIDO, DE ACUERDO CON LAS DISPOSICIONES DE LA NORMATIVIDAD SANITARIA CORRESPONDIENTE, SO PENA  DE LAS ACCIONES A QUE HAYA LUGAR.",2023-02-13T00:00:00.000,2028-03-08T00:00:00.000
2026S,HERMANAS HOSPITALARIAS DEL SAGRADO CORAZON DE JESUS / HOSPITAL MENTAL  NUESTRA SEÑORA DEL PERPETUO SOCORRO,PASTO,NARIÑO,CARRERA 33 NO. 5 OESTE - 104 B/BOSQUE,Cumple,"CUMPLE CON LAS BUENAS PRACTICAS DE ELABORACION, PARA LOS SIGUIENTES PROCESOS Y/O ACTIVIDADES:

1.1 NO ESTERILES
1.1.1 RE-EMPAQUE DE MEDICAMENTOS SOLIDOS


NOTAS ACLARATORIAS:
1. EL ANTERIOR CONCEPTO TÉCNICO AUTORIZA ÚNICAMENTE LOS PROCESOS Y LAS FORMAS FARMACÉUTICAS ANTERIORMENTE DESCRITAS, PARA MEDICAMENTOS QUE NO REQUIEREN CADENA DE FRÍO CON EL FIN DE CUMPLIR CON LAS DOSIS PRESCRITAS. SE REFIERE A QUE DICHOS PROCESOS DEBEN CIRCUNSCRIBIRSE AL SISTEMA DE DISTRIBUCIÓN DE MEDICAMENTOS EN DOSIS UNITARIA.
2. LOS PRODUCTOS ELABORADOS SÓLO PUEDEN SER COMERCIALIZADOS A TRAVÉS DE CONVENIOS O CONTRATOS ESTABLECIDOS CON OTROS ESTABLECIMIENTOS FARMACÉUTICOS AUTORIZADOS O SERVICIOS FARMACÉUTICOS HABILITADOS DE INSTITUCIONES PRESTADORAS DE SERVICIOS DE SALUD.
3. CUALQUIER MODIFICACIÓN QUE SE HAGA EN LAS CONDICIONES EVALUADAS Y CERTIFICADAS DURANTE LA PRESENTE AUDITORIA, RESPECTO A EQUIPOS, ÁREAS, PROCESOS PRODUCTIVOS, PERSONAL TÉCNICO PRINCIPAL O DE LAS EMPRESAS CON LAS QUE SE CONTRATÓ LA REALIZACIÓN DE ACTIVIDADES CRÍTICAS DE PRODUCCIÓN Y CONTROL DE CALIDAD, DEBERÁN SER NOTIFICADAS AL INVIMA CON EL FIN DE QUE ÉSTE EVALÚE Y VERIFIQUE SI SE REQUIERE UNA VISITA DE AMPLIACIÓN O VERIFICACIÓN DEL CONCEPTO TÉCNICO EMITIDO, DE ACUERDO CON LAS DISPOSICIONES DE LA NORMATIVIDAD SANITARIA CORRESPONDIENTE, SO PENA  DE LAS ACCIONES A QUE HAYA LUGAR.”",2022-04-22T00:00:00.000,2027-05-27T00:00:00.000
1179S,FUNDACION VALLE DE LILI,CALI,VALLE DEL CAUCA,AVENIDA SIMON BOLIVAR CARRERA 98 NRO. 18-49,Cumple,"CUMPLE CON LA BUENAS PRACTICAS DE ELABORACION PARA LOS SIGUIENTES PROCESOS Y/O ACTIVIDADES: 

1. ESTERILES
1.1. ADECUACION Y AJUSTE DE CONCENTRACIONES DE DOSIS DE MEDICAMENTOS ONCOLOGICOS: LIQUIDOS 
1.2. ADECUACION Y AJUSTE DE CONCENTRACIONES DE DOSIS DE MEDICAMENTOS NO ONCOLOGICOS: LIQUIDOS
1.3. PREPARACION DE NUTRICIONES PARENTERALES: LIQUIDOS

2. NO ESTERILES
2.1. REEMPAQUE DE MEDICAMENTOS: SOLIDOS.
2.2. REENVASE DE MEDICAMENTOS: LIQUIDOS Y SOLIDOS.
2.3. PREPARACIONES MAGISTRALES: LIQUIDOS Y SEMISOLIDOS

NOTAS ACLARATORIAS:
1. PREPARACION MAGISTRAL: ES EL PREPARADO O PRODUCTO FARMACEUTICO PARA ATENDER UNA PRESCRIPCION MEDICA, DE UN PACIENTE INDIVIDUAL, QUE REQUIERE DE ALGUN TIPO DE INTERVENCION TECNICA DE VARIADA COMPLEJIDAD.
2. LA ADECUACIÓN Y AJUSTE DE CONCENTRACIONES DE MEDICAMENTOS ONCOLOGICOS ES REALIZADA EN AREAS INDEPENDIENTES Y EXCLUSIVAS.
3. LA ADECUACION Y AJUSTE DE CONCENTRACIONES DE MEDICAMENTOS NO ONCOLOGICOS Y NUTRICIONES PARENTERALES ES REALIZADA EN AREAS INDEPENDIENTES Y EXCLUSIVAS.
4. LOS MEDICAMENTOS DE PARTIDA QUE VAN A SER SOMETIDOS A MEZCLA, ADECUACIONES Y AJUSTE DE CONCENTRACIONES CORRESPONDEN A FORMAS FARMACEUTICAS SOLIDAS Y LIQUIDAS. LA PRESENTACION FINAL ES EN BOLSAS, JERINGAS, FRASCOS E INFUSORES.
5. LOS PRODUCTOS ELABORADOS SOLO PUEDEN SER COMERCIALIZADOS A TRAVES DE CONVENIOS O CONTRATOS ESTABLECIDOS CON OTROS ESTABLECIMIENTOS FARMACEUTICOS AUTORIZADOS O SERVICIOS FARMACEUTICOS HABILITADOS DE INSTITUCIONES PRESTADORAS DE SERVICIOS DE SALUD.
6. EL ANTERIOR CONCEPTO TECNICO, AUTORIZA UNICAMENTE LOS PROCESOS Y LAS FORMAS FARMACEUTICAS ANTERIORMENTE DESCRITAS, PARA MEDICAMENTOS QUE REQUIEREN Y NO REQUIEREN CADENA DE FRIO CON EL FIN DE CUMPLIR CON LAS DOSIS PRESCRITAS.
7. CUALQUIER MODIFICACION QUE SE HAGA EN LAS CONDICIONES EVALUADAS Y CERTIFICADAS DURANTE LA PRESENTE AUDITORIA, RESPECTO A EQUIPOS, ÁREAS, PROCESOS PRODUCTIVOS, PERSONAL TECNICO PRINCIPAL O DE LAS EMPRESAS CON LAS QUE SE CONTRATO LA REALIZACION DE ACTIVIDADES CRITICAS DE PRODUCCION Y CONTROL DE CALIDAD, DEBERAN SER NOTIFICADAS AL INVIMA CON EL FIN DE QUE ESTE EVALUE Y VERIFIQUE SI SE REQUIERE UNA VISITA DE AMPLIACION O VERIFICACION DEL CONCEPTO TECNICO EMITIDO, DE ACUERDO CON LAS DISPOSICIONES DE LA NORMATIVIDAD SANITARIA CORRESPONDIENTE, SO PENA DE LAS ACCIONES A QUE HAYA LUGAR.",2021-07-19T00:00:00.000,2026-08-18T00:00:00.000
2048R,"MEDINUCLEAR SOCIEDAD POR ACCIONES SIMPLIFICADA MEDINUCLEAR S.A.S., establecimiento MEDINUCLEAR",PASTO,NARIÑO,Carrera 42 No. 18 A - 56,Cumple,"CUMPLE CON LAS LAS BUENAS PRACTICAS DE ELABORACION DE RADIOFARMACOS - BPER PARA LOS SIGUIENTES PROCESOS Y/O ACTIVIDADES:

1.ESTERILES

1.1 RADIOMARCACION DE KITS QUE CUENTAN CON REGISTRO SANITARIO VIGENTE. PARA ESTE PROCESO SE REALIZA LA RADIOMARCACION DE KITS QUE CUENTAN CON REGISTRO SANITARIO, EMPLEANDO RADIONUCLIDOS OBTENIDOS DE GENERADORES CON REGISTRO SANITARIO (POR EJEMPLO, 99MO/99MTC), APROBADOS PARA USO HUMANO, SIGUIENDO ESTRICTAMENTE LAS INDICACIONES DEL FABRICANTE 
1.1.1. LIQUIDOS: LIQUIDO: SUSPENSION O SOLUCION EN JERINGA O VIAL.

NOTAS ACLARATORIAS:
1.PREPARACION MAGISTRAL. ES EL PREPARADO O PRODUCTO FARMACEUTICO PARA ATENDER UNA PRESCRIPCION MEDICA, DE UN PACIENTE INDIVIDUAL, QUE REQUIERE DE ALGUN TIPO DE INTERVENCION TECNICA DE VARIADA COMPLEJIDAD. LA PREPARACION MAGISTRAL DEBE SER DE DISPENSACION INMEDIATA.
2.LOS PROCESOS ANTERIORMENTE MENCIONADOS SE REALIZAN DE FORMA ASEPTICA (ESTERILES).
3.EL ANTERIOR CONCEPTO TECNICO AUTORIZA UNICAMENTE LOS PROCESOS Y LAS FORMAS FARMACEUTICAS ANTERIORMENTE DESCRITAS, PARA RADIOFARMACOS QUE NO REQUIEREN CADENA DE FRIO CON EL FIN DE CUMPLIR CON LAS DOSIS PRESCRITAS. SE REFIERE A QUE DICHOS PROCESOS DEBEN CIRCUNSCRIBIRSE AL SISTEMA DE DISTRIBUCION DE MEDICAMENTOS EN DOSIS UNITARIA.
4.LOS PRODUCTOS ELABORADOS UNICAMENTE PODRAN SER COMERCIALIZADOS MEDIANTE CONVENIOS O CONTRATOS PREVIAMENTE ESTABLECIDOS CON RADIOFARMACIAS O CENTROS DE MEDICINA NUCLEAR, CONFORME A LOS TERMINOS ACORDADOS ENTRE LAS PARTES.
5.TODO CAMBIO CRITICO QUE SE HAGA Y AFECTE LAS CONDICIONES EVALUADAS Y CERTIFICADAS DURANTE LA PRESENTE AUDITORIA, RESPECTO A EQUIPOS, AREAS, PROCESOS PRODUCTIVOS, PERSONAL TECNICO PRINCIPAL (DIRECTOR TECNICO) O DE LAS EMPRESAS CON LAS QUE SE CONTRATO LA REALIZACION DE ACTIVIDADES DE PRODUCCION Y CONTROL DE CALIDAD, DEBERAN SER NOTIFICADOS AL INVIMA CON EL FIN DE QUE ESTE EVALUE Y VERIFIQUE SI SE REQUIERE UNA VISITA DE AMPLIACION O VERIFICACION DEL CONCEPTO TECNICO EMITIDO, DE ACUERDO CON LAS DISPOSICIONES DE LA NORMATIVIDAD SANITARIA CORRESPONDIENTE, SO PENA  DE LAS ACCIONES A QUE HAYA LUGAR.",2026-03-02T00:00:00.000,2031-03-27T00:00:00.000
2053S,CENTRO DIAGNOSTICO DE ESPECIALISTAS LTDA. - CLINICA CEDES LTDA.,RIOHACHA,LA GUAJIRA,CALLE 13 Nro. 11-75,Cumple,"CUMPLE CON LAS BUENAS PRACTICAS DE ELABORACION POR LO TANTO, SE RENUEVA EL CONCEPTO TECNICO PARA LOS SIGUIENTES PROCESOS Y/O ACTIVIDADES:

1. ESTERILES

1.1 LIQUIDOS: ADECUACION Y AJUSTE DE CONCENTRACIONES DE DOSIS DE MEDICAMENTOS NO ONCOLOGICOS
1.2 LIQUIDOS: PREPARACION DE NUTRICIONES PARENTERALES

2. NO ESTERILES

2.1 SOLIDOS: REEMPAQUE DE MEDICAMENTOS
2.2LIQUIDOS: REENVASE DE MEDICAMENTOS

NOTAS ACLARATORIAS:

1.PREPARACION MAGISTRAL: ES EL PREPARADO O PRODUCTO FARMACEUTICO PARA ATENDER UNA PRESCRIPCION MEDICA, DE UN PACIENTE INDIVIDUAL, QUE REQUIERE DE ALGUN TIPO DE INTERVENCION TECNICA DE VARIADA COMPLEJIDAD.
2.LOS PROCESOS DE REENVASE DE MEDICAMENTOS NO ESTERILES ES REALIZADA EN UN AREA INDEPENDIENTE Y EXCLUSIVA.
3.LA ADECUACION Y AJUSTE DE CONCENTRACIONES DE MEDICAMENTOS NO ONCOLOGICOS Y NUTRICIONES PARENTERALES ES REALIZADA EN AREA INDEPENDIENTE Y EXCLUSIVA.
4.EL ANTERIOR CONCEPTO TECNICO AUTORIZA UNICAMENTE LOS PROCESOS Y LAS FORMAS FARMACEUTICAS ANTERIORMENTE DESCRITAS, PARA MEDICAMENTOS QUE REQUIEREN Y NO REQUIEREN CADENA DE FRIO CON EL FIN DE CUMPLIR CON LAS DOSIS PRESCRITAS. SE REFIERE A QUE DICHOS PROCESOS DEBEN CIRCUNSCRIBIRSE AL SISTEMA DE DISTRIBUCION DE MEDICAMENTOS EN DOSIS UNITARIA.
5.LOS MEDICAMENTOS DE PARTIDA QUE VAN A SER SOMETIDOS A MEZCLA, ADECUACIONES Y AJUSTE DE CONCENTRACIONES CORRESPONDEN A FORMAS FARMACEUTICAS SOLIDAS Y LIQUIDAS. LA PRESENTACION FINAL ES EN BOLSAS, BURETROLES O JERINGAS.
6.TODO CAMBIO CRITICO QUE SE HAGA Y AFECTE LAS CONDICIONES EVALUADAS Y CERTIFICADAS DURANTE LA PRESENTE AUDITORIA, RESPECTO A EQUIPOS, AREAS, PROCESOS PRODUCTIVOS, PERSONAL TECNICO PRINCIPAL (DIRECTOR TECNICO) O DE LAS EMPRESAS CON LAS QUE SE CONTRATO LA REALIZACION DE ACTIVIDADES DE PRODUCCION Y CONTROL DE CALIDAD, DEBERAN SER NOTIFICADOS AL INVIMA CON EL FIN DE QUE ESTE EVALUE Y VERIFIQUE SI SE REQUIERE UNA VISITA DE AMPLIACION O VERIFICACION DEL CONCEPTO TECNICO EMITIDO, DE ACUERDO CON LAS DISPOSICIONES DE LA NORMATIVIDAD SANITARIA CORRESPONDIENTE, SO PENA DE LAS ACCIONES A QUE HAYA LUGAR.",2023-10-04T00:00:00.000,2028-11-07T00:00:00.000
2057S,MEDICAL PRECISION CARE. MEDICINA PERSONALIZADA DE PRECISION S.A.S. (ANTES OCTOPUS FARMACEUTICA S.A.S),PIEDECUESTA,SANTANDER,CALLE 11 NO. 10 - 99 LOCAL 1,Cumple,"CUMPLE CON LAS BUENAS PRACTICAS DE ELABORACION, PARA LOS SIGUIENTES PROCESOS Y/O ACTIVIDADES:

1. NO ESTERILES
1.1. PREPARACIONES MAGISTRALES (DERIVADOS DE CANNABIS)
1.1.1. LIQUIDOS: SOLUCIONES ORALES

NOTAS ACLARATORIAS:
1. PREPARACION MAGISTRAL: ES EL PREPARADO O PRODUCTO FARMACEUTICO PARA ATENDER UNA PRESCRIPCION MEDICA, DE UN PACIENTE INDIVIDUAL, QUE REQUIERE DE ALGUN TIPO DE INTERVENCION TECNICA DE VARIADA COMPLEJIDAD.
2. LOS PRODUCTOS ELABORADOS SOLO PUEDEN SER COMERCIALIZADOS A TRAVES DE CONVENIOS O CONTRATOS ESTABLECIDOS CON OTROS ESTABLECIMIENTOS FARMACEUTICOS AUTORIZADOS O SERVICIOS FARMACEUTICOS HABILITADOS DE INSTITUCIONES PRESTADORAS DE SERVICIOS DE SALUD.
3. EL ANTERIOR CONCEPTO TECNICO AUTORIZA UNICAMENTE LOS PROCESOS Y LAS FORMAS FARMACEUTICAS ANTERIORMENTE DESCRITAS, PARA MEDICAMENTOS QUE REQUIEREN Y NO REQUIEREN CADENA DE FRIO CON EL FIN DE CUMPLIR CON LAS DOSIS PRESCRITAS. SE REFIERE A QUE DICHOS PROCESOS DEBEN CIRCUNSCRIBIRSE AL SISTEMA DE DISTRIBUCION DE MEDICAMENTOS EN DOSIS UNITARIA.
4. CUALQUIER MODIFICACION QUE SE HAGA EN LAS CONDICIONES EVALUADAS Y CERTIFICADAS DURANTE LA PRESENTE AUDITORIA, RESPECTO A EQUIPOS, AREAS, PROCESOS PRODUCTIVOS, PROVEEDORES DE EXTRACTOS DE CANNABIS, PERSONAL TECNICO PRINCIPAL O DE LAS EMPRESAS CON LAS QUE SE CONTRATO LA REALIZACION DE ACTIVIDADES CRITICAS DE PRODUCCION Y CONTROL DE CALIDAD, DEBERAN SER NOTIFICADAS AL INVIMA CON EL FIN DE QUE ESTE EVALUE Y VERIFIQUE SI SE REQUIERE UNA VISITA DE AMPLIACION O VERIFICACION DEL CONCEPTO TECNICO EMITIDO, DE ACUERDO CON LAS DISPOSICIONES DE LA NORMATIVIDAD SANITARIA CORRESPONDIENTE, SO PENA  DE LAS ACCIONES A QUE HAYA LUGAR.
5. SI SE CAMBIA EL PROVEEDOR DE EXTRACTOS DE CANNABIS SE DEBE INFORMAR AL INVIMA JUNTO CON LAS LICENCIAS DE AUTORIZACION PARA QUE SE VERIFIQUE SI REQUIERE O NO VISITA DE AMPLIACION",2022-01-24T00:00:00.000,2027-02-04T00:00:00.000
2066S,ECOPETROL S.A. - DEPARTAMENTO DE SALUD MAGDALENA MEDIO,BARRANCABERMEJA,SANTANDER,"Carrera 28 con Calle 60 esquina, Barrio Galán",Cumple,"CUMPLE CON LAS BUENAS PRÁCTICAS DE ELABORACION PARA LOS SIGUIENTES PROCESOS Y/O ACTIVIDADES:

1. ESTERILES
1.1. ADECUACIÓN Y AJUSTE DE CONCENTRACIONES DE DOSIS DE MEDICAMENTOS ONCOLÓGICOS: LÍQUIDOS 
1.2. ADECUACIÓN Y AJUSTE DE CONCENTRACIONES DE DOSIS DE MEDICAMENTOS NO ONCOLÓGICOS: LÍQUIDOS

2. NO ESTERILES
2.1. REEMPAQUE DE MEDICAMENTOS: SÓLIDOS
2.2. REENVASE DE MEDICAMENTOS: LÍQUIDOS Y SÓLIDOS
2.3. PREPARACIONES MAGISTRALES: LÍQUIDOS  (SOLUCIONES Y SUSPESIONES) Y SEMISÓLIDOS (CREMAS Y UNGÜENTOS).

NOTAS ACLARATORIAS:
1. PREPARACION MAGISTRAL: ES EL PREPARADO O PRODUCTO FARMACEUTICO PARA ATENDER UNA PRESCRIPCION MEDICA, DE UN PACIENTE INDIVIDUAL, QUE REQUIERE DE ALGUN TIPO DE INTERVENCION TECNICA DE VARIADA COMPLEJIDAD.
2. LA ADECUACION Y AJUSTE DE CONCENTRACIONES DE MEDICAMENTOS ONCOLOGICOS ES REALIZADA EN AREAS INDEPENDIENTES Y EXCLUSIVAS.
3. LA ADECUACION Y AJUSTE DE CONCENTRACIONES DE MEDICAMENTOS NO ONCOLOGICOS ES REALIZADA EN AREAS INDEPENDIENTES Y EXCLUSIVAS.
4. LOS MEDICAMENTOS DE PARTIDA QUE VAN A SER SOMETIDOS A MEZCLA, ADECUACIONES Y AJUSTE DE CONCENTRACIONES CORRESPONDEN A FORMAS FARMACEUTICAS SOLIDAS Y LIQUIDAS. LA PRESENTACION FINAL ES EN BOLSAS, JERINGAS E INFUSORES.
5. LOS PRODUCTOS DE PARTIDA PARA LAS PREPARACIONES MAGISTRALES NO ESTERILES EN FORMA FARMACEUTICA LIQUIDOS, CORRESPONDEN A MEDICAMENTOS COMO PRODUCTOS TERMINADOS COMERCIALES Y MATERIAS PRIMAS.
6. EL ANTERIOR CONCEPTO TECNICO AUTORIZA UNICAMENTE LOS PROCESOS Y LAS FORMAS FARMACEUTICAS ANTERIORMENTE DESCRITAS, PARA MEDICAMENTOS QUE REQUIEREN Y NO REQUIEREN CADENA DE FRIO CON EL FIN DE CUMPLIR CON LAS DOSIS PRESCRITAS. SE REFIERE A QUE DICHOS PROCESOS DEBEN CIRCUNSCRIBIRSE AL SISTEMA DE DISTRIBUCION DE MEDICAMENTOS EN DOSIS UNITARIA.
7. LOS PRODUCTOS ELABORADOS SOLO PUEDEN SER COMERCIALIZADOS A TRAVES DE CONVENIOS O CONTRATOS ESTABLECIDOS CON OTROS ESTABLECIMIENTOS FARMACEUTICOS AUTORIZADOS O SERVICIOS FARMACEUTICOS HABILITADOS DE INSTITUCIONES PRESTADORAS DE SERVICIOS DE SALUD.
8. CUALQUIER MODIFICACION QUE SE EFECTUE EN LAS CONDICIONES EVALUADAS DURANTE LA PRESENTE AUDITORIA RESPECTO A EQUIPOS, AREAS, PROCESOS PRODUCTIVOS, PERSONAL TECNICO PRINCIPAL O DE LAS EMPRESAS QUE SE CONTRATO LA REALIZACION DE LAS ACTIVIDADES CRITICAS DE CONTROL DE CALIDAD Y PRODUCCION, DEBERAN SER NOTIFICADAS AL INVIMA CON EL FIN DE QUE SE EVALUE Y VERIFIQUE SI SE REQUIERE UNA VISITA DE AMPLIACION O VERIFICACION DEL CONCEPTO TECNICO EMITIDO, DE ACUERDO CON LAS DISPOSICIONES DE LA NORMATIVIDAD SANITARIA CORRESPONDIENTE, SO PENA DE LAS ACCIONES A QUE HAYA LUGAR.",2022-05-16T00:00:00.000,2027-06-23T00:00:00.000
2003S,FUNDACION COLOMBIANA DE CANCEROLOGIA – CLINICA VIDA,MEDELLIN,ANTIOQUIA,CARRERA 50 A No. 64 - 42,Cumple,"CUMPLE CON LAS BUENAS PRACTICAS DE ELABORACION PARA LOS SIGUIENTES PROCESOS Y/O ACTIVIDADES:


1. ESTERILES
1.1. ADECUACION Y AJUSTE DE CONCENTRACIONES DE DOSIS DE MEDICAMENTOS ONCOLOGICOS
1.1.1.  LIQUIDOS
1.2. ADECUACION Y AJUSTE DE CONCENTRACIONES DE DOSIS DE MEDICAMENTOS NO ONCOLOGICOS
1.2.1. LIQUIDOS

2. NO ESTERILES
2.1. REEMPAQUE DE MEDICAMENTOS
2.1.1.  SOLIDOS


NOTAS ACLARATORIAS:
1. PREPARACION MAGISTRAL: ES EL PREPARADO O PRODUCTO FARMACEUTICO PARA ATENDER UNA PRESCRIPCION MEDICA, DE UN PACIENTE INDIVIDUAL, QUE REQUIERE DE ALGUN TIPO DE INTERVENCION TECNICA DE VARIADA COMPLEJIDAD.
2. LA ADECUACION Y AJUSTE DE CONCENTRACIONES DE MEDICAMENTOS ONCOLOGICOS ES REALIZADA EN AREAS INDEPENDIENTES Y EXCLUSIVAS.
3. LA ADECUACION Y AJUSTE DE CONCENTRACIONES DE MEDICAMENTOS NO ONCOLOGICOS ES REALIZADA EN AREAS INDEPENDIENTES Y EXCLUSIVAS.
4. LOS MEDICAMENTOS DE PARTIDA QUE VAN A SER SOMETIDOS A ADECUACIONES Y AJUSTE DE CONCENTRACIONES CORRESPONDEN A FORMAS FARMACEUTICAS SOLIDAS Y LIQUIDAS ESTERILES. LA PRESENTACION FINAL ES EN BOLSAS, JERINGAS E INFUSORES. 
5. EL ANTERIOR CONCEPTO TECNICO AUTORIZA UNICAMENTE LOS PROCESOS Y LAS FORMAS FARMACEUTICAS ANTERIORMENTE DESCRITAS, PARA MEDICAMENTOS QUE REQUIEREN Y NO REQUIEREN CADENA DE FRIO CON EL FIN DE CUMPLIR CON LAS DOSIS PRESCRITAS. SE REFIERE A QUE DICHOS PROCESOS DEBEN CIRCUNSCRIBIRSE AL SISTEMA DE DISTRIBUCION DE MEDICAMENTOS EN DOSIS UNITARIA.
6. LOS PRODUCTOS ELABORADOS SOLO PUEDEN SER COMERCIALIZADOS A TRAVES DE CONVENIOS O CONTRATOS ESTABLECIDOS CON OTROS ESTABLECIMIENTOS FARMACEUTICOS AUTORIZADOS O SERVICIOS FARMACEUTICOS HABILITADOS DE INSTITUCIONES PRESTADORAS DE SERVICIOS DE SALUD.
7. TODO CAMBIO CRITICO QUE SE HAGA Y AFECTE LAS CONDICIONES EVALUADAS Y CERTIFICADAS DURANTE LA PRESENTE AUDITORIA, RESPECTO A EQUIPOS, AREAS, PROCESOS PRODUCTIVOS, PERSONAL TECNICO PRINCIPAL O DE LAS EMPRESAS CON LAS QUE SE CONTRATO LA REALIZACION DE ACTIVIDADES DE PRODUCCION Y CONTROL DE CALIDAD, DEBERAN SER NOTIFICADOS AL INVIMA CON EL FIN DE QUE ESTE EVALUE Y VERIFIQUE SI SE REQUIERE UNA VISITA DE AMPLIACION O VERIFICACION DEL CONCEPTO TECNICO EMITIDO, DE ACUERDO CON LAS DISPOSICIONES DE LA NORMATIVIDAD SANITARIA CORRESPONDIENTE, SO PENA  DE LAS ACCIONES A QUE HAYA LUGAR.",2022-09-02T00:00:00.000,2027-09-23T00:00:00.000
2074S,COMPAÑÍA COLOMBIANA DE SALUD COLSALUD S.A ESTABLECIMIENTO CLINICA MARCARIBE,SANTA MARTA,MAGDALENA,CALLE 21 No. 18A – 103,Cumple,"CUMPLE CON LAS BUENAS PRACTICAS DE ELABORACION PARA:

1. ESTERILES
1.1. ADECUACION Y AJUSTE DE CONCENTRACIONES DE DOSIS DE MEDICAMENTOS NO ONCOLOGICOS 
1.1.1. LIQUIDOS 

1.2. ADECUACION Y AJUSTE DE CONCENTRACIONES DE DOSIS DE MEDICAMENTOS ONCOLOGICOS 
1.2.1. LIQUIDOS 

1.3. PREPARACION DE NUTRICIONES PARENTERALES. 
1.3.1. LIQUIDOS 

2. NO ESTERILES
2.1. REEMPAQUE DE MEDICAMENTOS
2.1.1. SOLIDOS 

2.2. REENVASE DE MEDICAMENTOS. 
2.2.1. LIQUIDOS Y SOLIDOS

NOTAS ACLARATORIAS:
1. PREPARACION MAGISTRAL: ES EL PREPARADO O PRODUCTO FARMACEUTICO PARA ATENDER UNA PRESCRIPCION MEDICA, DE UN PACIENTE INDIVIDUAL, QUE REQUIERE DE ALGUN TIPO DE INTERVENCION TECNICA DE VARIADA COMPLEJIDAD.
2. LA ADECUACION Y AJUSTE DE CONCENTRACIONES DE MEDICAMENTOS ONCOLOGICOS ES REALIZADA EN AREAS INDEPENDIENTES Y EXCLUSIVAS.
3. LA ADECUACION Y AJUSTE DE CONCENTRACIONES DE MEDICAMENTOS NO ONCOLOGICOS Y NUTRICIONES PARENTERALES ES REALIZADA EN AREAS INDEPENDIENTES Y EXCLUSIVAS.
4. LOS MEDICAMENTOS DE PARTIDA QUE SON SOMETIDOS A MEZCLA, ADECUACIONES Y AJUSTE DE CONCENTRACIONES DE DOSIS CORRESPONDEN A FORMAS FARMACEUTICAS SOLIDAS Y LIQUIDAS. LA PRESENTACION FINAL ES EN BOLSAS, MINIBOLSAS Y  JERINGAS.
5. EL ANTERIOR CONCEPTO TECNICO AUTORIZA UNICAMENTE LOS PROCESOS Y LAS FORMAS FARMACEUTICAS ANTERIORMENTE DESCRITAS, PARA MEDICAMENTOS QUE REQUIEREN Y NO REQUIEREN CADENA DE FRIO CON EL FIN DE CUMPLIR CON LAS DOSIS PRESCRITAS. SE REFIERE A QUE DICHOS PROCESOS DEBEN CIRCUNSCRIBIRSE AL SISTEMA DE DISTRIBUCION DE MEDICAMENTOS EN DOSIS UNITARIA.
6. LOS PRODUCTOS ELABORADOS SOLO PUEDEN SER COMERCIALIZADOS A TRAVES DE CONVENIOS O CONTRATOS ESTABLECIDOS CON OTROS ESTABLECIMIENTOS FARMACEUTICOS AUTORIZADOS O SERVICIOS FARMACEUTICOS HABILITADOS DE INSTITUCIONES PRESTADORAS DE SERVICIOS DE SALUD.
7. TODO CAMBIO CRITICO QUE SE HAGA Y AFECTE LAS CONDICIONES EVALUADAS Y CERTIFICADAS DURANTE LA PRESENTE AUDITORIA, RESPECTO A EQUIPOS, AREAS, PROCESOS PRODUCTIVOS, PERSONAL TECNICO PRINCIPAL (DIRECTOR TECNICO), O DE LAS EMPRESAS CON LAS QUE SE CONTRATO LA REALIZACION DE ACTIVIDADES CRITICAS DE PRODUCCION Y CONTROL DE CALIDAD, DEBERAN SER NOTIFICADAS AL INVIMA CON EL FIN DE QUE ESTE EVALUE Y VERIFIQUE SI SE REQUIERE UNA VISITA DE AMPLIACION O VERIFICACION DEL CONCEPTO TECNICO EMITIDO, DE ACUERDO CON LAS DISPOSICIONES DE LA NORMATIVIDAD SANITARIA CORRESPONDIENTE, SO PENA  DE LAS ACCIONES A QUE HAYA LUGAR.",2024-02-15T00:00:00.000,2029-03-08T00:00:00.000
1978S,"CLINICA IMBANACO S.A.S establecimiento CLINICA 
IMBANACO S.A.S. SEDE PRINCIPAL",CALI,VALLE DEL CAUCA,Carrera 38 BIS No. 5 B2 - 04,Cumple,"CUMPLE CON LAS BUENAS PRACTICAS DE ELABORACION, POR LO TANTO SE RENUEVA EL CONCEPTO TECNICO PARA LOS SIGUIENTES PROCESOS Y/O ACTIVIDADES: 

1. ESTERILES 
1.1 ADECUACION Y AJUSTE DE CONCENTRACIONES DE DOSIS DE MEDICAMENTOS NO ONCOLOGICOS 
1.1.1 LIQUIDOS 
1.2 ADECUACION Y AJUSTE DE CONCENTRACIONES DE DOSIS DE MEDICAMENTOS ONCOLOGICOS 
1.2.1 LIQUIDOS 
1.3 PREPARACION DE NUTRICIONES PARENTERALES 
1.3.1 LIQUIDOS 

2. NO ESTERILES 
2.1 REEMPAQUE DE MEDICAMENTOS 
2.1.1 SOLIDOS 
2.2 RE-ENVASE DE MEDICAMENTOS 
2.2.1 LIQUIDOS 
2.3 PREPARACIONES MAGISTRALES 
2.3.1 SOLIDOS
2.3.2 LIQUIDOS
2.3.3 SEMISOLIDOS 
 
NOTAS ACLARATORIAS: 
1. PREPARACION MAGISTRAL: ES EL PREPARADO O PRODUCTO FARMACEUTICO PARA ATENDER UNA PRESCRIPCION MEDICA, DE UN PACIENTE INDIVIDUAL, QUE REQUIERE DE ALGUN TIPO DE INTERVENCION TECNICA DE VARIADA COMPLEJIDAD.  
2. LA ADECUACION Y AJUSTE DE CONCENTRACIONES DE MEDICAMENTOS ONCOLOGICOS ES REALIZADA EN AREAS INDEPENDIENTES Y EXCLUSIVAS.  
3. LA ADECUACION Y AJUSTE DE CONCENTRACIONES DE MEDICAMENTOS NO ONCOLOGICOS Y NUTRICIONES PARENTERALES ES REALIZADA EN AREAS INDEPENDIENTES Y EXCLUSIVAS.  
4. LOS MEDICAMENTOS DE PARTIDA QUE VAN A SER SOMETIDOS A MEZCLA, ADECUACIONES Y AJUSTE DE CONCENTRACIONES CORRESPONDEN A FORMAS FARMACEUTICAS SOLIDAS Y LIQUIDAS. LA PRESENTACION FINAL ES EN BOLSAS, JERINGAS E INFUSORES.  
5. LA PRESENTACION FINAL DE LAS NUTRICIONES PARENTERALES ES EN BOLSAS EVA Y JERINGAS 
6. LOS MEDICAMENTOS DE PARTIDA QUE VAN A SER SOMETIDOS A REENVASE DE NO ESTERILES CORRESPONDEN A FORMAS FARMACEUTICAS LIQUIDAS. LA PRESENTACION FINAL ES EN JERINGAS. 
7. LOS MEDICAMENTOS DE PARTIDA QUE VAN A SER SOMETIDOS A REEMPAQUE DE NO ESTERILES CORRESPONDEN A FORMAS FARMACEUTICAS SOLIDAS. LA PRESENTACION FINAL ES EN BOLSAS. 
8. LOS PRODUCTOS ELABORADOS SOLO PUEDEN SER COMERCIALIZADOS A TRAVES DE CONVENIOS O CONTRATOS ESTABLECIDOS CON OTROS ESTABLECIMIENTOS FARMACEUTICOS AUTORIZADOS O SERVICIOS FARMACEUTICOS HABILITADOS DE INSTITUCIONES PRESTADORAS DE SERVICIOS DE SALUD.  
9. EL ANTERIOR CONCEPTO TECNICO AUTORIZA UNICAMENTE LOS PROCESOS Y LAS FORMAS FARMACEUTICAS ANTERIORMENTE DESCRITAS, PARA MEDICAMENTOS QUE REQUIEREN Y NO REQUIEREN CADENA DE FRIO CON EL FIN DE CUMPLIR CON LAS DOSIS PRESCRITAS. SE REFIERE A QUE DICHOS PROCESOS DEBEN CIRCUNSCRIBIRSE AL SISTEMA DE DISTRIBUCION DE MEDICAMENTOS EN DOSIS UNITARIA. 
10. TODO CAMBIO CRITICO QUE SE HAGA Y AFECTE LAS CONDICIONES EVALUADAS Y CERTIFICADAS DURANTE LA PRESENTE AUDITORIA, RESPECTO A EQUIPOS, AREAS, PROCESOS PRODUCTIVOS, PERSONAL TECNICO PRINCIPAL (DIRECTOR TECNICO) O DE LAS EMPRESAS CON LAS QUE SE CONTRATO LA REALIZACION DE ACTIVIDADES DE PRODUCCION Y CONTROL DE CALIDAD, DEBERAN SER NOTIFICADOS AL INVIMA CON EL FIN DE QUE ESTE EVALUE Y VERIFIQUE SI SE REQUIERE UNA VISITA DE AMPLIACION O VERIFICACION DEL CONCEPTO TECNICO EMITIDO, DE ACUERDO CON LAS DISPOSICIONES DE LA NORMATIVIDAD SANITARIA CORRESPONDIENTE, SO PENA  DE LAS ACCIONES A QUE HAYA LUGAR.",2024-02-09T00:00:00.000,2029-03-01T00:00:00.000
2084S,S Y D COLOMBIA S.A. HOSPITAL DE VILLAVICENCIO CAF,VILLAVICENCIO,META,BARZAL ALTO CALLE 37A # 28 - 53 HOSPITAL DEPARTAMENTAL DE VILLAVICENCIO CAF.,Cumple,"CUMPLE CON LAS BUENAS PRACTICAS DE ELABORACION, POR LO TANTO SE RENUEVA EL CONCEPETO TÉCNICO PARA LOS SIGUIENTES PROCESOS Y/O ACTIVIDADES:

1. ESTERILES 
1.1. ADECUACION Y AJUSTE DE CONCENTRACIONES DE DOSIS DE MEDICAMENTOS NO ONCOLOGICOS 
1.1.1. LIQUIDOS
1.2. ADECUACIÒN Y AJUSTE DE CONCENTRACIONES DE DOSIS DE MEDICAMENTOS ONCOLOGICOS
1.2.1. LIQUIDOS
1.3. PREPARACION DE NUTRICIONES PARENTERALES
1.3.1. LIQUIDOS

2. NO ESTERILES
2.1. REEMPAQUE DE MEDICAMENTOS
2.1.1. SOLIDOS
2.2. REENVASE DE MEDICAMENTOS
2.2.1. LIQUIDOS
2.2.2. SOLIDOS
2.3. PREPARACIONES MAGISTRALES
2.3.1. LIQUIDOS: SOLUCIONES Y SUSPENSIONES ORALES.
2.3.2.SEMISOLIDOS: CREMAS.

NOTAS ACLARATORIAS:
1.PREPARACIÓN MAGISTRAL: ES EL PREPARADO O PRODUCTO FARMACÉUTICO PARA ATENDER UNA PRESCRIPCIÓN MÉDICA, DE UN PACIENTE INDIVIDUAL, QUE REQUIERE DE ALGÚN TIPO DE INTERVENCIÓN TÉCNICA DE VARIADA COMPLEJIDAD.
2.LA ADECUACIÓN Y AJUSTE DE CONCENTRACIONES DE MEDICAMENTOS ONCOLÓGICOS ES REALIZADA EN ÁREAS INDEPENDIENTES Y EXCLUSIVAS.
3.LA ADECUACIÓN Y AJUSTE DE CONCENTRACIONES DE MEDICAMENTOS NO ONCOLÓGICOS Y NUTRICIONES PARENTERALES ES REALIZADA EN ÁREAS INDEPENDIENTES Y EXCLUSIVAS.
4.EL ANTERIOR CONCEPTO TÉCNICO AUTORIZA ÚNICAMENTE LOS PROCESOS Y LAS FORMAS FARMACÉUTICAS ANTERIORMENTE DESCRITAS, PARA MEDICAMENTOS QUE REQUIEREN Y NO REQUIEREN CADENA DE FRÍO CON EL FIN DE CUMPLIR CON LAS DOSIS PRESCRITAS. SE REFIERE A QUE DICHOS PROCESOS DEBEN CIRCUNSCRIBIRSE AL SISTEMA DE DISTRIBUCIÓN DE MEDICAMENTOS EN DOSIS UNITARIA.
5.LOS MEDICAMENTOS DE PARTIDA QUE VAN A SER SOMETIDOS A MEZCLA, ADECUACIONES Y AJUSTE DE CONCENTRACIONES CORRESPONDEN A FORMAS FARMACÉUTICAS SÓLIDAS Y LÍQUIDAS. LA PRESENTACIÓN FINAL ES EN BOLSAS, BURETROLES O JERINGAS.
6.EL ANTERIOR CONCEPTO TÉCNICO, AUTORIZA ÚNICAMENTE LOS PROCESOS Y LAS FORMAS FARMACÉUTICAS ANTERIORMENTE DESCRITAS.
7.TODO CAMBIO CRÍTICO QUE SE HAGA Y AFECTE LAS CONDICIONES EVALUADAS Y CERTIFICADAS DURANTE LA PRESENTE AUDITORIA, RESPECTO A EQUIPOS, ÁREAS, PROCESOS PRODUCTIVOS, PERSONAL TÉCNICO PRINCIPAL O DE LAS EMPRESAS CON LAS QUE SE CONTRATÓ LA REALIZACIÓN DE ACTIVIDADES DE PRODUCCIÓN Y CONTROL DE CALIDAD, DEBERÁN SER NOTIFICADOS AL INVIMA CON EL FIN DE QUE ÉSTE EVALÚE Y VERIFIQUE SI SE REQUIERE UNA VISITA DE AMPLIACIÓN O VERIFICACIÓN DEL CONCEPTO TÉCNICO EMITIDO, DE ACUERDO CON LAS DISPOSICIONES DE LA NORMATIVIDAD SANITARIA CORRESPONDIENTE, SO PENA  DE LAS ACCIONES A QUE HAYA LUGAR.",2022-12-23T00:00:00.000,2028-01-19T00:00:00.000
2085R,LA FUNDACIÓN CARDIOVASCULAR DE COLOMBIA subsede HOSPITAL INTERNACIONAL DE COLOMBIA,PIEDECUESTA,SANTANDER,Finca Casa la Loma Kilómetro 7 vía Piedecuesta Floridablanca Vereda Mensuli - Santander,Cumple,"CUMPLE CON LAS BUENAS PRÁCTICAS DE ELABORACIÓN DE RADIOFÁRMACOS - BPER PARA LOS SIGUIENTES PROCESOS Y/O ACTIVIDADES:

1.1. ESTERILES
1.1. ELUCION, MARCACION Y DOSIFICACION DE RADIOFARMACOS CON REGISTRO SANITARIO SIGUIENDO ESTRICTAMENTE LAS INDICACIONES DEL FABRICANTE.
1.1.1.  LIQUIDOS: SOLUCIONES Y SUSPENSIONES EN JERINGAS
1.1.2. AJUSTE DE CONCENTRACION, EN ACTIVIDAD Y/O VOLUMEN DE RADIOFARMACOS CON REGISTRO SANITARIO
1.1.2.1. LIQUIDOS: SOLUCIONES (JERINGAS).
1.1.3. RECEPCION Y VERIFICACION DE DOSIS DE RADIOFARMACOS LISTAS PARA USAR EN LA FORMA FARMACEUTICA FINAL PROVENIENTES DE UNA RADIOFARMACIA QUE CUENTE CON LA CERTIFICACION EN BUENAS PRACTICAS DE ELABORACION DE RADIOFRMACOS (BPER)
1.1.3.1. LIQUIDOS: SOLUCIONES (JERINGAS).

2. NO ESTERILES
2.1. RECEPCIÓN Y VERIFICACIÓN DE DOSIS DE RADIOFÁRMACOS LISTAS PARA USAR EN LA FORMA FARMACÉUTICA FINAL PROVENIENTES DE UNA RADIOFARMACIA QUE CUENTE CON LA CERTIFICACIÓN EN BUENAS PRÁCTICAS DE ELABORACIÓN DE RADIOFÁRMACOS (BPER).
2.1.1. SOLIDOS: CAPSULAS DURAS DE GELATINA.


NOTAS ACLARATORIAS:
1. PREPARACIÓN MAGISTRAL: ES EL PREPARADO O PRODUCTO FARMACÉUTICO PARA ATENDER UNA PRESCRIPCIÓN MÉDICA, DE UN PACIENTE INDIVIDUAL, QUE REQUIERE DE ALGÚN TIPO DE INTERVENCIÓN TÉCNICA DE VARIADA COMPLEJIDAD. 
2. RADIOFÁRMACO: PRODUCTO PREPARADO CON FINES DIAGNÓSTICOS, DE MONITOREO DE ENFERMEDAD O TERAPÉUTICOS CUYO EFECTO ES PRODUCIDO POR LA RADIACIÓN, DEBIDO A QUE CONTIENEN RADIONÚCLIDOS QUE EXHIBEN DESINTEGRACIONES ESPONTÁNEAS DEL NÚCLEO INESTABLE CON EMISIÓN DE PARTÍCULAS NUCLEARES O FOTONES.
3. LA ELUCIÓN DE GENERADORES SE AUTORIZA DE ACUERDO CON LOS RADIONÚCLIDOS AUTORIZADOS BAJO LA LICENCIA DEL INSTITUTO GEOLÓGICO COLOMBIANO.
4. LOS PROCESOS ESTÉRILES ANTERIORMENTE MENCIONADOS SE REALIZAN EN CONDICIONES ASÉPTICAS.
5. EL ANTERIOR CONCEPTO TÉCNICO, AUTORIZA ÚNICAMENTE LOS PROCESOS Y LAS FORMAS FARMACÉUTICAS ANTERIORMENTE DESCRITAS, PARA MEDICAMENTOS QUE NO REQUIEREN CADENA DE FRÍO CON EL FIN DE CUMPLIR CON LAS DOSIS PRESCRITAS. SE REFIERE A QUE DICHOS PROCESOS DEBEN CIRCUNSCRIBIRSE AL SISTEMA DE DISTRIBUCIÓN DE MEDICAMENTOS EN DOSIS UNITARIA.
6. LOS PRODUCTOS ELABORADOS SÓLO PUEDEN SER COMERCIALIZADOS A TRAVÉS DE CONVENIOS O CONTRATOS ESTABLECIDOS CON OTROS ESTABLECIMIENTOS FARMACÉUTICOS AUTORIZADOS O SERVICIOS FARMACÉUTICOS HABILITADOS DE INSTITUCIONES PRESTADORAS DE SERVICIOS DE SALUD.
7. TODO CAMBIO CRÍTICO QUE SE HAGA Y AFECTE LAS CONDICIONES EVALUADAS Y CERTIFICADAS DURANTE LA PRESENTE AUDITORIA, RESPECTO A EQUIPOS, ÁREAS, PROCESOS PRODUCTIVOS, PERSONAL TÉCNICO PRINCIPAL O DE LAS EMPRESAS CON LAS QUE SE CONTRATÓ LA REALIZACIÓN DE ACTIVIDADES DE PRODUCCIÓN Y CONTROL DE CALIDAD, DEBERÁN SER NOTIFICADOS AL INVIMA CON EL FIN DE QUE ÉSTE EVALÚE Y VERIFIQUE SI SE REQUIERE UNA VISITA DE AMPLIACIÓN O VERIFICACIÓN DEL CONCEPTO TÉCNICO EMITIDO, DE ACUERDO CON LAS DISPOSICIONES DE LA NORMATIVIDAD SANITARIA CORRESPONDIENTE, SO PENA  DE LAS ACCIONES A QUE HAYA LUGAR.",2023-11-23T00:00:00.000,2027-01-31T00:00:00.000
1994S,MACROMED SAS,BOGOTA,CUNDINAMARCA,CARRERA 56 Nro.5C - 38 Barrio Pradera,Cumple,"CUMPLE CON LAS BUENAS PRÁCTICAS DE ELABORACIÓN, POR LO TANTO, SE RENUEVA EL CONCEPTO TÉCNICO PARA LOS SIGUIENTES PROCESOS Y/O ACTIVIDADES:

1. NO ESTÉRILES
1.1 REEMPAQUE
1.1.1 SÓLIDOS
1.2 REENVASE
1.2.1 SÓLIDOS

NOTAS ACLARATORIAS:

1.EL ANTERIOR CONCEPTO TÉCNICO AUTORIZA ÚNICAMENTE LOS PROCESOS Y LAS FORMAS FARMACÉUTICAS ANTERIORMENTE DESCRITAS, PARA MEDICAMENTOS QUE NO REQUIEREN CADENA DE FRÍO CON EL FIN DE CUMPLIR CON LAS DOSIS PRESCRITAS. SE REFIERE A QUE DICHOS PROCESOS DEBEN CIRCUNSCRIBIRSE AL SISTEMA DE DISTRIBUCIÓN DE MEDICAMENTOS EN DOSIS UNITARIA.
2.LOS MEDICAMENTOS DE PARTIDA QUE VAN A SER SOMETIDOS A REENVASE Y REEMPAQUE, CORRESPONDEN A FORMAS FARMACÉUTICAS SÓLIDAS. LA PRESENTACIÓN FINAL ES EN BOLSAS.
3.LOS PRODUCTOS ELABORADOS SÓLO PUEDEN SER COMERCIALIZADOS A TRAVÉS DE CONVENIOS O CONTRATOS ESTABLECIDOS CON OTROS ESTABLECIMIENTOS FARMACÉUTICOS AUTORIZADOS O SERVICIOS FARMACÉUTICOS HABILITADOS DE INSTITUCIONES PRESTADORAS DE SERVICIOS DE SALUD.
4.EL ANTERIOR CONCEPTO TÉCNICO, AUTORIZA ÚNICAMENTE LOS PROCESOS Y LAS FORMAS FARMACÉUTICAS ANTERIORMENTE DESCRITAS.
5.TODO CAMBIO CRÍTICO QUE SE HAGA Y AFECTE LAS CONDICIONES EVALUADAS Y CERTIFICADAS DURANTE LA PRESENTE AUDITORIA, RESPECTO A EQUIPOS, ÁREAS, PROCESOS PRODUCTIVOS, PERSONAL TÉCNICO PRINCIPAL (DIRECTOR TÉCNICO) O DE LAS EMPRESAS CON LAS QUE SE CONTRATÓ LA REALIZACIÓN DE ACTIVIDADES DE PRODUCCIÓN Y CONTROL DE CALIDAD, DEBERÁ SER NOTIFICADO AL INVIMA CON EL FIN DE QUE ÉSTE EVALÚE Y VERIFIQUE SI SE REQUIERE UNA VISITA DE AMPLIACIÓN O VERIFICACIÓN DEL CONCEPTO TÉCNICO EMITIDO, DE ACUERDO CON LAS DISPOSICIONES DE LA NORMATIVIDAD SANITARIA CORRESPONDIENTE, SO PENA DE LAS ACCIONES A QUE HAYA LUGAR.",2022-12-12T00:00:00.000,2028-01-05T00:00:00.000
2085S,FUNDACION CARDIOVASCULAR DE COLOMBIA SEDE HOSPITAL INTERNACIONAL DE COLOMBIA,PIEDECUESTA,SANTANDER,"FINCA CASA LA LOMA KM 7 AUTOPISTA BUCARAMANGA PIEDECUESTA VALLE MENZULI, DE PIEDECUESTA-SANTANDER",Cumple,"CUMPLE CON LAS BUENAS PRACTICAS DE ELABORACION, POR LO TANTO SE RENUEVA EL CONCEPTO TÉCNICO PARA LOS SIGUIENTES PROCESOS Y/O ACTIVIDADES:

1. ESTERILES
1.1 ADECUACION Y AJUSTE DE CONCENTRACIONES DE DOSIS DE MEDICAMENTOS ONCOLOGICOS: LIQUIDOS.
1.2 ADECUACION Y AJUSTE DE CONCENTRACIONES DE DOSIS DE MEDICAMENTOS NO ONCOLOGICOS: LIQUIDOS.
1.3 PREPARACION DE NUTRICIONES PARENTERALES: LIQUIDOS.
1.4 RE-ENVASE DE MEDICAMENTOS:  LIQUIDOS.

2. NO ESTERILES
2.1 REENVASE DE MEDICAMENTOS: LIQUIDOS, SOLIDOS.
2.2 PREPARACIONES MAGISTRALES: LIQUIDOS (SOLUCIONES, SUSPENSIONES Y EMULSIONES.)
2.3 REEMPAQUE DE MEDICAMENTOS: SOLIDOS, LIQUIDOS Y SEMISOLIDOS 


NOTAS ACLARATORIAS:
1. PREPARACION MAGISTRAL: ES EL PREPARADO O PRODUCTO FARMACEUTICO PARA ATENDER UNA PRESCRIPCION MEDICA, DE UN PACIENTE INDIVIDUAL, QUE REQUIERE DE ALGUN TIPO DE INTERVENCION TECNICA DE VARIADA COMPLEJIDAD. 
2. LA ADECUACION Y AJUSTE DE CONCENTRACIONES DE MEDICAMENTOS ONCOLOGICOS ES REALIZADA EN AREAS INDEPENDIENTES Y EXCLUSIVAS. 
3. LA ADECUACION Y AJUSTE DE CONCENTRACIONES DE MEDICAMENTOS NO ONCOLOGICOS Y NUTRICIONES PARENTERALES ES REALIZADA EN AREAS INDEPENDIENTES Y EXCLUSIVAS. 
4. LOS MEDICAMENTOS DE PARTIDA QUE SON SOMETIDOS A MEZCLA, ADECUACIONES Y AJUSTE DE CONCENTRACIONES DE DOSIS CORRESPONDEN A FORMAS FARMACEUTICAS SOLIDAS Y LIQUIDAS. LA PRESENTACION FINAL ES EN BOLSAS, MINIBOLSAS, JERINGAS E INFUSORES.  
5. EL ANTERIOR CONCEPTO TECNICO AUTORIZA UNICAMENTE LOS PROCESOS Y LAS FORMAS FARMACEUTICAS ANTERIORMENTE DESCRITAS, PARA MEDICAMENTOS QUE REQUIEREN Y NO REQUIEREN CADENA DE FRIO CON EL FIN DE CUMPLIR CON LAS DOSIS PRESCRITAS. SE REFIERE A QUE DICHOS PROCESOS DEBEN CIRCUNSCRIBIRSE AL SISTEMA DE DISTRIBUCION DE MEDICAMENTOS EN DOSIS UNITARIA. 
6. LOS PRODUCTOS ELABORADOS SOLO PUEDEN SER COMERCIALIZADOS A TRAVES DE CONVENIOS O CONTRATOS ESTABLECIDOS CON OTROS ESTABLECIMIENTOS FARMACEUTICOS AUTORIZADOS O SERVICIOS FARMACEUTICOS HABILITADOS DE INSTITUCIONES PRESTADORAS DE SERVICIOS DE SALUD. 
7. TODO CAMBIO CRITICO QUE SE HAGA Y AFECTE LAS CONDICIONES EVALUADAS Y CERTIFICADAS DURANTE LA PRESENTE AUDITORIA, RESPECTO A EQUIPOS, AREAS, PROCESOS PRODUCTIVOS, PERSONAL TECNICO PRINCIPAL (DIRECTOR TECNICO), O DE LAS EMPRESAS CON LAS QUE SE CONTRATO LA REALIZACION DE ACTIVIDADES CRITICAS DE PRODUCCION Y CONTROL DE CALIDAD, DEBERAN SER NOTIFICADAS AL INVIMA CON EL FIN DE QUE ESTE EVALUE Y VERIFIQUE SI SE REQUIERE UNA VISITA DE AMPLIACION O VERIFICACION DEL CONCEPTO TECNICO EMITIDO, DE ACUERDO CON LAS DISPOSICIONES DE LA NORMATIVIDAD SANITARIA CORRESPONDIENTE, SO PENA  DE LAS ACCIONES A QUE HAYA LUGAR. 

IGUALMENTE, SE AMPLÍA EL CONCEPTO TÉCNICO EN CAPACIDAD INSTALADA DE EQUIPOS MEZCLADOR AUTOMÁTICO PARA LA ACTIVIDAD DE PREPARACIÓN DE NUTRICIONES PARENTERALES Y BOMBA REPETIDORA PARA LA ACTIVIDAD DE REENVASE Y PREPARACIÓN DE MEDICAMENTOS ESTÉRILES.",2024-08-30T00:00:00.000,2029-09-25T00:00:00.000
2049S,LA FUNDACIÓN HOSPITAL SAN VICENTE DE PAUL - RIONEGRO,RIONEGRO,ANTIOQUIA,"VEREDA LA CONVENCION, VIA AEROPUERTO  - LLANOGRANDE KM. 2.3",Cumple,"CUMPLE  CON LAS BUENAS PRACTICAS DE ELABORACION, PARA LOS SIGUIENTES PROCESOS Y/O ACTIVIDADES:


1. ESTERILES
1.1. ADECUACION Y AJUSTE DE CONCENTRACIONES DE DOSIS DE MEDICAMENTOS ONCOLOGICOS
1.1.1. LIQUIDOS
1.2. ADECUACION Y AJUSTE DE CONCENTRACIONES DE DOSIS DE MEDICAMENTOS NO ONCOLOGICOS
1.2.1. LIQUIDOS 
1.3. PREPARACION DE NUTRICIONES PARENTERALES:  
1.3.1. LIQUIDOS

2. NO ESTERILES
2.1. REEMPAQUE DE MEDICAMENTOS. 
2.1.1. SOLIDOS
2.2. REENVASE DE MEDICAMENTOS
2.2.1.  SOLIDOS Y LIQUIDOS


NOTAS ACLARATORIAS:
1.PREPARACION MAGISTRAL: ES EL PREPARADO O PRODUCTO FARMACEUTICO PARA ATENDER UNA PRESCRIPCION MEDICA, DE UN PACIENTE INDIVIDUAL, QUE REQUIERE DE ALGUN TIPO DE INTERVENCION TECNICA DE VARIADA COMPLEJIDAD.
2.LA ADECUACION Y AJUSTE DE CONCENTRACIONES DE MEDICAMENTOS ONCOLOGICOS ES REALIZADA EN AREAS INDEPENDIENTES Y EXCLUSIVAS.
3.LA ADECUACION Y AJUSTE DE CONCENTRACIONES DE MEDICAMENTOS NO ONCOLOGICOS Y NUTRICIONES PARENTERALES ES REALIZADA EN AREAS INDEPENDIENTES Y EXCLUSIVAS.
4.EL ANTERIOR CONCEPTO TECNICO AUTORIZA UNICAMENTE LOS PROCESOS Y LAS FORMAS FARMACEUTICAS ANTERIORMENTE DESCRITAS, PARA MEDICAMENTOS QUE REQUIEREN Y NO REQUIEREN CADENA DE FRIO CON EL FIN DE CUMPLIR CON LAS DOSIS PRESCRITAS. SE REFIERE A QUE DICHOS PROCESOS DEBEN CIRCUNSCRIBIRSE AL SISTEMA DE DISTRIBUCION DE MEDICAMENTOS EN DOSIS UNITARIA.
5.LOS MEDICAMENTOS DE PARTIDA QUE VAN A SER SOMETIDOS A MEZCLA, ADECUACIONES Y AJUSTE DE CONCENTRACIONES CORRESPONDEN A FORMAS FARMACEUTICAS SOLIDAS Y LIQUIDAS. LA PRESENTACION FINAL ES EN BOLSAS, BURETROLES O JERINGAS.
6.LOS PRODUCTOS ELABORADOS SOLO PUEDEN SER COMERCIALIZADOS A TRAVES DE CONVENIOS O CONTRATOS ESTABLECIDOS CON OTROS ESTABLECIMIENTOS FARMACEUTICOS AUTORIZADOS O SERVICIOS FARMACEUTICOS HABILITADOS DE INSTITUCIONES PRESTADORAS DE SERVICIOS DE SALUD.
7. EL ANTERIOR CONCEPTO TECNICO, AUTORIZA UNICAMENTE LOS PROCESOS Y LAS FORMAS FARMACEUTICAS ANTERIORMENTE DESCRITAS.
8. CUALQUIER MODIFICACION QUE SE HAGA EN LAS CONDICIONES EVALUADAS Y CERTIFICADAS DURANTE LA PRESENTE AUDITORIA, RESPECTO A EQUIPOS, AREAS, PROCESOS PRODUCTIVOS, PERSONAL TECNICO PRINCIPAL O DE LAS EMPRESAS CON LAS QUE SE CONTRATO LA REALIZACION DE ACTIVIDADES CRITICAS DE PRODUCCION Y CONTROL DE CALIDAD, DEBERAN SER NOTIFICADAS AL INVIMA CON EL FIN DE QUE ESTE EVALUE Y VERIFIQUE SI SE REQUIERE UNA VISITA DE AMPLIACION O VERIFICACION DEL CONCEPTO TECNICO EMITIDO, DE ACUERDO CON LAS DISPOSICIONES DE LA NORMATIVIDAD SANITARIA CORRESPONDIENTE, SO PENA  DE LAS ACCIONES A QUE HAYA LUGAR.",2024-03-22T00:00:00.000,2029-04-19T00:00:00.000
2089S,"COORPORACION HOSPITALARIA JUAN CIUDAD MEDERI, SEDE HOSPITAL UNIVERSITARIO MAYOR",BOGOTA,BOGOTA D.C.,Calle 24 N° 29 – 45,Cumple,"CUMPLE CON LAS BUENAS PRACTICAS DE ELABORACION, POR LO TANTO SE RENUEVA EL CONCEPTO TÉCNICO PARA LOS SIGUIENTES PROCESOS Y/O ACTIVIDADES:

1. ESTERILES 
1.1. ADECUACIÒN Y AJUSTE DE CONCENTRACIONES DE DOSIS DE MEDICAMENTOS ONCOLÒGICOS 
1.1.1. LIQUIDOS
1.2. ADECUACIÒN Y AJUSTE DE CONCENTRACIONES DE DOSIS DE MEDICAMENTOS NO ONCOLOGICOS
1.2.1. LIQUIDOS
1.3. PREPARACION DE NUTRICIONES PARENTERALES
1.3.1. LIQUIDOS

2. NO ESTERILES
2.1. PREPARACION DE MAGISTRALES
2.1.1. LIQUIDOS: SOLUCIONES Y SUSPENSIONES ORALES.
2.2. REEMPAQUE DE MEDICAMENTOS: SÓLIDOS Y LÍQUIDOS
2.3. REENVASE DE MEDICAMENTOS: SÓLIDOS

NOTAS ACLARATORIAS:
1. PREPARACIÓN MAGISTRAL: ES EL PREPARADO O PRODUCTO FARMACÉUTICO PARA ATENDER UNA PRESCRIPCIÓN MÉDICA, DE UN PACIENTE INDIVIDUAL, QUE REQUIERE DE ALGÚN TIPO DE INTERVENCIÓN TÉCNICA DE VARIADA COMPLEJIDAD.
2. LA ADECUACIÓN Y AJUSTE DE CONCENTRACIONES DE MEDICAMENTOS ONCOLÓGICOS ES REALIZADA EN ÁREAS INDEPENDIENTES Y EXCLUSIVAS.
3. LA ADECUACIÓN Y AJUSTE DE CONCENTRACIONES DE MEDICAMENTOS NO ONCOLÓGICOS Y NUTRICIONES PARENTERALES ES REALIZADA EN ÁREAS INDEPENDIENTES Y EXCLUSIVAS.
4. LOS MEDICAMENTOS DE PARTIDA QUE VAN A SER SOMETIDOS A MEZCLA, ADECUACIONES Y AJUSTE DE CONCENTRACIONES CORRESPONDEN A FORMAS FARMACÉUTICAS SÓLIDAS Y LÍQUIDAS. LA PRESENTACIÓN FINAL ES EN BOLSAS, BURETROLES O JERINGAS.
5. EL ANTERIOR CONCEPTO TÉCNICO AUTORIZA ÚNICAMENTE LOS PROCESOS Y LAS FORMAS FARMACÉUTICAS ANTERIORMENTE DESCRITAS, PARA MEDICAMENTOS QUE REQUIEREN Y NO REQUIEREN CADENA DE FRÍO CON EL FIN DE CUMPLIR CON LAS DOSIS PRESCRITAS. SE REFIERE A QUE DICHOS PROCESOS DEBEN CIRCUNSCRIBIRSE AL SISTEMA DE DISTRIBUCIÓN DE MEDICAMENTOS EN DOSIS UNITARIA.
6. LOS PRODUCTOS ELABORADOS SÓLO PUEDEN SER COMERCIALIZADOS A TRAVÉS DE CONVENIOS O CONTRATOS ESTABLECIDOS CON OTROS ESTABLECIMIENTOS FARMACÉUTICOS AUTORIZADOS O SERVICIOS FARMACÉUTICOS HABILITADOS DE INSTITUCIONES PRESTADORAS DE SERVICIOS DE SALUD.
7. TODO CAMBIO CRÍTICO QUE SE HAGA Y AFECTE LAS CONDICIONES EVALUADAS Y CERTIFICADAS DURANTE LA PRESENTE AUDITORIA, RESPECTO A EQUIPOS, ÁREAS, PROCESOS PRODUCTIVOS, PERSONAL TÉCNICO PRINCIPAL (DIRECTOR TÉCNICO) O DE LAS EMPRESAS CON LAS QUE SE CONTRATÓ LA REALIZACIÓN DE ACTIVIDADES DE PRODUCCIÓN Y CONTROL DE CALIDAD, DEBERÁN SER NOTIFICADOS AL INVIMA CON EL FIN DE QUE ÉSTE EVALÚE Y VERIFIQUE SI SE REQUIERE UNA VISITA DE AMPLIACIÓN O VERIFICACIÓN DEL CONCEPTO TÉCNICO EMITIDO, DE ACUERDO CON LAS DISPOSICIONES DE LA NORMATIVIDAD SANITARIA CORRESPONDIENTE, SO PENA  DE LAS ACCIONES A QUE HAYA LUGAR.",2022-11-08T00:00:00.000,2027-12-12T00:00:00.000
2097S,CLINICA MEDICOS S.A. ESTABLECIMIENTO ALTA COMPLEJIDAD DEL CARIBE,VALLEDUPAR,CESAR,CALLE 14 N° 17 - 47 DE VALLEDUPAR – CESAR,Cumple,"CUMPLE  CON LAS BUENAS PRÁCTICAS DE ELABORACION, PARA LOS SIGUIENTES PROCESOS Y/O ACTIVIDADES:

1. ESTÉRILES
1.1. ADECUACIÓN Y AJUSTE DE CONCENTRACIONES DE DOSIS DE MEDICAMENTOS ONCOLÓGICOS: LÍQUIDOS.
1.2. ADECUACIÓN Y AJUSTE DE CONCENTRACIONES DE DOSIS DE MEDICAMENTOS NO ONCOLÓGICOS: LÍQUIDOS.
1.3. PREPARACIÓN DE NUTRICIONES PARENTERALES: LÍQUIDOS.
1.4 REENVASE DE MEDICAMENTOS: LÍQUIDOS 
2. NO ESTERILES
2.1. REEMPAQUE DE MEDICAMENTOS: SÓLIDOS
2.2. REENVASE DE MEDICAMENTOS: SÓLIDOS.
2.3. PREPARACIÓN DE MAGISTRALES (SOLUCIONES): LÍQUIDOS.
2.4 REENVASE: LIQUIDOS.

NOTAS ACLARATORIAS:
1. PREPARACIÓN MAGISTRAL. ES EL PREPARADO O PRODUCTO FARMACÉUTICO PARA ATENDER UNA PRESCRIPCIÓN MÉDICA, DE UN PACIENTE INDIVIDUAL, QUE REQUIERE DE ALGÚN TIPO DE INTERVENCIÓN TÉCNICA DE VARIADA COMPLEJIDAD.
2. LA ADECUACIÓN Y AJUSTE DE CONCENTRACIONES DE MEDICAMENTOS ONCOLÓGICOS ES REALIZADA EN ÁREAS INDEPENDIENTES Y EXCLUSIVAS.
3. LA ADECUACIÓN Y AJUSTE DE CONCENTRACIONES DE MEDICAMENTOS NO ONCOLÓGICOS Y NUTRICIONES PARENTERALES ES REALIZADA EN ÁREAS INDEPENDIENTES Y EXCLUSIVAS.
4. LOS MEDICAMENTOS DE PARTIDA QUE VAN A SER SOMETIDOS A MEZCLA, ADECUACIONES Y AJUSTE DE CONCENTRACIONES CORRESPONDEN A FORMAS FARMACÉUTICAS SÓLIDAS Y LÍQUIDAS. LA PRESENTACIÓN FINAL ES EN BOLSAS O JERINGAS.
5. LA PRESENTACIÓN FINAL DE LAS NUTRICIONES PARENTERALES ES EN BOLSAS EVA.
6. LOS MEDICAMENTOS DE PARTIDA QUE VAN A SER SOMETIDOS A REENVASE O REEMPAQUE CORRESPONDEN A FORMAS FARMACÉUTICAS SÓLIDAS. LA PRESENTACIÓN FINAL ES EN BOLSA DE POLIETILENO Y PAPEL ALUMINIO RESPECTIVAMENTE.
7. LOS PRODUCTOS ELABORADOS SÓLO PUEDEN SER COMERCIALIZADOS A TRAVÉS DE CONVENIOS O CONTRATOS ESTABLECIDOS CON OTROS ESTABLECIMIENTOS FARMACÉUTICOS AUTORIZADOS O SERVICIOS FARMACÉUTICOS HABILITADOS DE INSTITUCIONES PRESTADORAS DE SERVICIOS DE SALUD.
8. EL ANTERIOR CONCEPTO TÉCNICO AUTORIZA ÚNICAMENTE LOS PROCESOS Y LAS FORMAS FARMACÉUTICAS ANTERIORMENTE DESCRITAS, PARA MEDICAMENTOS QUE REQUIEREN Y NO REQUIEREN CADENA DE FRÍO CON EL FIN DE CUMPLIR CON LAS DOSIS PRESCRITAS. SE REFIERE A QUE DICHOS PROCESOS DEBEN CIRCUNSCRIBIRSE AL SISTEMA DE DISTRIBUCIÓN DE MEDICAMENTOS EN DOSIS UNITARIA.
9. TODO CAMBIO CRÍTICO QUE SE HAGA Y AFECTE LAS CONDICIONES EVALUADAS Y CERTIFICADAS DURANTE LA PRESENTE AUDITORIA, RESPECTO A EQUIPOS, ÁREAS, PROCESOS PRODUCTIVOS, PERSONAL TÉCNICO PRINCIPAL (DIRECTOR TÉCNICO) O DE LAS EMPRESAS CON LAS QUE SE CONTRATÓ LA REALIZACIÓN DE ACTIVIDADES DE PRODUCCIÓN Y CONTROL DE CALIDAD, DEBERÁN SER NOTIFICADOS AL INVIMA CON EL FIN DE QUE ÉSTE EVALÚE Y VERIFIQUE SI SE REQUIERE UNA VISITA DE AMPLIACIÓN O VERIFICACIÓN DEL CONCEPTO TÉCNICO EMITIDO, DE ACUERDO CON LAS DISPOSICIONES DE LA NORMATIVIDAD SANITARIA CORRESPONDIENTE, SO PENA DE LAS ACCIONES A QUE HAYA LUGAR.",2025-05-15T00:00:00.000,2030-06-19T00:00:00.000
2099S,"ONCOLOGOS DEL OCCIDENTE S.A.S., ESTABLECIMIENTO ONCOLOGOS DEL OCCIDENTE S.A.S.",PEREIRA,RISARALDA,CALLE 50 Nro. 13 - 10 SECTOR MARAYA,Cumple,"CUMPLE CON LAS BUENAS PRACTICAS DE ELABORACION, POR LO TANTO, SE RENUEVA EL CONCEPTO TECNICO PARA LOS SIGUIENTES PROCESOS Y/O ACTIVIDADES:

1. ESTERILES
1.1. ADECUACION Y AJUSTE DE CONCENTRACIONES DE DOSIS DE MEDICAMENTOS ONCOLOGICOS:
1.1.1. LIQUIDOS

1.2. ADECUACION Y AJUSTE DE CONCENTRACIONES DE DOSIS DE MEDICAMENTOS NO ONCOLOGICOS:
1.2.1. LIQUIDOS

1.3. PREPARACION DE NUTRICIONES PARENTERALES:
1.3.1. LIQUIDOS

NOTAS ACLARATORIAS:
1. PREPARACION MAGISTRAL: ES EL PREPARADO O PRODUCTO FARMACEUTICO PARA ATENDER UNA PRESCRIPCION MEDICA, DE UN PACIENTE INDIVIDUAL, QUE REQUIERE DE ALGUN TIPO DE INTERVENCION TECNICA DE VARIADA COMPLEJIDAD.
2. LA ADECUACION Y AJUSTE DE CONCENTRACIONES DE MEDICAMENTOS ONCOLOGICOS, NO ONCOLOGICOS Y NUTRICIONES PARENTERALES ES REALIZADA EN AREAS INDEPENDIENTES Y EXCLUSIVAS. 
3. PARA EL PROCESO DE ADECUACION DE NUTRICIONES PARENTERALES, ES EMPLEADO EL SISTEMA AUTOMATICO PINNACLE.
4. LOS MEDICAMENTOS DE PARTIDA QUE VAN A SER SOMETIDOS A MEZCLA, ADECUACIONES Y AJUSTE DE CONCENTRACIONES DE DOSIS CORRESPONDEN A FORMAS FARMACEUTICAS SOLIDAS Y LIQUIDAS ESTERILES. LA PRESENTACION FINAL ES EN BOLSAS, JERINGAS E INFUSORES.
5. LA PRESENTACION FINAL DE LAS NUTRICIONES PARENTERALES ES EN BOLSA EVA.
6. LOS PRODUCTOS ELABORADOS SOLO PUEDEN SER COMERCIALIZADOS A TRAVES DE CONVENIOS O CONTRATOS ESTABLECIDOS CON OTROS ESTABLECIMIENTOS FARMACEUTICOS AUTORIZADOS O SERVICIOS FARMACEUTICOS HABILITADOS DE INSTITUCIONES PRESTADORAS DE SERVICIOS DE SALUD.
7. EL ANTERIOR CONCEPTO TECNICO AUTORIZA UNICAMENTE LOS PROCESOS Y LAS FORMAS FARMACEUTICAS ANTERIORMENTE DESCRITAS, PARA MEDICAMENTOS QUE REQUIEREN Y NO REQUIEREN CADENA DE FRIO CON EL FIN DE CUMPLIR CON LAS DOSIS PRESCRITAS. SE REFIERE A QUE DICHOS PROCESOS DEBEN CIRCUNSCRIBIRSE AL SISTEMA DE DISTRIBUCION DE MEDICAMENTOS EN DOSIS UNITARIA.
8. TODO CAMBIO CRITICO QUE SE HAGA EN LAS CONDICIONES EVALUADAS Y CERTIFICADAS DURANTE LA PRESENTE AUDITORIA, RESPECTO A EQUIPOS, AREAS, PROCESOS PRODUCTIVOS, PERSONAL TECNICO PRINCIPAL (DIRECTOR TECNICO) O DE LAS EMPRESAS CON LAS QUE SE CONTRATO LA REALIZACION DE ACTIVIDADES CRITICAS DE PRODUCCION Y CONTROL DE CALIDAD, DEBERAN SER NOTIFICADAS AL INVIMA CON EL FIN DE QUE ESTE EVALUE Y VERIFIQUE SI SE REQUIERE UNA VISITA DE AMPLIACION O VERIFICACION DEL CONCEPTO TECNICO EMITIDO, DE ACUERDO CON LAS DISPOSICIONES DE LA NORMATIVIDAD SANITARIA CORRESPONDIENTE, SO PENA DE LAS ACCIONES A QUE HAYA LUGAR.",2024-09-24T00:00:00.000,2029-10-21T00:00:00.000
2029S,"FABISALUD IPS S.A.S., ESTABLECIMIENTO CLINICA CRISTO REY SEDE ADMINISTRATIVA",CALI,VALLE DEL CAUCA,AVENIDA 5 NRO. 22 NORTE – 26,Cumple,"CUMPLE CON LAS BUENAS PRACTICAS DE ELABORACION POR LO TANTO SE RENUEVA EL CONCEPTO TECNICO PARA LOS SIGUIENTES PROCESOS Y/O ACTIVIDADES:

1. ESTERILES
1.1. ADECUACION Y AJUSTE DE CONCENTRACIONES DE DOSIS DE MEDICAMENTOS ONCOLOGICOS.
1.1.1. LIQUIDOS
1.2. ADECUACION Y AJUSTE DE CONCENTRACIONES DE DOSIS DE MEDICAMENTOS NO ONCOLOGICOS.
1.2.1. LIQUIDOS
1.3. PREPARACION DE NUTRICIONES PARENTERALES.
1.3.1. LIQUIDOS

2. NO ESTERILES
2.1. REENVASE DE MEDICAMENTOS.
2.1.1. LIQUIDOS Y SOLIDOS
2.2. REEMPAQUE DE MEDICAMENTOS.
2.2.1. SOLIDOS

NOTAS ACLARATORIAS:
1. PREPARACION MAGISTRAL: ES EL PREPARADO O PRODUCTO FARMACEUTICO PARA ATENDER UNA PRESCRIPCION MEDICA, DE UN PACIENTE INDIVIDUAL, QUE REQUIERE DE ALGUN TIPO DE INTERVENCION TECNICA DE VARIADA COMPLEJIDAD.
2. LA ADECUACION Y AJUSTE DE CONCENTRACIONES DE MEDICAMENTOS ONCOLOGICOS ES REALIZADA EN AREAS INDEPENDIENTES Y EXCLUSIVAS.
3. LA ADECUACION Y AJUSTE DE CONCENTRACIONES DE MEDICAMENTOS NO ONCOLOGICOS Y NUTRICIONES PARENTERALES ES REALIZADA EN AREAS INDEPENDIENTES Y EXCLUSIVAS.
4. LOS MEDICAMENTOS DE PARTIDA QUE VAN A SER SOMETIDOS A MEZCLA, ADECUACION Y AJUSTE DE CONCENTRACION DE DOSIS CORRESPONDEN A FORMAS FARMACEUTICAS SOLIDAS Y LIQUIDAS. LA PRESENTACION FINAL ES EN BOLSA, JERINGA E INFUSORES.
5. LOS PRODUCTOS ELABORADOS SOLO PUEDEN SER COMERCIALIZADOS A TRAVES DE CONVENIOS O CONTRATOS ESTABLECIDOS CON OTROS ESTABLECIMIENTOS FARMACEUTICOS AUTORIZADOS O SERVICIOS FARMACEUTICOS HABILITADOS DE INSTITUCIONES PRESTADORAS DE SERVICIOS DE SALUD.
6. EL ANTERIOR CONCEPTO TECNICO, AUTORIZA UNICAMENTE LOS PROCESOS Y LAS FORMAS FARMACEUTICAS ANTERIORMENTE DESCRITAS, PARA LOS MEDICAMENTOS QUE REQUIEREN Y NO REQUIEREN CADENA DE FRIO CON EL FIN DE CUMPLIR CON LAS DOSIS PRESCRITAS. SE REFIERE A QUE DICHOS PROCESOS DEBEN CIRCUNSCRIBIRSE AL SISTEMA DE DISTRIBUCION DE MEDICAMENTOS EN DOSIS UNITARIA.
7. TODO CAMBIO CRITICO QUE SE HAGA Y AFECTE LAS CONDICIONES EVALUADAS Y CERTIFICADAS DURANTE LA PRESENTE AUDITORIA, RESPECTO A EQUIPOS, AREAS, PROCESOS PRODUCTIVOS, PERSONAL TECNICO PRINCIPAL (DIRECTOR TECNICO) O DE LAS EMPRESAS CON LAS QUE SE CONTRATO LA REALIZACION DE ACTIVIDADES DE PRODUCCION Y CONTROL DE CALIDAD, DEBERAN SER NOTIFICADOS AL INVIMA CON EL FIN DE QUE ESTE EVALUE Y VERIFIQUE SI SE REQUIERE UNA VISITA DE AMPLIACION O VERIFICACION DEL CONCEPTO TECNICO EMITIDO, DE ACUERDO CON LAS DISPOSICIONES DE LA NORMATIVIDAD SANITARIA CORRESPONDIENTE, SO PENA  DE LAS ACCIONES A QUE HAYA LUGAR.",2024-05-02T00:00:00.000,2029-05-29T00:00:00.000
2102S,SERVICIOS DE SALUD IPS SURAMERICANA S.A.S – SALUD EN CASA,MEDELLIN,ANTIOQUIA,CALLE 26No.45-106,Cumple,"CUMPLE CON LAS BUENAS PRACTICAS DE ELABORACION, PARA LOS SIGUIENTES PROCESOS Y/O ACTIVIDADES:

1. ESTERILES
1.1. ADECUACION Y AJUSTE DE CONCENTRACIONES DE DOSIS DE MEDICAMENTOS NO ONCOLOGICOS
1.1.1. LIQUIDOS

NOTAS ACLARATORIAS:
1. PREPARACION MAGISTRAL: ES EL PREPARADO O PRODUCTO FARMACEUTICO PARA ATENDER UNA PRESCRIPCION MEDICA, DE UN PACIENTE INDIVIDUAL, QUE REQUIERE DE ALGUN TIPO DE INTERVENCION TECNICA DE VARIADA COMPLEJIDAD.
2. LOS MEDICAMENTOS DE PARTIDA QUE VAN A SER SOMETIDOS A MEZCLA, ADECUACIONES Y AJUSTE DE CONCENTRACIONES CORRESPONDEN A FORMAS FARMACEUTICAS SOLIDAS Y LIQUIDAS ESTERILES. LA PRESENTACION FINAL ES EN BOLSAS, BOMBAS ELASTOMERICAS Y JERINGAS.
3. EL ANTERIOR CONCEPTO TECNICO AUTORIZA UNICAMENTE LOS PROCESOS Y LAS FORMAS FARMACEUTICAS ANTERIORMENTE DESCRITAS, QUE SE REALIZAN DE MANERA MANUAL O AUTOMATICA, PARA MEDICAMENTOS QUE REQUIEREN Y NO REQUIEREN CADENA DE FRIO CON EL FIN DE CUMPLIR CON LAS DOSIS PRESCRITAS. SE REFIERE A QUE DICHOS PROCESOS DEBEN CIRCUNSCRIBIRSE AL SISTEMA DE DISTRIBUCION DE MEDICAMENTOS EN DOSIS UNITARIA. 
4. LOS PRODUCTOS ELABORADOS SOLO PUEDEN SER COMERCIALIZADOS A TRAVES DE CONVENIOS O CONTRATOS ESTABLECIDOS CON OTROS ESTABLECIMIENTOS FARMACEUTICOS AUTORIZADOS O SERVICIOS FARMACEUTICOS HABILITADOS DE INSTITUCIONES PRESTADORAS DE SERVICIOS DE SALUD.
5. TODO CAMBIO CRITICO QUE SE HAGA Y AFECTE LAS CONDICIONES EVALUADAS Y CERTIFICADAS DURANTE LA PRESENTE AUDITORIA, RESPECTO A EQUIPOS, AREAS, PROCESOS PRODUCTIVOS, PERSONAL TECNICO PRINCIPAL (DIRECCION TECNICA) O DE LAS EMPRESAS CON LAS QUE SE CONTRATO LA REALIZACION DE ACTIVIDADES DE PRODUCCION Y CONTROL DE CALIDAD, DEBERAN SER NOTIFICADOS AL INVIMA CON EL FIN DE QUE ESTE EVALUE Y VERIFIQUE SI SE REQUIERE UNA VISITA DE AMPLIACION O VERIFICACION DEL CONCEPTO TECNICO EMITIDO, DE ACUERDO CON LAS DISPOSICIONES DE LA NORMATIVIDAD SANITARIA CORRESPONDIENTE, SO PENA DE LAS ACCIONES A QUE HAYA LUGAR.",2024-02-28T00:00:00.000,2029-03-19T00:00:00.000
2103S,FUNDACION OFTALMOLOGICA DE SANTANDER – FOSCAL,FLORIDABLANCA,SANTANDER,Calle 158 No. 20-95 Zona franca FOSUNAB Torre F Piso - 5,Cumple,"CUMPLE CON LAS BUENAS PRACTICAS DE ELABORACION PARA LOS SIGUIENTES PROCESOS Y/O ACTIVIDADES:
 
1. ESTERILES
1.1. ADECUACION Y AJUSTE DE CONCENTRACIONES DE DOSIS DE MEDICAMENTOS NO ONCOLOGICOS
1.1.1. LIQUIDOS
1.2. ADECUACION Y AJUSTE DE CONCENTRACIONES DE DOSIS DE MEDICAMENTOS ONCOLOGICOS
1.2.1. LIQUIDOS
1.3. PREPARACION DE NUTRICIONES PARENTERALES
1.3.1. LIQUIDOS

1. NO ESTERILES
1.1. PREPARACION DE MAGISTRALES
1.1.1. LIQUIDOS

NOTAS ACLARATORIAS:
1. PREPARACION MAGISTRAL: ES EL PREPARADO O PRODUCTO FARMACEUTICO PARA ATENDER UNA PRESCRIPCION MEDICA, DE UN PACIENTE INDIVIDUAL, QUE REQUIERE DE ALGUN TIPO DE INTERVENCION MEDICA DE VARIADA COMPLEJIDAD.
2. LA ADECUACION Y AJUSTE DE CONCENTRACIONES DE MEDICAMENTOS ESTERILES ONCOLOGICOS, NO ONCOLOGICOS Y NUTRICIONES PARENTERALES ES REALIZADA EN AREAS INDEPENDIENTES Y EXCLUSIVAS, PARA CADA PROCESO.
3. LOS MEDICAMENTOS DE PARTIDA QUE VAN A SER SOMETIDOS A MEZCLA, ADECUACIONES Y AJUSTE DE CONCENTRACIONES DE DOSIS CORRESPONDEN A FORMAS FARMACEUTICAS SOLIDAS Y LIQUIDAS ESTERILES. LA PRESENTACION FINAL ES EN BOLSAS, JERINGAS E INFUSORES.
4. LA PRESENTACION FINAL DE LAS NUTRICIONES PARENTERALES ES EN BOLSA EVA.
5. EL ANTERIOR CONCEPTO TECNICO AUTORIZA UNICAMENTE LOS PROCESOS Y LAS FORMAS FARMACEUTICAS ANTERIORMENTE DESCRITAS, PARA MEDICAMENTOS QUE REQUIEREN Y NO REQUIEREN CADENA DE FRIO CON EL FIN DE CUMPLIR CON LAS DOSIS PRESCRITAS. SE REFIERE A QUE DICHOS PROCESOS DEBEN CIRCUNSCRIBIRSE AL SISTEMA DE DISTRIBUCION DE MEDICAMENTOS EN DOSIS UNITARIA.
6. TODO CAMBIO CRITICO QUE SE HAGA Y AFECTE LAS CONDICIONES EVALUADAS Y CERTIFICADAS DURANTE LA PRESENTE AUDITORIA, RESPECTO A EQUIPOS, AREAS, PROCESOS PRODUCTIVOS, PERSONAL TECNICO PRINCIPAL (DIRECTOR TECNICO) O DE LAS EMPRESAS CON LAS QUE SE CONTRATO LA REALIZACION DE ACTIVIDADES DE PRODUCCION Y CONTROL DE CALIDAD, DEBERAN SER NOTIFICADOS AL INVIMA CON EL FIN DE QUE ESTE EVALUE Y VERIFIQUE SI SE REQUIERE UNA VISITA DE AMPLIACION O VERIFICACION DEL CONCEPTO TECNICO EMITIDO, DE ACUERDO CON LAS DISPOSICIONES DE LA NORMATIVIDAD SANITARIA CORRESPONDIENTE, SO PENA DE LAS ACCIONES A QUE HAYA LUGAR.",2024-07-11T00:00:00.000,2029-08-06T00:00:00.000
1669S,"LOS COMUNEROS HOSPITAL UNIVERSITARIO DE BUCARAMANGA S.A., establecimiento LOS COMUNEROS HOSPITAL UNIVERSITARIO DE BUCARAMANGA S.A.",BUCARAMANGA,SANTANDER,Carrera 27 No. 30-15 Bucaramanga – Santander,Cumple,"CUMPLE CON LAS BUENAS PRACTICAS DE ELABORACION, PARA LOS SIGUIENTES PROCESOS Y/O ACTIVIDADES:

1. ESTERILES

1.1. ADECUACION Y AJUSTE DE CONCENTRACIONES DE DOSIS DE MEDICAMENTOS NO ONCOLOGICOS
1.1.1. LIQUIDOS

1.2. PREPARACION DE NUTRICIONES PARENTERALES 
1.2.1. LIQUIDOS

2. NO ESTERILES

2.1. REEMPAQUE DE MEDICAMENTOS
2.1.1. SOLIDOS.

2.2. PREPARACIONES MAGISTRALES 
2.2.1. LIQUIDOS (SOLUCIONES, EMULSIONES, SUSPENSIONES)

NOTAS ACLARATORIAS:

1. PREPARACION MAGISTRAL: ES EL PREPARADO O PRODUCTO FARMACEUTICO PARA ATENDER UNA PRESCRIPCION MEDICA, DE UN PACIENTE INDIVIDUAL, QUE REQUIERE DE ALGUN TIPO DE INTERVENCION TECNICA DE VARIADA COMPLEJIDAD.
2. LA ADECUACION Y AJUSTE DE CONCENTRACIONES DE MEDICAMENTOS NO ONCOLOGICOS Y NUTRICIONES PARENTERALES ES REALIZADA EN AREAS INDEPENDIENTES Y EXCLUSIVAS.
3. LOS MEDICAMENTOS DE PARTIDA QUE VAN A SER SOMETIDOS A MEZCLAS, ADECUACIONES Y AJUSTE DE CONCENTRACIONES CORRESPONDEN A FORMAS FARMACEUTICAS SOLIDAS Y LIQUIDAS. LA PRESENTACION FINAL ES EN BOLSAS, MINIBOLSAS Y JERINGAS.
4. LOS PRODUCTOS ELABORADOS SOLO PUEDEN SER COMERCIALIZADOS A TRAVES DE CONVENIOS O CONTRATOS ESTABLECIDOS CON OTROS ESTABLECIMIENTOS FARMACEUTICOS AUTORIZADOS O SERVICIOS FARMACEUTICOS HABILITADOS DE INSTITUCIONES PRESTADORAS DE SERVICIOS DE SALUD.
5. EL ANTERIOR CONCEPTO TECNICO AUTORIZA UNICAMENTE LOS PROCESOS Y LAS FORMAS FARMACEUTICAS ANTERIORMENTE DESCRITAS, PARA MEDICAMENTOS QUE REQUIEREN Y NO REQUIEREN CADENA DE FRIO CON EL FIN DE CUMPLIR CON LAS DOSIS PRESCRITAS. SE REFIERE A QUE DICHOS PROCESOS DEBEN CIRCUNSCRIBIRSE AL SISTEMA DE DISTRIBUCION DE MEDICAMENTOS EN DOSIS UNITARIA.
6. TODO CAMBIO CRITICO QUE SE HAGA Y AFECTE LAS CONDICIONES EVALUADAS Y CERTIFICADAS DURANTE LA PRESENTE AUDITORIA, RESPECTO A EQUIPOS, AREAS, PROCESOS PRODUCTIVOS, PERSONAL TECNICO PRINCIPAL (DIRECTOR TECNICO) O DE LAS EMPRESAS CON LAS QUE SE CONTRATO LA REALIZACION DE ACTIVIDADES DE PRODUCCION Y CONTROL DE CALIDAD, DEBERAN SER NOTIFICADOS AL INVIMA CON EL FIN DE QUE ESTE EVALUE Y VERIFIQUE SI SE REQUIERE UNA VISITA DE AMPLIACION O VERIFICACION DEL CONCEPTO TECNICO EMITIDO, DE ACUERDO CON LAS DISPOSICIONES DE LA NORMATIVIDAD SANITARIA CORRESPONDIENTE, SO PENA DE LAS ACCIONES A QUE HAYA LUGAR.",2025-04-02T00:00:00.000,2030-05-12T00:00:00.000
2109S,CLINICA REINA CATALINA S.A.S.  establecimiento CLINICA REINA CATALINA,BARRANQUILLA,ATLANTICO,Calle 82 No 47 -12,Cumple,"CUMPLE CON LAS BUENAS PRACTICAS DE ELABORACION PARA LOS SIGUIENTES PROCESOS Y/O ACTIVIDADES:

1. NO ESTERILES
1.1. REEMPAQUE DE MEDICAMENTOS 
1.1.1. SOLIDOS

NOTAS ACLARATORIAS:

1.PREPARACION MAGISTRAL: ES EL PREPARADO O PRODUCTO FARMACEUTICO PARA ATENDER UNA PRESCRIPCIEN MEDICA, DE UN PACIENTE INDIVIDUAL, QUE REQUIERE DE ALGUN TIPO DE INTERVENCION TECNICA DE VARIADA COMPLEJIDAD. 
2.EL ANTERIOR CONCEPTO TECNICO AUTORIZA UNICAMENTE LOS PROCESOS Y LAS FORMAS FARMACEUTICAS ANTERIORMENTE DESCRITAS, PARA MEDICAMENTOS QUE NO REQUIEREN CADENA DE FRIO CON EL FIN DE CUMPLIR CON LAS DOSIS PRESCRITAS. SE REFIERE A QUE DICHOS PROCESOS DEBEN CIRCUNSCRIBIRSE AL SISTEMA DE DISTRIBUCION DE MEDICAMENTOS EN DOSIS UNITARIA. 
3. LOS PRODUCTOS ELABORADOS SOLO PUEDEN SER COMERCIALIZADOS A TRAVES DE CONVENIOS O CONTRATOS ESTABLECIDOS CON OTROS SERVICIOS FARMACEUTICOS HABILITADOS DE INSTITUCIONES PRESTADORAS DE SERVICIOS DE SALUD.
4. TODO CAMBIO CRITICO QUE SE HAGA Y AFECTE LAS CONDICIONES EVALUADAS Y CERTIFICADAS DURANTE LA PRESENTE AUDITORIA, RESPECTO A EQUIPOS, AREAS, PROCESOS PRODUCTIVOS, PERSONAL TECNICO PRINCIPAL (DIRECTOR TECNICO) O DE LAS EMPRESAS CON LAS QUE SE CONTRATÓ LA REALIZACION DE ACTIVIDADES DE PRODUCCION Y CONTROL DE CALIDAD, DEBERAN SER NOTIFICADOS AL INVIMA CON EL FIN DE QUE ESTE EVALUE Y VERIFIQUE SI SE REQUIERE UNA VISITA DE AMPLIACION O VERIFICACION DEL CONCEPTO TECNICO EMITIDO, DE ACUERDO CON LAS DISPOSICIONES DE LA NORMATIVIDAD SANITARIA CORRESPONDIENTE, SO PENA DE LAS ACCIONES A QUE HAYA LUGAR.",2024-06-17T00:00:00.000,2027-07-09T00:00:00.000
1737S,INVERSIONES MEDICAS DE ANTIOQUIA S.A. – CLINICA LAS VEGAS,MEDELLIN,ANTIOQUIA,CALLE 2 SUR Nro 46-55,Cumple,"CUMPLE CON LAS BUENAS PRÁCTICAS DE ELABORACION PARA LOS SIGUIENTES PROCESOS Y/O ACTIVIDADES:

1. ESTÉRILES
1.1. ADECUACIÓN Y AJUSTE DE CONCENTRACIONES DE DOSIS DE MEDICAMENTOS NO ONCOLÓGICOS
1.1.1. LÍQUIDOS

2. NO ESTERILES
2.1. REEMPAQUE DE MEDICAMENTOS.
2.1.2. SÓLIDOS.

NOTAS ACLARATORIAS:
1. PREPARACIÓN MAGISTRAL: ES EL PREPARADO O PRODUCTO FARMACÉUTICO PARA ATENDER UNA PRESCRIPCIÓN MÉDICA, DE UN PACIENTE INDIVIDUAL, QUE REQUIERE DE ALGÚN TIPO DE INTERVENCIÓN TÉCNICA DE VARIADA COMPLEJIDAD.
2. LOS MEDICAMENTOS DE PARTIDA QUE VAN A SER SOMETIDOS A MEZCLA, ADECUACIONES Y AJUSTE DE CONCENTRACIONES CORRESPONDEN A FORMAS FARMACÉUTICAS SÓLIDAS Y LÍQUIDAS. LA PRESENTACIÓN FINAL ES EN BOLSAS, BURETROLES O JERINGAS.
3. EL ANTERIOR CONCEPTO TÉCNICO AUTORIZA ÚNICAMENTE LOS PROCESOS Y LAS FORMAS FARMACÉUTICAS ANTERIORMENTE DESCRITAS, PARA MEDICAMENTOS QUE REQUIEREN Y NO REQUIEREN CADENA DE FRÍO CON EL FIN DE CUMPLIR CON LAS DOSIS PRESCRITAS. SE REFIERE A QUE DICHOS PROCESOS DEBEN CIRCUNSCRIBIRSE AL SISTEMA DE DISTRIBUCIÓN DE MEDICAMENTOS EN DOSIS UNITARIA.
CUALQUIER MODIFICACIÓN QUE SE HAGA EN LAS CONDICIONES EVALUADAS Y CERTIFICADAS DURANTE LA PRESENTE AUDITORIA, RESPECTO A EQUIPOS, ÁREAS, PROCESOS PRODUCTIVOS, PERSONAL TÉCNICO PRINCIPAL O DE LAS EMPRESAS CON LAS QUE SE CONTRATÓ LA REALIZACIÓN DE ACTIVIDADES CRÍTICAS DE PRODUCCIÓN Y CONTROL DE CALIDAD, DEBERÁN SER NOTIFICADAS AL INVIMA CON EL FIN DE QUE ÉSTE EVALÚE Y VERIFIQUE SI SE REQUIERE UNA VISITA DE AMPLIACIÓN O VERIFICACIÓN DEL CONCEPTO TÉCNICO EMITIDO, DE ACUERDO CON LAS DISPOSICIONES DE LA NORMATIVIDAD SANITARIA CORRESPONDIENTE, SO PENA  DE LAS ACCIONES A QUE HAYA LUGAR.",2024-07-16T00:00:00.000,2029-08-06T00:00:00.000
2125S,CENTRO ONCOLOGICO DE ANTIOQUIA SAS,ENVIGADO,ANTIOQUIA,CARRERA 48 No. 46A SUR 107,Cumple,"CUMPLE CON LAS BUENAS PRÁCTICAS DE ELABORACION, PARA LOS SIGUIENTES PROCESOS Y/O ACTIVIDADES:

1. ESTÉRILES
1.1. ADECUACIÓN Y AJUSTE DE CONCENTRACIONES DE DOSIS DE MEDICAMENTOS NO ONCOLÓGICOS 
1.1.1. LÍQUIDOS
1.2. ADECUACIÓN Y AJUSTE DE CONCENTRACIONES DE DOSIS DE MEDICAMENTOS ONCOLÓGICOS
1.2.1. LÍQUIDOS
1.3. REENVASE DE MEDICAMENTOS
1.3.1. LIQUIDOS

2. NO ESTERILES
2.1. REEMPAQUE DE MEDICAMENTOS. 
2.1.1. SÓLIDOS.

NOTAS ACLARATORIAS:

1. LA ADECUACIÓN Y AJUSTE DE CONCENTRACIONES DE MEDICAMENTOS NO ONCOLÓGICOS ES REALIZADA EN UN ÁREA INDEPENDIENTE Y EXCLUSIVA.
2. LA ADECUACIÓN Y AJUSTE DE CONCENTRACIONES DE MEDICAMENTOS ONCOLÓGICOS ES REALIZADA EN UN ÁREA INDEPENDIENTE Y EXCLUSIVA.
3. LOS MEDICAMENTOS DE PARTIDA QUE VAN A SER SOMETIDOS A MEZCLA, ADECUACIONES Y AJUSTE DE CONCENTRACIONES CORRESPONDEN A FORMAS FARMACÉUTICAS SÓLIDAS Y LÍQUIDAS. LA PRESENTACIÓN FINAL ES EN BOLSAS MINI BOLSAS, JERINGAS Y FRASCOS DE VIDRIO.
4. LOS PRODUCTOS ELABORADOS SÓLO PUEDEN SER COMERCIALIZADOS A TRAVÉS DE CONVENIOS O CONTRATOS ESTABLECIDOS CON OTROS ESTABLECIMIENTOS FARMACÉUTICOS AUTORIZADOS O SERVICIOS FARMACÉUTICOS HABILITADOS DE INSTITUCIONES PRESTADORAS DE SERVICIOS DE SALUD.
5. EL ANTERIOR CONCEPTO TÉCNICO AUTORIZA ÚNICAMENTE LOS PROCESOS Y LAS FORMAS FARMACÉUTICAS ANTERIORMENTE DESCRITAS, PARA MEDICAMENTOS QUE REQUIEREN Y NO REQUIEREN CADENA DE FRÍO CON EL FIN DE CUMPLIR CON LAS DOSIS PRESCRITAS. SE REFIERE A QUE DICHOS PROCESOS DEBEN CIRCUNSCRIBIRSE AL SISTEMA DE DISTRIBUCIÓN DE MEDICAMENTOS EN DOSIS UNITARIA.
6.TODO CAMBIO CRITICO QUE SE HAGA EN LAS CONDICIONES EVALUADAS Y CERTIFICADAS DURANTE LA PRESENTE AUDITORIA, RESPECTO A EQUIPOS, ÁREAS, PROCESOS PRODUCTIVOS, PERSONAL TÉCNICO PRINCIPAL O DE LAS EMPRESAS CON LAS QUE SE CONTRATÓ LA REALIZACIÓN DE ACTIVIDADES CRÍTICAS DE PRODUCCIÓN Y CONTROL DE CALIDAD, DEBERÁN SER NOTIFICADAS AL INVIMA CON EL FIN DE QUE ÉSTE EVALÚE Y VERIFIQUE SI SE REQUIERE UNA VISITA DE AMPLIACIÓN O VERIFICACIÓN DEL CONCEPTO TÉCNICO EMITIDO, DE ACUERDO CON LAS DISPOSICIONES DE LA NORMATIVIDAD SANITARIA CORRESPONDIENTE, SO PENA  DE LAS ACCIONES A QUE HAYA LUGAR.",2024-12-26T00:00:00.000,2028-01-07T00:00:00.000
2130S,LOSCOBOS MEDICAL CENTER S.A.S.,BOGOTA,BOGOTA D.C.,CARRERA 9 Nro. 131A - 32 (40),Cumple,"CUMPLE CON LAS BUENAS PRÁCTICAS DE ELABORACION PARA LOS SIGUIENTES PROCESOS Y/O ACTIVIDADES:

1. ESTÉRILES
1.1. ADECUACIÓN Y AJUSTE DE CONCENTRACIONES DE DOSIS DE MEDICAMENTOS ONCOLÓGICOS
1.1.1. LÍQUIDOS

1.2. ADECUACIÓN Y AJUSTE DE CONCENTRACIONES DE DOSIS DE MEDICAMENTOS NO ONCOLÓGICOS 
1.2.1. LÍQUIDOS

1.3. PREPARACIÓN DE NUTRICIONES PARENTERALES 1.3.1. LÍQUIDOS

2. NO ESTÉRILES
2.1. PREPARACIÓN DE MAGISTRALES 
2.1.1 LÍQUIDOS (SOLUCIONES Y SUSPENSIONES)

2.2. REENVASE DE MEDICAMENTOS 
2.2.1. LÍQUIDOS Y SOLIDOS

2.3. REEMPAQUE DE MEDICAMENTOS 
2.3.1 SÓLIDOS 

NOTAS ACLARATORIAS:
1. PREPARACION MAGISTRAL: ES EL PREPARADO O PRODUCTO FARMACEUTICO PARA ATENDER UNA PRESCRIPCION MEDICA, DE UN PACIENTE INDIVIDUAL, QUE REQUIERE DE ALGUN TIPO DE INTERVENCION TECNICA DE VARIADA COMPLEJIDAD.
2. LA ADECUACION Y AJUSTE DE MEDICAMENTOS ONCOLOGICOS SON REALIZADOS EN AREAS Y EQUIPOS DE USO EXCLUSIVO.
3. LOS PRODUCTOS ELABORADOS SOLO PUEDEN SER COMERCIALIZADOS A TRAVES DE CONVENIOS O CONTRATOS ESTABLECIDOS CON OTROS ESTABLECIMIENTOS FARMACEUTICOS AUTORIZADOS O SERVICIOS FARMACEUTICOS HABILITADOS DE INSTITUCIONES PRESTADORAS DE SERVICIOS DE SALUD.
4. EL ANTERIOR CONCEPTO TECNICO AUTORIZA UNICAMENTE LOS PROCESOS Y LAS FORMAS FARMACEUTICAS ANTERIORMENTE DESCRITAS, CON EL FIN DE CUMPLIR CON LAS DOSIS PRESCRITAS. SE REFIERE A QUE DICHOS PROCESOS DEBEN CIRCUNSCRIBIRSE AL SISTEMA DE DISTRIBUCION DE MEDICAMENTOS EN DOSIS UNITARIA.
5. TODO CAMBIO CRITICO QUE SE HAGA Y AFECTE LAS CONDICIONES EVALUADAS Y CERTIFICADAS DURANTE LA PRESENTE AUDITORIA, RESPECTO A EQUIPOS, AREAS, PROCESOS PRODUCTIVOS, PERSONAL TECNICO PRINCIPAL (DIRECTOR TECNICO) O DE LAS EMPRESAS CON LAS QUE SE CONTRATO LA REALIZACION DE ACTIVIDADES DE PRODUCCION Y CONTROL DE CALIDAD, DEBERAN SER NOTIFICADOS AL INVIMA CON EL FIN DE QUE ESTE EVALUE Y VERIFIQUE SI SE REQUIERE UNA VISITA DE AMPLIACION O VERIFICACION DEL CONCEPTO TECNICO EMITIDO, DE ACUERDO CON LAS DISPOSICIONES DE LA NORMATIVIDAD SANITARIA CORRESPONDIENTE, SO PENA  DE LAS ACCIONES A QUE HAYA LUGAR",2024-05-17T00:00:00.000,2029-06-13T00:00:00.000
1629R,INSTITUTO NACIONAL DE CANCEROLOGIA E.S.E.,BOGOTA,BOGOTA D.C.,Calle 1 Nro. 09-85,Cumple,"SE ACTUALIZA EL CONCEPTO TECNICO: CUMPLE CON LAS BUENAS PRÁCTICAS DE ELABORACIÓN DE RADIOFÁRMACOS - BPER PARA LOS SIGUIENTES PROCESOS Y/O ACTIVIDADES:

1.1. ESTERILES
1.1. ELUCION, MARCACION Y DOSIFICACION DE RADIOFARMACOS CON REGISTRO SANITARIO SIGUIENDO ESTRICTAMENTE LAS INDICACIONES DEL FABRICANTE.
1.1.1.  LIQUIDOS: SOLUCIONES Y SUSPENSIONES EN JERINGAS Y VIALES
1.1.2. ELUCION, MARCACION Y DOSIFICACION DE RADIOFARMACOS CON REGISTRO SANITARIO CON POSIBLE MODIFICACION DE LAS INDICACIONES DE PREPARACION DEL FABRICANTE
1.1.2.1. LIQUIDOS: SOLUCIONES Y SUSPENSIONES EN JERINGAS Y VIALES.
1.1.3. ELUCION, MARCACION (SINTESIS) Y DOSIFICACION DE RADIOFARMACOS 68GA
1.1.3.1. LIQUIDOS: SOLUCIONES Y SUSPENSIONES EN JERINGAS Y VIALES.
1.1.4. MARCACION Y DOSIFICACION DE RADIOFARMACOS.
1.1.4.1. LIQUIDOS: SOLUCIONES (JERINGAS).
1.1.5. DOSIFICACION DE RADIOFARMACOS
1.1.5.1. LIQUIDOS: SOLUCIONES (JERINGAS).
1.1.6. OBTENCION Y MARCACION DEL RADIOFARMACO 18F Y 11C
1.1.6.1. LIQUIDOS: SOLUCIONES (JERINGAS Y VIALES).
1.1.7. ADECUACION Y/O AJUSTE DE DOSIS DE RADIOFARMACOS A PARTIR DE PRODUCTOS AUTORIZADOS COMO VITALES NO DISPONIBLES.
1.1.7.1. LIQUIDOS: SOLUCIONES (JERINGAS Y VIALES).

2. NO ESTERILES
2.1. DILUCION Y/O DOSIFICACION CON REGISTRO SANITARIO (I-131)
2.1.1. LIQUIDOS: SOLUCION ORAL (VIALES).
2.1.2. SOLIDOS: CAPSULAS DURAS DE GELATINA.


NOTAS ACLARATORIAS:
1. PREPARACION MAGISTRAL: ES EL PREPARADO O PRODUCTO FARMACEUTICO PARA ATENDER UNA PRESCRIPCION MEDICA, DE UN PACIENTE INDIVIDUAL, QUE REQUIERE DE ALGUN TIPO DE INTERVENCION TECNICA DE VARIADA COMPLEJIDAD. 
2. RADIOFARMACO: PRODUCTO PREPARADO CON FINES DIAGNOSTICOS, DE MONITOREO DE ENFERMEDAD O TERAPEUTICOS CUYO EFECTO ES PRODUCIDO POR LA RADIACION, DEBIDO A QUE CONTIENEN RADIONUCLIDOS QUE EXHIBEN DESINTEGRACIONES ESPONTANEAS DEL NUCLEO INESTABLE CON EMISION DE PARTICULAS NUCLEARES O FOTONES.
3. LA ELUCION DE GENERADORES SE AUTORIZA DE ACUERDO CON LOS RADIONUCLIDOS AUTORIZADOS BAJO LA LICENCIA DEL INSTITUTO GEOLOGICO COLOMBIANO.
4. EL PRESENTE CONCEPTO INCLUYE LOS PROCESOS DE OBTENCION DEL RADIONUCLIDO 18F Y 11C, SINTESIS, FRACCIONAMIENTO Y DOSIFICACION DE LOS RADIOFARMACOS: 18F-NAF, 18F- FDG Y 11C-COLINA Y 11C-METIONINA
5. LOS RADIOFARMACOS PET Y AQUELLOS ELUDIDOS DE GENERADOR SE ESTERILIZAN POR FILTRACION ESTERILIZANTE, Y EL FRACCIONAMIENTO Y LA DOSIFICACION SE REALIZA DE MANERA ASEPTICA.
6. LOS PROCESOS ESTERILES ANTERIORMENTE MENCIONADOS SE REALIZAN EN CONDICIONES ASEPTICAS.
7. LOS RADIOFARMACOS 177LU-DOTATOC 177LU-PSMA, 225AC-PSMA, LA MARCACION SE REALIZA CON MATERIAS PRIMAS, POSTERIORMENTE SE ESTERILIZA POR FILTRACION ESTERILIZANTE, Y EL FRACCIONAMIENTO Y DOSIFICACION SE REALIZA EN PROCESO ASEPTICO.
8. EL RADIOFARMACO 131I-NAI-CAPSULAS, PARTE SU PROCESO DESDE EL USO DE MATERIAS PRIMAS.
9. LOS PRODUCTOS ELABORADOS SOLO PUEDEN SER COMERCIALIZADOS A TRAVES DE CONVENIOS O CONTRATOS ESTABLECIDOS CON OTROS SERVICIOS FARMACEUTICOS HABILITADOS DE INSTITUCIONES PRESTADORAS DE SERVICIOS DE SALUD
10. EL ANTERIOR CONCEPTO TECNICO, AUTORIZA UNICAMENTE LOS PROCESOS Y LAS FORMAS FARMACEUTICAS ANTERIORMENTE DESCRITAS.
11. CUALQUIER MODIFICACION QUE SE HAGA EN LAS CONDICIONES EVALUADAS Y CERTIFICADAS DURANTE LA PRESENTE AUDITORIA, RESPECTO A EQUIPOS, AREAS, PROCESOS PRODUCTIVOS, PERSONAL TECNICO PRINCIPAL O DE LAS EMPRESAS CON LAS QUE SE CONTRATO LA REALIZACION DE ACTIVIDADES CRITICAS DE PRODUCCION Y CONTROL DE CALIDAD, DEBERAN SER NOTIFICADAS AL INVIMA CON EL FIN DE QUE ESTE EVALUE Y VERIFIQUE SI SE REQUIERE UNA VISITA DE AMPLIACION O VERIFICACION DEL CONCEPTO TECNICO EMITIDO, DE ACUERDO CON LAS DISPOSICIONES DE LA NORMATIVIDAD SANITARIA CORRESPONDIENTE, SO PENA  DE LAS ACCIONES A QUE HAYA LUGAR”.",2021-05-06T00:00:00.000,2026-09-17T00:00:00.000
2144S,UNIVERSIDAD DE ANTIOQUIA - GRUPO DE NEUROCIENCIAS SEDE HOSPITAL ALMA MATER,MEDELLIN,ANTIOQUIA,Carrera 51A Nro. 62 -42 Bloque B tercer piso,Cumple,"CUMPLE CON LAS BUENAS PRACTICAS DE ELABORACION PARA LOS SIGUIENTES PROCESOS Y/O ACTIVIDADES:


1. ESTERIL

1.1 ADECUACION Y AJUSTE DE CONCENTRACIONES DE DOSIS DE MEDICAMENTOS NO ONCOLOGICOS: LIQUIDOS

1.2 REENVASE DE MEDICAMENTOS: LIQUIDOS


2. NOTAS ACLARATORIAS:


1. PREPARACION MAGISTRAL: ES EL PREPARADO O PRODUCTO FARMACEUTICO PARA ATENDER UNA PRESCRIPCION MEDICA, DE UN PACIENTE INDIVIDUAL, QUE REQUIERE DE ALGUN TIPO DE INTERVENCION TECNICA DE VARIADA COMPLEJIDAD.

2. EL REENVASE DE MEDICAMENTOS ESTERILES, ES REALIZADA EN LA MISMA AREA DE ADECUACION DE ESTERILES NO ONCOLOGICOS.

3. LA ADECUACION Y AJUSTE DE CONCENTRACIONES DE MEDICAMENTOS NO ONCOLOGICOS, ES REALIZADA EN AREA INDEPENDIENTE.

4. LOS MEDICAMENTOS DE PARTIDA QUE VAN A SER SOMETIDOS A MEZCLA, ADECUACIONES Y AJUSTE DE CONCENTRACIONES CORRESPONDEN A FORMAS FARMACEUTICAS SOLIDAS Y LIQUIDAS. LA PRESENTACION FINAL ES EN JERINGAS.

5. LOS PRODUCTOS ELABORADOS SOLO PUEDEN SER COMERCIALIZADOS A TRAVES DE CONVENIOS O CONTRATOS ESTABLECIDOS CON OTROS

ESTABLECIMIENTOS FARMACEUTICOS AUTORIZADOS O SERVICIOS FARMACEUTICOS HABILITADOS DE INSTITUCIONES PRESTADORAS DEL SERVICIO DE SALUD.

6. EL ANTERIOR CONCEPTO TECNICO, AUTORIZA UNICAMENTE LOS PROCESOS O ACTIVIDADES Y LAS FORMAS FARMACEUTICAS ANTERIORMENTE DESCRITAS, LAS CUALES INCLUYEN ESTUDIOS DE INVESTIGACION CLINICA, CON MEDICAMENTOS QUE REQUIEREN Y NO REQUIEREN CADENA DE FRIO.

7. TODO CAMBIO CRITICO QUE SE HAGA Y AFECTE LAS CONDICIONES EVALUADAS Y CERTIFICADAS DURANTE LA PRESENTE AUDITORIA, RESPECTO A EQUIPOS, AREAS, PROCESOS PRODUCTIVOS, PERSONAL TECNICO PRINCIPAL (DIRECCION TECNICA) O DE LAS EMPRESAS CON LAS QUE SE CONTRATO LA REALIZACION DE ACTIVIDADES DE PRODUCCION Y CONTROL DE CALIDAD, DEBERAN SER NOTIFICADOS AL INVIMA CON EL FIN DE QUE ESTE EVALUE Y VERIFIQUE SI SE REQUIERE UNA VISITA DE AMPLIACION O VERIFICACION DEL CONCEPTO TECNICO EMITIDO, DE ACUERDO CON LAS DISPOSICIONES DE LA NORMATIVIDAD SANITARIA CORRESPONDIENTE, SO PENA DE LAS ACCIONES A QUE HAYA LUGAR.",2026-02-05T00:00:00.000,2031-03-09T00:00:00.000
2147S,INVERSIONES SALUD ANTIOQUIA SAS,MEDELLIN,ANTIOQUIA,TRANSVERSAL 5A N. 45-224 BARRIO PATIO BONITO - MEDELLÍN,Cumple,"CUMPLE CONDICIONADO CON LAS BUENAS PRACTICAS DE ELABORACION PARA LOS SIGUIENTES PROCESOS Y/O ACTIVIDADES:

1. ESTERILES
1.1 ADECUACION Y AJUSTE DE CONCENTRACIONES DE DOSIS DE MEDICAMENTOS NO ONCOLOGICOS
1.1.1 LIQUIDOS
1.2 ADECUACION Y AJUSTE DE CONCENTRACIONES DE DOSIS DE MEDICAMENTOS ONCOLOGICOS
1.2.1 LIQUIDOS
1.3 PREPARACION DE NUTRICIONES PARENTERALES
1.3.1 LIQUIDOS

2. NO ESTERILES
2.1 REEMPAQUE DE MEDICAMENTOS.
2.1.1 SOLIDOS.
2.2. REENVASE DE MEDICAMENTOS
2.2.1 SOLIDOS 
2.2.2 LIQUIDOS

NOTAS ACLARATORIAS:

1. PREPARACION MAGISTRAL: ES EL PREPARADO O PRODUCTO FARMACEUTICO PARA ATENDER UNA PRESCRIPCION MEDICA, DE UN PACIENTE INDIVIDUAL, QUE REQUIERE DE ALGUN TIPO DE INTERVENCION TECNICA DE VARIADA COMPLEJIDAD.
2. LA ADECUACION Y AJUSTE DE CONCENTRACIONES DE MEDICAMENTOS ESTERILES NO ONCOLOGICOS Y NUTRICIONES PARENTERALES ES REALIZADA EN AREAS INDEPENDIENTES Y EXCLUSIVAS.
3. LA ADECUACION Y AJUSTE DE CONCENTRACIONES DE MEDICAMENTOS ONCOLOGICOS ES REALIZADA EN UN AREA INDEPENDIENTE Y EXCLUSIVA.
4. LOS MEDICAMENTOS DE PARTIDA QUE VAN A SER SOMETIDOS A MEZCLA, ADECUACIONES Y AJUSTE DE CONCENTRACIONES DE DOSIS CORRESPONDEN A FORMAS FARMACEUTICAS SOLIDAS Y LIQUIDAS. LA PRESENTACION FINAL ES EN BOLSAS, BURETROLES O JERINGAS. 
5. LA PRESENTACION FINAL DE LAS NUTRICIONES PARENTERALES ES EN BOLSAS EVA 
6. LOS PRODUCTOS ELABORADOS SOLO PUEDEN SER COMERCIALIZADOS A TRAVES DE CONVENIOS O CONTRATOS ESTABLECIDOS CON OTROS ESTABLECIMIENTOS FARMACEUTICOS AUTORIZADOS O SERVICIOS FARMACEUTICOS HABILITADOS DE INSTITUCIONES PRESTADORAS DE SERVICIOS DE SALUD.
7. EL ANTERIOR CONCEPTO TECNICO AUTORIZA UNICAMENTE LOS PROCESOS Y LAS FORMAS FARMACEUTICAS ANTERIORMENTE DESCRITAS, PARA MEDICAMENTOS QUE REQUIEREN Y NO REQUIEREN CADENA DE FRIO CON EL FIN DE CUMPLIR CON LAS DOSIS PRESCRITAS. SE REFIERE A QUE DICHOS PROCESOS DEBEN CIRCUNSCRIBIRSE AL SISTEMA DE DISTRIBUCION DE MEDICAMENTOS EN DOSIS UNITARIA.
8. TODO CAMBIO CRITICO QUE SE HAGA Y AFECTE LAS CONDICIONES EVALUADAS Y CERTIFICADAS DURANTE LA PRESENTE AUDITORIA, RESPECTO A EQUIPOS, AREAS, PROCESOS PRODUCTIVOS, PERSONAL TECNICO PRINCIPAL O DE LAS EMPRESAS CON LAS QUE SE CONTRATO LA REALIZACION DE ACTIVIDADES DE PRODUCCION Y CONTROL DE CALIDAD, DEBERAN SER NOTIFICADOS AL INVIMA CON EL FIN DE QUE ESTE EVALUE Y VERIFIQUE SI SE REQUIERE UNA VISITA DE AMPLIACION O VERIFICACION DEL CONCEPTO TECNICO EMITIDO, DE ACUERDO CON LAS DISPOSICIONES DE LA NORMATIVIDAD SANITARIA CORRESPONDIENTE, SO PENA DE LAS ACCIONES A QUE HAYA LUGAR.",,
2148R,RADIOFARMACIA DEL CARIBE S.A.S,BARRANQUILLA,ATLANTICO,"Kilómetro 2.7 Vía La Cordialidad, parque industrial Green Park, LT 22 D de Barranquilla - Atlántico,",Cumple,"CUMPLE CON LAS LAS BUENAS PRÁCTICAS DE ELABORACIÓN DE RADIOFÁRMACOS - BPER PARA LOS SIGUIENTES PROCESOS Y/O ACTIVIDADES:

1. ESTERILES
1.1 ELUCIÓN DE GENERADORES (RADIONÚCLIDOS) DE MOLIBDENO-99MO/TECNECIO TC-99M.
1.1.1 LÍQUIDOS: SOLUCIONES EN VIALES.
1.2 MARCACIÓN Y DOSIFICACIÓN DE RADIOFÁRMACOS CON REGISTRO SANITARIO SIGUIENDO ESTRICTAMENTE LAS INDICACIONES DEL FABRICANTE TECNECIO TC-99M.
1.2.1 LÍQUIDOS: SOLUCIONES Y SUSPENSIONES EN JERINGAS.
1.3 DOSIFICACIÓN DE GA-67.
1.3.1 LÍQUIDOS: SOLUCIONES JERINGAS.

NOTAS ACLARATORIAS:
1. PREPARACIÓN MAGISTRAL: ES EL PREPARADO O PRODUCTO FARMACÉUTICO PARA ATENDER UNA PRESCRIPCIÓN MÉDICA, DE UN PACIENTE INDIVIDUAL, QUE REQUIERE DE ALGÚN TIPO DE INTERVENCIÓN TÉCNICA DE VARIADA COMPLEJIDAD.
2. EL PRESENTE CONCEPTO INCLUYE LOS PROCESOS DE ELUCIÓN, MARCACIÓN Y DOSIFICACIÓN DE LOS RADIONÚCLIDOS CON LOS FÁRMACOS DESCRITOS ANTERIORMENTE.
3. LOS PROCESOS ANTERIORMENTE MENCIONADOS SE REALIZAN DE FORMA ASÉPTICA.
4. EL ANTERIOR CONCEPTO TÉCNICO, AUTORIZA ÚNICAMENTE LOS PROCESOS Y LAS FORMAS FARMACÉUTICAS ANTERIORMENTE DESCRITAS.
5. LOS PRODUCTOS ELABORADOS SÓLO PUEDEN SER COMERCIALIZADOS A TRAVÉS DE CONVENIOS O CONTRATOS ESTABLECIDOS CON OTROS SERVICIOS FARMACÉUTICOS HABILITADOS DE INSTITUCIONES PRESTADORAS DE SERVICIOS DE SALUD.
6. TODO CAMBIO CRÍTICO QUE SE HAGA Y AFECTE LAS CONDICIONES EVALUADAS Y CERTIFICADAS DURANTE LA PRESENTE AUDITORIA, RESPECTO A EQUIPOS, ÁREAS, PROCESOS PRODUCTIVOS, PERSONAL TÉCNICO PRINCIPAL (DIRECTOR TÉCNICO) O DE LAS EMPRESAS CON LAS QUE SE CONTRATÓ LA REALIZACIÓN DE ACTIVIDADES DE PRODUCCIÓN Y CONTROL DE CALIDAD, DEBERÁN SER NOTIFICADOS AL INVIMA CON EL FIN DE QUE ÉSTE EVALÚE Y VERIFIQUE SI SE REQUIERE UNA VISITA DE AMPLIACIÓN O VERIFICACIÓN DEL CONCEPTO TÉCNICO EMITIDO, DE ACUERDO CON LAS DISPOSICIONES DE LA NORMATIVIDAD SANITARIA CORRESPONDIENTE, SO PENA DE LAS ACCIONES A QUE HAYA LUGAR.",2023-05-12T00:00:00.000,2028-06-28T00:00:00.000
2143S,CLINICA DE URGENCIAS BUCARAMANGA S.A.S.,BUCARAMANGA,SANTANDER,Carrera 33 Nro. 53 - 27,Cumple,"CUMPLE CON LAS BUENAS PRÁCTICAS DE ELABORACION, PARA: LOS SIGUIENTES PROCESOS Y/O ACTIVIDADES:

1.       NO ESTERILES
1.1     REEMPAQUE DE MEDICAMENTOS. 
1.1.1 SÓLIDOS.

NOTAS ACLARATORIAS:
1.LOS PRODUCTOS ELABORADOS SOLO PUEDEN SER COMERCIALIZADOS A TRAVES DE CONVENIOS O CONTRATOS ESTABLECIDOS CON OTROS ESTABLECIMIENTOS FARMACEUTICOS AUTORIZADOS O SERVICIOS FARMACEUTICOS HABILITADOS DE INSTITUCIONES PRESTADORAS DE SERVICIOS DE SALUD.
2. EL ANTERIOR CONCEPTO TECNICO AUTORIZA UNICAMENTE LOS PROCESOS Y LAS FORMAS FARMACEUTICAS ANTERIORMENTE DESCRITAS, PARA MEDICAMENTOS QUE  NO REQUIEREN CADENA DE FRIO CON EL FIN DE CUMPLIR CON LAS DOSIS PRESCRITAS. SE REFIERE A QUE DICHOS PROCESOS DEBEN CIRCUNSCRIBIRSE AL SISTEMA DE DISTRIBUCION DE MEDICAMENTOS EN DOSIS UNITARIA.
3. TODO CAMBIO CRITICO QUE SE HAGA Y AFECTE LAS CONDICIONES EVALUADAS Y CERTIFICADAS DURANTE LA PRESENTE AUDITORIA, RESPECTO A EQUIPOS, AREAS, PROCESOS PRODUCTIVOS, PERSONAL TECNICO PRINCIPAL O DE LAS EMPRESAS CON LAS QUE SE CONTRATO LA REALIZACION DE ACTIVIDADES DE PRODUCCION Y CONTROL DE CALIDAD, DEBERAN SER NOTIFICADOS AL INVIMA CON EL FIN DE QUE ESTE EVALUE Y VERIFIQUE SI SE REQUIERE UNA VISITA DE AMPLIACION O VERIFICACION DEL CONCEPTO TECNICO EMITIDO, DE ACUERDO CON LAS DISPOSICIONES DE LA NORMATIVIDAD SANITARIA CORRESPONDIENTE, SO PENA DE LAS ACCIONES A QUE HAYA LUGAR.",2025-07-28T00:00:00.000,2030-08-26T00:00:00.000
2155S,UNIDOSSIS S.A.S. (REGIONAL CUNDINAMARCA – SEDE CLÍNICA MARLY),BOGOTA D.C.,BOGOTA D.C.,CALLE 50 No. 9 - 67,Cumple,"CUMPLE CON LAS BUENAS PRÁCTICAS DE ELABORACIÓN,   PARA LOS SIGUIENTES PROCESOS Y/O ACTIVIDADES:

1. ESTÉRILES

1.1. ADECUACIÓN Y AJUSTE DE CONCENTRACIONES DE DOSIS DE MEDICAMENTOS NO ONCOLÓGICOS
1.1.1. LÍQUIDOS

1.2. ADECUACIÓN Y AJUSTE DE CONCENTRACIONES DE DOSIS DE MEDICAMENTOS ONCOLÓGICOS 
1.2.1. LÍQUIDOS

1.3. PREPARACIÓN DE NUTRICIONES PARENTERALES. 1.3.1. LÍQUIDOS

1.4. RE ENVASE
1.4.1 LIQUIDOS

2. NO ESTÉRILES

2.1. REEMPAQUE DE MEDICAMENTOS 
2.1.1. SÓLIDOS.

2.2. REENVASE DE MEDICAMENTOS
2.2.1. SÓLIDOS

NOTAS ACLARATORIAS:

1. PREPARACIÓN MAGISTRAL: ES EL PREPARADO O PRODUCTO FARMACÉUTICO PARA ATENDER UNA PRESCRIPCIÓN MÉDICA, DE UN PACIENTE INDIVIDUAL, QUE REQUIERE DE ALGÚN TIPO DE INTERVENCIÓN TÉCNICA DE VARIADA COMPLEJIDAD.
2. LA ADECUACIÓN Y AJUSTE DE CONCENTRACIONES DE MEDICAMENTOS ONCOLÓGICOS, NO ONCOLÓGICOS Y NUTRICIONES PARENTERALES ES REALIZADA EN ÁREAS INDEPENDIENTES Y EXCLUSIVAS.
3. LOS MEDICAMENTOS DE PARTIDA QUE VAN A SER SOMETIDOS A MEZCLA, ADECUACIONES Y AJUSTE DE CONCENTRACIONES DE DOSIS CORRESPONDEN A FORMAS FARMACÉUTICAS SÓLIDAS Y LÍQUIDAS. LA PRESENTACIÓN FINAL ES EN BOLSAS, JERINGAS E INFUSORES.
4. LA PRESENTACIÓN FINAL DE LAS NUTRICIONES PARENTERALES ES EN BOLSAS EVA.
5. LOS PRODUCTOS ELABORADOS SÓLO PUEDEN SER COMERCIALIZADOS A TRAVÉS DE CONVENIOS O CONTRATOS ESTABLECIDOS CON OTROS ESTABLECIMIENTOS FARMACÉUTICOS AUTORIZADOS O SERVICIOS FARMACÉUTICOS HABILITADOS DE INSTITUCIONES PRESTADORAS DE SERVICIOS DE SALUD.
6. EL ANTERIOR CONCEPTO TÉCNICO AUTORIZA ÚNICAMENTE LOS PROCESOS Y LAS FORMAS FARMACÉUTICAS ANTERIORMENTE DESCRITAS, PARA MEDICAMENTOS QUE REQUIEREN Y NO REQUIEREN CADENA DE FRÍO CON EL FIN DE CUMPLIR CON LAS DOSIS PRESCRITAS. SE REFIERE A QUE DICHOS PROCESOS DEBEN CIRCUNSCRIBIRSE AL SISTEMA DE DISTRIBUCIÓN DE MEDICAMENTOS EN DOSIS UNITARIA.
7. CUALQUIER MODIFICACIÓN QUE SE HAGA EN LAS CONDICIONES EVALUADAS Y CERTIFICADAS DURANTE LA PRESENTE AUDITORIA, RESPECTO A EQUIPOS, ÁREAS, PROCESOS PRODUCTIVOS, PERSONAL TÉCNICO PRINCIPAL O DE LAS EMPRESAS CON LAS QUE SE CONTRATÓ LA REALIZACIÓN DE ACTIVIDADES CRÍTICAS DE PRODUCCIÓN Y CONTROL DE CALIDAD, DEBERÁN SER NOTIFICADAS AL INVIMA CON EL FIN DE QUE ÉSTE EVALÚE Y VERIFIQUE SI SE REQUIERE UNA VISITA DE AMPLIACIÓN O VERIFICACIÓN DEL CONCEPTO TÉCNICO EMITIDO, DE ACUERDO CON LAS DISPOSICIONES DE LA NORMATIVIDAD SANITARIA CORRESPONDIENTE, SO PENA  DE LAS ACCIONES A QUE HAYA LUGAR.",2025-07-03T00:00:00.000,2030-07-25T00:00:00.000
2170S,EMPRESA SOCIAL DEL ESTADO HOSPITAL UNIVERSITARIO ERASMO MEOZ,CUCUTA,NORTE DE SANTANDER,"AV 11E No, 5AN-71",Cumple,"CUMPLE CON LAS BUENAS PRACTICAS DE ELABORACION PARA LOS SIGUIENTES PROCESOS Y/O ACTIVIDADES:

ESTERILES

1. ADECUACION Y AJUSTE DE CONCENTRACIONES DE DOSIS DE MEDICAMENTOS NO ONCOLOGICOS
1.1 LIQUIDOS

2. PREPARACION DE NUTRICIONES PARENTERALES 
2.1 LIQUIDOS

NO ESTERILES
1.  REEMPAQUE DE MEDICAMENTOS 
1.1 SOLIDOS

NOTAS ACLARATORIAS:

1. PREPARACION MAGISTRAL: ES EL PREPARADO O PRODUCTO FARMACEUTICO PARA ATENDER UNA PRESCRIPCION MEDICA, DE UN PACIENTE INDIVIDUAL, QUE REQUIERE DE ALGUN TIPO DE INTERVENCION TECNICA DE VARIADA COMPLEJIDAD.
2. LA ADECUACION Y AJUSTE DE CONCENTRACIONES DE MEDICAMENTOS NO ONCOLOGICOS Y NUTRICIONES PARENTERALES ES REALIZADA EN AREAS INDEPENDIENTES Y EXCLUSIVAS DOTADAS DE AISLADORES ASEPTICOS.
3. LOS MEDICAMENTOS DE PARTIDA QUE VAN A SER SOMETIDOS A MEZCLA, ADECUACIONES Y AJUSTE DE CONCENTRACIONES CORRESPONDEN A FORMAS FARMACEUTICAS SOLIDAS Y LIQUIDAS. LA PRESENTACION FINAL ES EN BOLSAS Y JERINGAS.
4. LOS PRODUCTOS ELABORADOS SOLO PUEDEN SER COMERCIALIZADOS A TRAVES DE CONVENIOS O CONTRATOS ESTABLECIDOS CON OTROS ESTABLECIMIENTOS FARMACEUTICOS AUTORIZADOS O SERVICIOS FARMACEUTICOS HABILITADOS DE INSTITUCIONES PRESTADORAS DEL SERVICIO DE SALUD.
5. EL ANTERIOR CONCEPTO TECNICO AUTORIZA UNICAMENTE LOS PROCESOS Y LAS FORMAS FARMACEUTICAS ANTERIORMENTE DESCRITAS, PARA MEDICAMENTOS QUE REQUIEREN Y NO REQUIEREN CADENA DE FRIO CON EL FIN DE CUMPLIR CON LAS DOSIS PRESCRITAS. SE REFIERE A QUE DICHOS PROCESOS DEBEN CIRCUNSCRIBIRSE AL SISTEMA DE DISTRIBUCION DE MEDICAMENTOS EN DOSIS UNITARIA.
6. TODO CAMBIO CRITICO QUE SE HAGA Y AFECTE LAS CONDICIONES EVALUADAS Y CERTIFICADAS DURANTE LA PRESENTE AUDITORIA, RESPECTO A EQUIPOS, AREAS, PROCESOS PRODUCTIVOS, PERSONAL TECNICO PRINCIPAL (DIRECCION TECNICA) O DE LAS EMPRESAS CON LAS QUE SE CONTRATO LA REALIZACION DE ACTIVIDADES DE PRODUCCION Y CONTROL DE CALIDAD, DEBERAN SER NOTIFICADOS AL INVIMA CON EL FIN DE QUE ESTE EVALUE Y VERIFIQUE SI SE REQUIERE UNA VISITA DE AMPLIACION O VERIFICACION DEL CONCEPTO TECNICO EMITIDO, DE ACUERDO CON LAS DISPOSICIONES DE LA NORMATIVIDAD SANITARIA CORRESPONDIENTE, SO PENA DE LAS ACCIONES A QUE HAYA LUGAR.",2025-10-28T00:00:00.000,2030-11-26T00:00:00.000
2175S,CLINICA SAN MARTIN BARRANQUILLA LTDA,BARRANQUILLA,ATLANTICO,CARRERA 43 No. 70-106,Pendiente Inspeccion,"CUMPLE CON LAS BUENAS PRACTICAS DE ELABORACION PARA LOS SIGUIENTES PROCESOS Y/O ACTIVIDADES:

1. ESTERILES
1.1.  ADECUACION Y AJUSTE DE CONCENTRACIONES DE DOSIS DE MEDICAMENTOS ONCOLOGICOS: LIQUIDOS
1.2.  ADECUACIÓN Y AJUSTE DE CONCENTRACIONES DE DOSIS DE MEDICAMENTOS NO ONCOLOGICOS: LIQUIDOS
1.3.  PREPARACION DE NUTRICIONES PARENTERALES: LIQUIDOS

2. NO ESTERILES
2.1.  REEMPAQUE DE MEDICAMENTOS: SOLIDOS

NOTAS ACLARATORIAS:
1. PREPARACION MAGISTRAL: ES EL PREPARADO O PRODUCTO FARMACEUTICO PARA ATENDER UNA PRESCRIPCION MEDICA, DE UN PACIENTE INDIVIDUAL, QUE REQUIERE DE ALGUN TIPO DE INTERVENCION TECNICA DE VARIADA COMPLEJIDAD.
2. LA ADECUACION Y AJUSTE DE CONCENTRACIONES DE MEDICAMENTOS ONCOLOGICOS, NO ONCOLOGICOS Y NUTRICIONES PARENTERALES ES REALIZADA EN ÁREAS INDEPENDIENTES Y EXCLUSIVAS DOTADAS DE AISLADORES.
3. LOS MEDICAMENTOS DE PARTIDA QUE VAN A SER SOMETIDOS A MEZCLA, ADECUACIONES Y AJUSTE DE CONCENTRACIONES DE DOSIS CORRESPONDEN A FORMAS FARMACEUTICAS SOLIDAS Y LIQUIDAS. LA PRESENTACION FINAL DE PRODUCTOS ESTERILES ES EN BOLSAS Y JERINGAS.
4. EL ANTERIOR CONCEPTO TECNICO AUTORIZA UNICAMENTE LOS PROCESOS Y LAS FORMAS FARMACEUTICAS ANTERIORMENTE DESCRITAS, PARA MEDICAMENTOS QUE REQUIEREN Y NO REQUIEREN CADENA DE FRIO CON EL FIN DE CUMPLIR CON LAS DOSIS PRESCRITAS. SE REFIERE A QUE DICHOS PROCESOS DEBEN CIRCUNSCRIBIRSE AL SISTEMA DE DISTRIBUCION DE MEDICAMENTOS EN DOSIS UNITARIA
5. CUALQUIER MODIFICACIÓN QUE SE HAGA EN LAS CONDICIONES EVALUADAS Y CERTIFICADAS DURANTE LA PRESENTE AUDITORIA, RESPECTO A EQUIPOS, AREAS, PROCESOS PRODUCTIVOS, PERSONAL TECNICO PRINCIPAL O DE LAS EMPRESAS CON LAS QUE SE CONTRATO LA REALIZACION DE ACTIVIDADES CRITICAS DE PRODUCCION Y CONTROL DE CALIDAD, DEBERAN SER NOTIFICADAS AL INVIMA CON EL FIN DE QUE ESTE EVALUE Y VERIFIQUE SI SE REQUIERE UNA VISITA DE AMPLIACION O VERIFICACION DEL CONCEPTO TECNICO EMITIDO, DE ACUERDO CON LAS DISPOSICIONES DE LA NORMATIVIDAD SANITARIA CORRESPONDIENTE, SO PENA  DE LAS ACCIONES A QUE HAYA LUGAR.",2021-02-16T00:00:00.000,2026-02-12T00:00:00.000
2177S,CENTRO MEDICO QUIRURGICO DE LA ORINOQUIA S.A.S.-CEMEDIQ,YOPAL,CASANARE,CALLE 20 No. 27 A -03,Pendiente Inspeccion,"CUMPLE CON LAS BUENAS PRACTICAS DE ELABORACION PARA LOS SIGUIENTES PROCESOS Y/O ACTIVIDADES:
 
1. ESTERILES
1.1. ADECUACION Y AJUSTE DE CONCENTRACIONES DE DOSIS DE MEDICAMENTOS ONCOLOGICOS: LIQUIDOS
1.2. ADECUACION Y AJUSTE DE CONCENTRACIONES DE DOSIS DE MEDICAMENTOS NO ONCOLOGICOS: LIQUIDOS


NOTAS ACLARATORIAS:
1. LA ADECUACION Y AJUSTE DE CONCENTRACIONES DE MEDICAMENTOS ONCOLOGICOS ES REALIZADA EN AREAS INDEPENDIENTES Y EXCLUSIVAS.
2. LA ADECUACION Y AJUSTE DE CONCENTRACIONES DE MEDICAMENTOS NO ONCOLOGICOS ES REALIZADA EN AREAS INDEPENDIENTES Y EXCLUSIVAS.
3. LOS MEDICAMENTOS DE PARTIDA QUE VAN A SER SOMETIDOS A MEZCLA, ADECUACIONES Y AJUSTE DE CONCENTRACIONES CORRESPONDEN A FORMAS FARMACEUTICAS SOLIDAS Y LIQUIDAS. LA PRESENTACION FINAL ES EN BOLSAS, INFUSORES O JERINGAS.
4. LOS PRODUCTOS ELABORADOS SOLO PUEDEN SER COMERCIALIZADOS A TRAVES DE CONVENIOS O CONTRATOS ESTABLECIDOS CON OTROS ESTABLECIMIENTOS FARMACEUTICOS AUTORIZADOS O SERVICIOS FARMACEUTICOS HABILITADOS DE INSTITUCIONES PRESTADORAS DE SERVICIOS DE SALUD.
5. EL ANTERIOR CONCEPTO TECNICO, AUTORIZA UNICAMENTE LA FABRICACION Y EL ACONDICIONAMIENTO SECUNDARIO DE LOS PRODUCTOS CON LOS PRINCIPIOS ACTIVOS Y LAS FORMAS FARMACEUTICAS DESCRITAS QUE NO REQUIEREN CADENA DE FRIO
6. CUALQUIER MODIFICACION QUE SE HAGA EN LAS CONDICIONES EVALUADAS Y CERTIFICADAS DURANTE LA PRESENTE AUDITORIA, RESPECTO A EQUIPOS, AREAS, PROCESOS PRODUCTIVOS, PERSONAL TECNICO PRINCIPAL O DE LAS EMPRESAS CON LAS QUE SE CONTRATO LA REALIZACION DE ACTIVIDADES CRITICAS DE PRODUCCION Y CONTROL DE CALIDAD, DEBERAN SER NOTIFICADAS AL INVIMA CON EL FIN DE QUE ESTE EVALUE Y VERIFIQUE SI SE REQUIERE UNA VISITA DE AMPLIACION O VERIFICACION DEL CONCEPTO TECNICO EMITIDO, DE ACUERDO CON LAS DISPOSICIONES DE LA NORMATIVIDAD SANITARIA CORRESPONDIENTE, SO PENA  DE LAS ACCIONES A QUE HAYA LUGAR.",2021-01-20T00:00:00.000,2026-02-16T00:00:00.000
2189S,TRAINNING AND BP S.A.S,BARRANQUILLA,ATLANTICO,CARRERA 44 B No. 70-81,Cumple,"CUMPLE CON LAS BUENAS PRÁCTICAS DE ELABORACIÓN PARA LOS SIGUIENTES PROCESOS Y/O ACTIVIDADES:

1. ESTERILES
1.1. ADECUACION Y AJUSTE DE CONCENTRACIONES DE DOSIS DE MEDICAMENTOS NO ONCOLÓGICOS:
1.1.1. LIQUIDOS
1.2. PREPARACION DE NUTRICIONES PARENTERALES:
1.2.1. LIQUIDOS

2. NO ESTERILES
2.1. REEMPAQUE DE MEDICAMENTOS
2.1.1. SOLIDOS
2.2. REENVASE  DE MEDICAMENTO
2.2.1. LIQUIDOS 
2.2.2. SOLIDOS

NOTAS ACLARATORIAS:
1. LA ADECUACIÓN Y AJUSTE DE CONCENTRACIONES DE MEDICAMENTOS NO ONCOLÓGICOS Y NUTRICIONES PARENTERALES ES REALIZADA EN ÁREAS INDEPENDIENTES Y EXCLUSIVAS.
2. LOS MEDICAMENTOS DE PARTIDA QUE VAN A SER SOMETIDOS A MEZCLA, ADECUACIONES Y AJUSTE DE CONCENTRACIONES CORRESPONDEN A FORMAS FARMACÉUTICAS SÓLIDAS Y LÍQUIDAS. LA PRESENTACIÓN FINAL ES EN BOLSAS, JERINGAS E INFUSORES.
3. LA PRESENTACIÓN FINAL DE LAS NUTRICIONES PARENTERALES ES EN BOLSAS.
4. LOS MEDICAMENTOS DE PARTIDA QUE VAN A SER SOMETIDOS A REENVASE DE NO ESTÉRILES CORRESPONDEN A FORMAS FARMACÉUTICAS SÓLIDAS Y LÍQUIDAS. LA PRESENTACIÓN FINAL ES EN BOLSAS PLÁSTICAS, JERINGAS Y ENVASES PLÁSTICOS.
5. LOS PRODUCTOS ELABORADOS SÓLO PUEDEN SER COMERCIALIZADOS A TRAVÉS DE CONVENIOS O CONTRATOS ESTABLECIDOS CON OTROS ESTABLECIMIENTOS FARMACÉUTICOS AUTORIZADOS O SERVICIOS FARMACÉUTICOS HABILITADOS DE INSTITUCIONES PRESTADORAS DE SERVICIOS DE SALUD.
6. EL ANTERIOR CONCEPTO TÉCNICO AUTORIZA ÚNICAMENTE LOS PROCESOS Y LAS FORMAS FARMACÉUTICAS ANTERIORMENTE DESCRITAS, PARA MEDICAMENTOS QUE REQUIEREN Y NO REQUIEREN CADENA DE FRÍO CON EL FIN DE CUMPLIR CON LAS DOSIS PRESCRITAS. SE REFIERE A QUE DICHOS PROCESOS DEBEN CIRCUNSCRIBIRSE AL SISTEMA DE DISTRIBUCIÓN DE MEDICAMENTOS EN DOSIS UNITARIA.
7. CUALQUIER MODIFICACIÓN QUE SE HAGA EN LAS CONDICIONES EVALUADAS Y CERTIFICADAS DURANTE LA PRESENTE AUDITORIA, RESPECTO A EQUIPOS, ÁREAS, PROCESOS PRODUCTIVOS, PERSONAL TÉCNICO PRINCIPAL O DE LAS EMPRESAS CON LAS QUE SE CONTRATÓ LA REALIZACIÓN DE ACTIVIDADES CRÍTICAS DE PRODUCCIÓN Y CONTROL DE CALIDAD, DEBERÁN SER NOTIFICADAS AL INVIMA CON EL FIN DE QUE ÉSTE EVALÚE Y VERIFIQUE SI SE REQUIERE UNA VISITA DE AMPLIACIÓN O VERIFICACIÓN DEL CONCEPTO TÉCNICO EMITIDO, DE ACUERDO CON LAS DISPOSICIONES DE LA NORMATIVIDAD SANITARIA CORRESPONDIENTE, SO PENA  DE LAS ACCIONES A QUE HAYA LUGAR.",2021-11-05T00:00:00.000,2026-12-03T00:00:00.000
2192S,FAGRON COLOMBIA S.A.S,CHIA,CUNDINAMARCA,"PARQUE INDUSTRIAL K2 P.H. CARRERA 1A Nro. 4–02, BODEGA 15",Cumple,"CUMPLE CON LAS BUENAS PRACTICAS DE ELABORACION, PARA LOS SIGUIENTES PROCESOS Y/O ACTIVIDADES:

1. NO ESTERILES
1.1. ELABORACION DE PREPARACIONES MAGISTRALES
1.1.1. LÍQUIDOS: SOLUCIONES, SUSPENSIONES Y EMULSIONES
1.1.2. SOLIDOS: CAPSULAS DURAS DE GELATINA Y POLVOS.
1.1.3. SEMISÓLIDOS: GELES, CREMAS Y UNGUENTOS.

NOTAS ACLARATORIAS:
1. PREPARACION MAGISTRAL: ES EL PREPARADO O PRODUCTO FARMACEUTICO PARA ATENDER UNA PRESCRIPCION MEDICA, DE UN PACIENTE INDIVIDUAL, QUE REQUIERE DE ALGUN TIPO DE INTERVENCION TECNICA DE VARIADA COMPLEJIDAD.
2. LAS FORMULAS MAGISTRALES ELABORADAS SOLO PUEDEN SER COMERCIALIZADOS A TRAVES DE CONVENIOS O CONTRATOS ESTABLECIDOS CON OTROS ESTABLECIMIENTOS FARMACEUTICOS AUTORIZADOS O SERVICIOS FARMACEUTICOS HABILITADOS DE INSTITUCIONES PRESTADORAS DE SALUD. 
3. EL ANTERIOR CONCEPTO TECNICO AUTORIZA UNICAMENTE LOS PROCESOS Y LAS FORMAS FARMACEUTICAS ANTERIORMENTE DESCRITAS, PARA MEDICAMENTOS QUE REQUIEREN O NO REQUIEREN CADENA DE FRIO CON EL FIN DE CUMPLIR CON LAS DOSIS PRESCRITAS. SE REFIERE A QUE DICHOS PROCESOS DEBEN CIRCUNSCRIBIRSE AL SISTEMA DE DISTRIBUCION DE MEDICAMENTOS EN DOSIS UNITARIA.
4. CUALQUIER MODIFICACION QUE SE EFECTUE EN LAS CONDICIONES EVALUADAS Y CERTIFICADAS DURANTE LA PRESENTE AUDITORIA RESPECTO A EQUIPOS, AREAS, PROCESOS PRODUCTIVOS, PERSONAL TECNICO PRINCIPAL O DE LAS EMPRESAS QUE SE CONTRATO LA REALIZACION DE LAS ACTIVIDADES CRITICAS DE CONTROL DE CALIDAD Y PRODUCCION, DEBERAN SER NOTIFICADAS AL INVIMA CON EL FIN DE QUE SE EVALUE Y VERIFIQUE SI SE REQUIERE UNA VISITA DE AMPLIACION O VERIFICACION DEL CONCEPTO TECNICO EMITIDO, DE ACUERDO CON LAS DISPOSICIONES DE LA NORMATIVIDAD SANITARIA CORRESPONDIENTE, SO PENA DE LAS ACCIONES A QUE HAYA LUGAR.”",2022-03-03T00:00:00.000,2027-03-17T00:00:00.000
2194S,CLINICA SAN JUAN DE DIOS  - LA CEJA,LA CEJA,ANTIOQUIA,"AVENIDA SAN JUAN DE DIOS, KM. 0.8 VÍA PONTEZUELA",PENDIENTE INSPECCION,"CUMPLE CON LAS BUENAS PRÁCTICAS DE ELABORACION PARA LOS SIGUIENTES PROCESOS Y/O ACTIVIDADES:

1. NO ESTERILES
1.1 REEMPAQUE DE MEDICAMENTOS
1.1.1. SOLIDOS

NOTAS ACLARATORIAS:

1. REEMPAQUE: ES EL PROCEDIMIENTO TÉCNICO QUE TIENE POR OBJETO PASAR DE UN EMPAQUE MAYOR A OTRO MENOR DEBIDAMENTE IDENTIFICADO EN SU ETIQUETA, QUE CONTIENE LA DOSIS UNITARIA DE UN MEDICAMENTO PRESCRITO POR UN FACULTATIVO, PARA SER ADMINISTRADO A UN PACIENTE AMBULATORIO U HOSPITALIZADO. 
2. EL ANTERIOR CONCEPTO TÉCNICO AUTORIZA ÚNICAMENTE LOS PROCESOS Y LAS FORMAS FARMACÉUTICAS ANTERIORMENTE DESCRITAS, PARA MEDICAMENTOS QUE NO REQUIEREN CADENA DE FRÍO CON EL FIN DE CUMPLIR CON LAS DOSIS PRESCRITAS. SE REFIERE A QUE DICHOS PROCESOS DEBEN CIRCUNSCRIBIRSE AL SISTEMA DE DISTRIBUCIÓN DE MEDICAMENTOS EN DOSIS UNITARIA.
3. LOS PRODUCTOS ELABORADOS SÓLO PUEDEN SER COMERCIALIZADOS A TRAVÉS DE CONVENIOS O CONTRATOS ESTABLECIDOS CON OTROS ESTABLECIMIENTOS FARMACÉUTICOS AUTORIZADOS O SERVICIOS FARMACÉUTICOS HABILITADOS DE INSTITUCIONES PRESTADORAS DE SERVICIOS DE SALUD.
4. CUALQUIER MODIFICACIÓN QUE SE HAGA EN LAS CONDICIONES EVALUADAS Y CERTIFICADAS DURANTE LA PRESENTE AUDITORIA, RESPECTO A EQUIPOS, ÁREAS, PROCESOS PRODUCTIVOS, PERSONAL TÉCNICO PRINCIPAL O DE LAS EMPRESAS CON LAS QUE SE CONTRATÓ LA REALIZACIÓN DE ACTIVIDADES CRÍTICAS DE PRODUCCIÓN Y CONTROL DE CALIDAD, DEBERÁN SER NOTIFICADAS AL INVIMA CON EL FIN DE QUE ÉSTE EVALÚE Y VERIFIQUE SI SE REQUIERE UNA VISITA DE AMPLIACIÓN O VERIFICACIÓN DEL CONCEPTO TÉCNICO EMITIDO, DE ACUERDO CON LAS DISPOSICIONES DE LA NORMATIVIDAD SANITARIA CORRESPONDIENTE, SO PENA  DE LAS ACCIONES A QUE HAYA LUGAR.",2021-03-12T00:00:00.000,2026-04-15T00:00:00.000
2198S,NATURA-LES S.A.S.,CHINCHINA,CALDAS,"Manzana H Casa 8 Ciudadela del Valle, Barrio: Ciudadela del Barrio",Cumple,"CUMPLE CON LAS BUENAS PRACTICAS DE ELABORACION PARA LOS SIGUIENTES PROCESOS Y/O ACTIVIDADES:

1. NO ESTERILES
1.1. PREPARACIONES MAGISTRALES (DERIVADOS DE CANNABIS)
1.1.1. LIQUIDOS: SOLUCIONES ORALES

NOTAS ACLARATORIAS:
1. PREPARACION MAGISTRAL: ES EL PREPARADO O PRODUCTO FARMACEUTICO PARA ATENDER UNA PRESCRIPCION MEDICA, DE UN PACIENTE INDIVIDUAL, QUE REQUIERE DE ALGUN TIPO DE INTERVENCION TECNICA DE VARIADA COMPLEJIDAD.
2. LOS PRODUCTOS ELABORADOS SOLO PUEDEN SER COMERCIALIZADOS A TRAVES DE CONVENIOS O CONTRATOS ESTABLECIDOS CON OTROS ESTABLECIMIENTOS FARMACEUTICOS AUTORIZADOS O SERVICIOS FARMACEUTICOS HABILITADOS DE INSTITUCIONES PRESTADORAS DE SERVICIOS DE SALUD.
3. SI SE CAMBIA EL PROVEEDOR DE EXTRACTOS DE CANNABIS SE DEBE INFORMAR AL INVIMA JUNTO CON LAS LICENCIAS DE AUTORIZACION PARA QUE SE VERIFIQUE SI REQUIERE O NO VISITA DE AMPLIACION.
4. EL ANTERIOR CONCEPTO TECNICO, AUTORIZA UNICAMENTE LOS PROCESOS Y LAS FORMAS FARMACEUTICAS ANTERIORMENTE DESCRITAS.
5. TODO CAMBIO CRITICO QUE SE HAGA Y AFECTE LAS CONDICIONES EVALUADAS Y CERTIFICADAS DURANTE LA PRESENTE AUDITORIA, RESPECTO A EQUIPOS, AREAS, PROCESOS PRODUCTIVOS, PERSONAL TECNICO PRINCIPAL (DIRECTOR TECNICO) O DE LAS EMPRESAS CON LAS QUE SE CONTRATO LA REALIZACION DE ACTIVIDADES DE PRODUCCION Y CONTROL DE CALIDAD, DEBERAN SER NOTIFICADOS AL INVIMA CON EL FIN DE QUE ESTE EVALUE Y VERIFIQUE SI SE REQUIERE UNA VISITA DE AMPLIACION O VERIFICACION DEL CONCEPTO TECNICO EMITIDO, DE ACUERDO CON LAS DISPOSICIONES DE LA NORMATIVIDAD SANITARIA CORRESPONDIENTE, SO PENA DE LAS ACCIONES A QUE HAYA LUGAR.",2026-01-14T00:00:00.000,2031-02-12T00:00:00.000
2199S,LABORATORIOS HUDEN S.A.S.,BOGOTA,BOGOTA D.C.,Calle 79 No. 68G-10,Pendiente Inspeccion,"CUMPLE CON LAS BUENAS PRACTICAS DE ELABORACION PARA LOS SIGUIENTES PROCESOS Y/O ACTIVIDADES:

1. NO ESTERILES
1.1. PREPARACION DE MAGISTRALES
1.1.1. LIQUIDOS: SOLUCIONES, EMULSIONES Y SUSPENSIONES.
1.1.2. SEMISOLIDOS: CREMAS, UNGUENTOS Y GELES.

NOTAS ACLARATORIAS:
1. PREPARACION MAGISTRAL: ES EL PREPARADO O PRODUCTO FARMACEUTICO PARA ATENDER UNA PRESCRIPCION MEDICA, DE UN PACIENTE INDIVIDUAL, QUE REQUIERE DE ALGUN TIPO DE INTERVENCION TECNICA DE VARIADA COMPLEJIDAD.
2. EL ANTERIOR CONCEPTO TECNICO AUTORIZA UNICAMENTE LOS PROCESOS O ACTIVIDADES Y LAS FORMAS FARMACEUTICAS ANTERIORMENTE DESCRITAS QUE REQUIEREN Y NO REQUIEREN CADENA DE FRIO.
3. LOS PRODUCTOS ELABORADOS SOLO PUEDEN SER COMERCIALIZADOS A TRAVES DE CONVENIOS O CONTRATOS ESTABLECIDOS CON OTROS ESTABLECIMIENTOS FARMACEUTICOS AUTORIZADOS O SERVICIOS FARMACEUTICOS HABILITADOS DE INSTITUCIONES PRESTADORAS DE SERVICIOS DE SALUD. (PARA ENTIDADES QUE PRESTEN SERVICIOS)
4. CUALQUIER MODIFICACION QUE SE EFECTUE EN LAS CONDICIONES EVALUADAS Y CERTIFICADAS DURANTE LA PRESENTE AUDITORIA RESPECTO A EQUIPOS, AREAS, PROCESOS PRODUCTIVOS, PERSONAL TECNICO PRINCIPAL O DE LAS EMPRESAS QUE SE CONTRATO LA REALIZACION DE LAS ACTIVIDADES CRITICAS DE CONTROL DE CALIDAD Y PRODUCCION, DEBERAN SER NOTIFICADAS AL INVIMA CON EL FIN DE QUE SE EVALUE Y VERIFIQUE SI SE REQUIERE UNA VISITA DE AMPLIACION O VERIFICACION DEL CONCEPTO TECNICO EMITIDO.",2020-12-01T00:00:00.000,2025-12-31T00:00:00.000
2201S,HEMATO ONCOLOGOS S.A. (SEDE TULUA),TULUA,VALLE DEL CAUCA,CARRERA 36 No. 25-31,Cumple,"CUMPLE CON LAS BUENAS PRÁCTICAS DE ELABORACION, PARA LOS SIGUIENTES PROCESOS Y/O ACTIVIDADES: 

1. ESTÉRILES:
1.1. ADECUACIÓN Y AJUSTE DE CONCENTRACIONES DE DOSIS DE MEDICAMENTOS ONCOLÓGICOS: LÍQUIDOS
1.2. ADECUACIÓN Y AJUSTE DE CONCENTRACIONES DE DOSIS DE MEDICAMENTOS NO ONCOLÓGICOS:  LÍQUIDOS
1.3. PREPARACIÓN DE NUTRICIONES PARENTERALES: LÍQUIDOS

2. NO ESTÉRILES:
2.1. REEMPAQUE DE MEDICAMENTOS: SÓLIDOS
2.2. REENVASE DE MEDICAMENTOS: LÍQUIDOS Y SÓLIDOS
2.3. PREPARACIONES MAGISTRALES: LÍQUIDOS

NOTAS ACLARATORIAS:
1. PREPARACIÓN MAGISTRAL: ES EL PREPARADO O PRODUCTO FARMACÉUTICO PARA ATENDER UNA PRESCRIPCIÓN MÉDICA, DE UN PACIENTE INDIVIDUAL, QUE REQUIERE DE ALGÚN TIPO DE INTERVENCIÓN TÉCNICA DE VARIADA COMPLEJIDAD.
2. LA ADECUACIÓN Y AJUSTE DE CONCENTRACIONES DE MEDICAMENTOS ONCOLÓGICOS ES REALIZADA EN ÁREAS INDEPENDIENTES Y EXCLUSIVAS.
3. LA ADECUACIÓN Y AJUSTE DE CONCENTRACIONES DE MEDICAMENTOS NO ONCOLÓGICOS Y NUTRICIONES PARENTERALES ES REALIZADA EN ÁREAS INDEPENDIENTES Y EXCLUSIVAS.
4. LOS MEDICAMENTOS DE PARTIDA QUE VAN A SER SOMETIDOS A MEZCLA, ADECUACIONES Y AJUSTE DE CONCENTRACIONES CORRESPONDEN A FORMAS FARMACÉUTICAS SÓLIDAS Y LÍQUIDAS. LA PRESENTACIÓN FINAL ES EN BOLSAS, JERINGAS E INFUSORES.
5. LA PRESENTACIÓN FINAL DE LAS NUTRICIONES PARENTERALES ES EN BOLSAS.
6. LOS MEDICAMENTOS DE PARTIDA QUE VAN A SER SOMETIDOS A REENVASE DE NO ESTÉRILES CORRESPONDEN A FORMAS FARMACÉUTICAS SÓLIDAS Y LÍQUIDAS. LA PRESENTACIÓN FINAL ES EN BOLSAS PLÁSTICAS, JERINGAS Y ENVASES PLÁSTICOS.
7. LOS PRODUCTOS ELABORADOS SÓLO PUEDEN SER COMERCIALIZADOS A TRAVÉS DE CONVENIOS O CONTRATOS ESTABLECIDOS CON OTROS ESTABLECIMIENTOS FARMACÉUTICOS AUTORIZADOS O SERVICIOS FARMACÉUTICOS HABILITADOS DE INSTITUCIONES PRESTADORAS DE SERVICIOS DE SALUD.
8. EL ANTERIOR CONCEPTO TÉCNICO AUTORIZA ÚNICAMENTE LOS PROCESOS Y LAS FORMAS FARMACÉUTICAS ANTERIORMENTE DESCRITAS, PARA MEDICAMENTOS QUE REQUIEREN Y NO REQUIEREN CADENA DE FRÍO CON EL FIN DE CUMPLIR CON LAS DOSIS PRESCRITAS. SE REFIERE A QUE DICHOS PROCESOS DEBEN CIRCUNSCRIBIRSE AL SISTEMA DE DISTRIBUCIÓN DE MEDICAMENTOS EN DOSIS UNITARIA.
9. CUALQUIER MODIFICACIÓN QUE SE HAGA EN LAS CONDICIONES EVALUADAS Y CERTIFICADAS DURANTE LA PRESENTE AUDITORIA, RESPECTO A EQUIPOS, ÁREAS, PROCESOS PRODUCTIVOS, PERSONAL TÉCNICO PRINCIPAL O DE LAS EMPRESAS CON LAS QUE SE CONTRATÓ LA REALIZACIÓN DE ACTIVIDADES CRÍTICAS DE PRODUCCIÓN Y CONTROL DE CALIDAD, DEBERÁN SER NOTIFICADAS AL INVIMA CON EL FIN DE QUE ÉSTE EVALÚE Y VERIFIQUE SI SE REQUIERE UNA VISITA DE AMPLIACIÓN O VERIFICACIÓN DEL CONCEPTO TÉCNICO EMITIDO, DE ACUERDO CON LAS DISPOSICIONES DE LA NORMATIVIDAD SANITARIA CORRESPONDIENTE, SO PENA  DE LAS ACCIONES A QUE HAYA LUGAR.",2021-10-25T00:00:00.000,2026-11-29T00:00:00.000
2203,CANNABIAN PHARMA S.A.S.,SANTANDER DE QUILICHAO,CAUCA,"LOTE 32 I ETAPA PARQUE INDUSTRIAL CAUCADESA, VEREDA LA ARROBLEDA",Cumple,"CUMPLE CON LAS BUENAS PRACTICAS DE ELABORACION, PARA LOS SIGUIENTES PROCESOS Y/O ACTIVIDADES:

1. NO ESTERILES
1.1. PREPARACIONES MAGISTRALES: (DERIVADOS DE CANNABIS)
1.1.1. LIQUIDOS: SOLUCIONES ORALES

NOTAS ACLARATORIAS:
1. PREPARACION MAGISTRAL: ES EL PREPARADO O PRODUCTO FARMACEUTICO PARA ATENDER UNA PRESCRIPCION MEDICA, DE UN PACIENTE INDIVIDUAL, QUE REQUIERE DE ALGUN TIPO DE INTERVENCION TECNICA DE VARIADA COMPLEJIDAD.
2. CUALQUIER MODIFICACION QUE SE HAGA EN LAS CONDICIONES EVALUADAS Y CERTIFICADAS DURANTE LA PRESENTE AUDITORIA, RESPECTO A EQUIPOS, AREAS, PROCESOS PRODUCTIVOS, PROVEEDORES DE EXTRACTOS DE CANNABIS, PERSONAL TECNICO PRINCIPAL O DE LAS EMPRESAS CON LAS QUE SE CONTRATO LA REALIZACION DE ACTIVIDADES CRITICAS DE PRODUCCION Y CONTROL DE CALIDAD, DEBERAN SER NOTIFICADAS AL INVIMA CON EL FIN DE QUE ESTE EVALUE Y VERIFIQUE SI SE REQUIERE UNA VISITA DE AMPLIACION O VERIFICACION DEL CONCEPTO TECNICO EMITIDO, DE ACUERDO CON LAS DISPOSICIONES DE LA NORMATIVIDAD SANITARIA CORRESPONDIENTE, SO PENA DE LAS ACCIONES A QUE HAYA LUGAR.
3. SI SE CAMBIA EL PROVEEDOR DE EXTRACTOS DE CANNABIS SE DEBE INFORMAR AL INVIMA JUNTO CON LAS LICENCIAS DE AUTORIZACION PARA QUE SE VERIFIQUE SI REQUIERE O NO VISITA DE AMPLIACION.",2021-12-27T00:00:00.000,2027-01-24T00:00:00.000
2208S,"FUNDACION LABORATORIO DE FARMACOLOGIA VEGETAL “LABFARVE""",BOGOTA,BOGOTA D.C.,"Avenida Corpas Km. 3 Suba, Carrera 111  Nro. 157-45",Pendiente Inspección,"CUMPLE CON LAS BUENAS PRACTICAS DE ELABORACION, PARA LOS SIGUIENTES PROCESOS Y/O ACTIVIDADES:
1. NO ESTERILES
1.1. PREPARACIONES MAGISTRALES (DERIVADOS DE CANNABIS) 
1.1.1. LIQUIDOS: SOLUCIONES OLEOSAS
1.1.2. SEMISOLIDOS: UNGUENTOS

NOTAS ACLARATORIAS:
1. PREPARACIÓN MAGISTRAL: ES EL PREPARADO O PRODUCTO FARMACÉUTICO PARA ATENDER UNA PRESCRIPCIÓN MÉDICA, DE UN PACIENTE INDIVIDUAL, QUE REQUIERE DE ALGÚN TIPO DE INTERVENCIÓN TÉCNICA DE VARIADA COMPLEJIDAD.
2. LOS PRODUCTOS ELABORADOS SÓLO PUEDEN SER COMERCIALIZADOS A TRAVÉS DE CONVENIOS O CONTRATOS ESTABLECIDOS CON OTROS ESTABLECIMIENTOS FARMACÉUTICOS AUTORIZADOS O SERVICIOS FARMACÉUTICOS HABILITADOS DE INSTITUCIONES PRESTADORAS DE SERVICIOS DE SALUD.
3. EL ANTERIOR CONCEPTO TÉCNICO AUTORIZA ÚNICAMENTE LOS PROCESOS Y LAS FORMAS FARMACÉUTICAS ANTERIORMENTE DESCRITAS, PARA MEDICAMENTOS QUE REQUIEREN Y NO REQUIEREN CADENA DE FRÍO CON EL FIN DE CUMPLIR CON LAS DOSIS PRESCRITAS. SE REFIERE A QUE DICHOS PROCESOS DEBEN CIRCUNSCRIBIRSE AL SISTEMA DE DISTRIBUCIÓN DE MEDICAMENTOS EN DOSIS UNITARIA.
4. CUALQUIER MODIFICACIÓN QUE SE HAGA EN LAS CONDICIONES EVALUADAS Y CERTIFICADAS DURANTE LA PRESENTE AUDITORIA, RESPECTO A EQUIPOS, ÁREAS, PROCESOS PRODUCTIVOS, PROVEEDORES DE EXTRACTOS DE CANNABIS, PERSONAL TÉCNICO PRINCIPAL O DE LAS EMPRESAS CON LAS QUE SE CONTRATÓ LA REALIZACIÓN DE ACTIVIDADES CRÍTICAS DE PRODUCCIÓN Y CONTROL DE CALIDAD, DEBERÁN SER NOTIFICADAS AL INVIMA CON EL FIN DE QUE ÉSTE EVALÚE Y VERIFIQUE SI SE REQUIERE UNA VISITA DE AMPLIACIÓN O VERIFICACIÓN DEL CONCEPTO TÉCNICO EMITIDO, DE ACUERDO CON LAS DISPOSICIONES DE LA NORMATIVIDAD SANITARIA CORRESPONDIENTE, SO PENA  DE LAS ACCIONES A QUE HAYA LUGAR.",2021-04-20T00:00:00.000,2026-05-19T00:00:00.000
1640S,HOSPITAL MILITAR CENTRAL,BOGOTA,BOGOTA D.C.,Transversal 3C N° 49 -02,Pendiente Inspeccion,"CUMPLE CON LAS BUENAS PRACTICAS DE ELABORACION PARA LOS  SIGUIENTES PROCESOS Y/O ACTIVIDADES:

1. ESTÉRILES
1.1. NUTRICIONES PARENTERALES: 
1.1.1. LÍQUIDOS.
1.2. ADECUACIÓN Y AJUSTE DE CONCENTRACIONES DE DOSIS DE MEDICAMENTOS NO ONCOLÓGICOS
1.2.1.  LÍQUIDOS
1.3. AADECUACIÓN Y AJUSTE DE CONCENTRACIONES DE DOSIS DE MEDICAMENTOS ONCOLÓGICOS:
1.3.1. LÍQUIDOS 

2. NO ESTERILES
2.1. RE-EMPAQUE: 
2.1.1. SÓLIDOS.
2.2. ELABORACIÓN DE PREPARACIONES MAGISTRALES
2.2.1. LIQUIDOS: SOLUCIONES Y SUSPENSIONES. 
2.2.2. SEMISOLIDOS: CREMAS, GELES Y UNGUENTOS
2.3. RE ENVASE DE MEDICAMENTOS:
2.3.1. LIQUIDOS
2.3.2. SÓLIDOS.

NOTAS ACLARATORIAS:

1. PREPARACIÓN MAGISTRAL: ES EL PREPARADO O PRODUCTO FARMACÉUTICO PARA ATENDER UNA PRESCRIPCIÓN MÉDICA, DE UN PACIENTE INDIVIDUAL, QUE REQUIERE DE ALGÚN TIPO DE INTERVENCIÓN TÉCNICA DE VARIADA COMPLEJIDAD.
2. LA ADECUACIÓN Y AJUSTE DE CONCENTRACIONES DE MEDICAMENTOS ONCOLÓGICOS, ANTIBIÓTICOS Y NUTRICIONES PARENTERALES ES REALIZADA EN ÁREAS INDEPENDIENTES Y EXCLUSIVAS DOTADAS DE AISLADORES.
3. LOS MEDICAMENTOS DE PARTIDA QUE VAN A SER SOMETIDOS A MEZCLA, ADECUACIONES Y AJUSTE DE CONCENTRACIONES DE DOSIS CORRESPONDEN A FORMAS FARMACÉUTICAS SÓLIDAS Y LÍQUIDAS. LA PRESENTACIÓN FINAL DE PRODUCTOS ESTÉRILES ES EN BOLSAS, JERINGAS O INFUSORES.
4. EL ANTERIOR CONCEPTO TÉCNICO AUTORIZA ÚNICAMENTE LOS PROCESOS Y LAS FORMAS FARMACÉUTICAS ANTERIORMENTE DESCRITAS, PARA MEDICAMENTOS QUE REQUIEREN Y NO REQUIEREN CADENA DE FRÍO CON EL FIN DE CUMPLIR CON LAS DOSIS PRESCRITAS. SE REFIERE A QUE DICHOS PROCESOS DEBEN CIRCUNSCRIBIRSE AL SISTEMA DE DISTRIBUCIÓN DE MEDICAMENTOS EN DOSIS UNITARIA.
5. CUALQUIER MODIFICACIÓN QUE SE HAGA EN LAS CONDICIONES EVALUADAS Y CERTIFICADAS DURANTE LA PRESENTE AUDITORIA, RESPECTO A EQUIPOS, ÁREAS, PROCESOS PRODUCTIVOS,  PERSONAL TÉCNICO PRINCIPAL O DE LAS EMPRESAS CON LAS QUE SE CONTRATÓ LA REALIZACIÓN DE ACTIVIDADES CRÍTICAS DE PRODUCCIÓN Y CONTROL DE CALIDAD, DEBERÁN SER NOTIFICADAS AL INVIMA CON EL FIN DE QUE ÉSTE EVALÚE Y VERIFIQUE SI SE REQUIERE UNA VISITA DE AMPLIACIÓN O VERIFICACIÓN DEL CONCEPTO TÉCNICO EMITIDO, DE ACUERDO CON LAS DISPOSICIONES DE LA NORMATIVIDAD SANITARIA CORRESPONDIENTE, SO PENA  DE LAS ACCIONES A QUE HAYA LUGAR.",2020-11-13T00:00:00.000,2025-12-22T00:00:00.000
2215S,BIOHEALTHY S.A.S.,BOGOTA,BOGOTA D.C.,Carrera 15 No. 33A - 58 Teusaquillo,Cumple,"CUMPLE CON LAS BUENAS PRACTICAS DE ELABORACION, PARA EL SIGUIENTE PROCESO Y/O ACTIVIDAD: 
1. NO ESTERILES
1.1 PREPARACIONES MAGISTRALES: LIQUIDOS

NOTAS ACLARATORIAS:
1. PREPARACION MAGISTRAL: ES EL PREPARADO O PRODUCTO FARMACEUTICO PARA ATENDER UNA PRESCRIPCIÓN MEDICA, DE UN PACIENTE INDIVIDUAL, QUE REQUIERE DE ALGUN TIPO DE INTERVENCION TECNICA DE VARIADA COMPLEJIDAD.
2. EL ANTERIOR CONCEPTO TECNICO AUTORIZA UNICAMENTE LOS PROCESOS Y LAS FORMAS FARMACEUTICAS ANTERIORMENTE DESCRITAS, PARA PREPARACIONES MAGISTRALES CON EL FIN DE CUMPLIR CON LAS DOSIS PRESCRITAS Y QUE NO REQUIEREN CADENA DE FRIO. 
3. CUALQUIER MODIFICACION QUE SE EFECTUE EN LAS CONDICIONES EVALUADAS Y CERTIFICADAS DURANTE LA PRESENTE AUDITORIA RESPECTO A EQUIPOS, AREAS, PROCESOS PRODUCTIVOS, PERSONAL TECNICO PRINCIPAL O DE LAS EMPRESAS QUE SE CONTRATO LA REALIZACION DE LAS ACTIVIDADES CRITICAS DE CONTROL DE CALIDAD Y PRODUCCION, DEBERAN SER NOTIFICADAS AL INVIMA CON EL FIN DE QUE SE EVALUE Y VERIFIQUE SI SE REQUIERE UNA VISITA DE AMPLIACION O VERIFICACION DEL CONCEPTO TÉCNICO EMITIDO, DE ACUERDO CON LAS DISPOSICIONES DE LA NORMATIVIDAD SANITARIA CORRESPONDIENTE, SO PENA DE LAS ACCIONES A QUE HAYA LUGAR.",2021-08-10T00:00:00.000,2026-09-06T00:00:00.000
2222S,DEMPHARMA S.AS,COTA,CUNDINAMARCA,"PARQUE EMPRESARIAL CIEM OIKOS DE OCCIDENTE, BODEGA E84 AUTOPISTA MEDELLIN KM 2.5 VIA PARCELAS, COTA",Cumple,"CUMPLE CON LAS BUENAS PRÁCTICAS DE ELABORACIÓN PARA LOS SIGUIENTES PROCESOS Y/O ACTIVIDADES:

1. ESTÉRILES:
1.1.  PREPARACIÓN DE FÓRUMLAS MAGISTRALES ESTÉRILES
1.1.1 LÍQUIDOS
2. NO ESTÉRILES:
2.1. PREPARACIÓN DE FÓRUMLAS MAGISTRALES NO ESTÉRILES
2.1.1. LÍQUIDOS
2.1.2. SEMISÓLIDOS

NOTAS ACLARATORIAS:
1.PREPARACIÓN MAGISTRAL: ES EL PREPARADO O PRODUCTO FARMACÉUTICO PARA ATENDER UNA PRESCRIPCIÓN MÉDICA, DE UN PACIENTE INDIVIDUAL, QUE REQUIERE DE ALGÚN TIPO DE INTERVENCIÓN TÉCNICA DE VARIADA COMPLEJIDAD. 
2.LA PREPARACIÓN DE LAS FÓRMULAS MAGISTRALES ESTÉRILES, PARTEN DE MATERIAS PRIMAS ESTÉRILES Y/O DE MEDICAMENTOS ESTÉRILES.
3.EL ANTERIOR CONCEPTO TÉCNICO, AUTORIZA ÚNICAMENTE LOS PROCESOS O ACTIVIDADES Y LAS FORMAS FARMACÉUTICAS ANTERIORMENTE DESCRITAS, PARA MEDICAMENTOS QUE NO REQUIEREN CADENA DE FRIO CON EL FIN DE CUMPLIR CON LAS DOSIS PRESCRITAS. SE REFIERE A QUE DICHOS PROCESOS DEBEN CIRCUNSCRIBIRSE AL SISTEMA DE DISTRIBUCIÓN DE MEDICAMENTOS EN DOSIS UNITARIA.
4.LOS PRODUCTOS ELABORADOS SÓLO PUEDEN SER COMERCIALIZADOS A TRAVÉS DE CONVENIOS O CONTRATOS ESTABLECIDOS CON OTROS ESTABLECIMIENTOS FARMACÉUTICOS AUTORIZADOS O SERVICIOS FARMACÉUTICOS HABILITADOS DE INSTITUCIONES PRESTADORAS DE SERVICIOS DE SALUD.
5.TODO CAMBIO CRÍTICO QUE SE HAGA Y AFECTE LAS CONDICIONES EVALUADAS Y CERTIFICADAS DURANTE LA PRESENTE AUDITORIA, RESPECTO A EQUIPOS, ÁREAS, PROCESOS PRODUCTIVOS, PERSONAL TÉCNICO PRINCIPAL O DE LAS EMPRESAS CON LAS QUE SE CONTRATÓ LA REALIZACIÓN DE ACTIVIDADES DE PRODUCCIÓN Y CONTROL DE CALIDAD, DEBERÁN SER NOTIFICADOS AL INVIMA CON EL FIN DE QUE ÉSTE EVALÚE Y VERIFIQUE SI SE REQUIERE UNA VISITA DE AMPLIACIÓN O VERIFICACIÓN DEL CONCEPTO TÉCNICO EMITIDO, DE ACUERDO CON LAS DISPOSICIONES DE LA NORMATIVIDAD SANITARIA CORRESPONDIENTE, SO PENA  DE LAS ACCIONES A QUE HAYA LUGAR.",2022-10-20T00:00:00.000,2027-11-24T00:00:00.000
2224,CAJA DE COMPENSACIÓN FAMILIAR – CAFAM,FUNZA,CUNDINAMARCA,SIBERIA AUTOPISTA VIA MEDELLIN KM 7.5 PARQUE INDUSTRIAL CELTA TRADE BODEGA 131-16 y 131-18A,Cumple,"CUMPLE CON LAS BUENAS PRÁCTICAS DE ELABORACION PARA LOS SIGUIENTES PROCESOS Y/O ACTIVIDADES: 
1. NO ESTERILES
1.1. REEMPAQUE
1.1.1 SÓLIDOS
NOTAS ACLARATORIAS:
1. REEMPAQUE: ES EL PROCEDIMIENTO TÉCNICO QUE TIENE POR OBJETO PASAR DE UN EMPAQUE MAYOR A OTRO MENOR DEBIDAMENTE IDENTIFICADO EN SU ETIQUETA, QUE CONTIENE LA DOSIS UNITARIA DE UN MEDICAMENTO PRESCRITO POR UN FACULTATIVO, PARA SER ADMINISTRADO A UN PACIENTE AMBULATORIO U HOSPITALIZADO. 
2. EL ANTERIOR CONCEPTO TÉCNICO AUTORIZA ÚNICAMENTE LOS PROCESOS Y LAS FORMAS FARMACÉUTICAS ANTERIORMENTE DESCRITAS, PARA MEDICAMENTOS QUE NO REQUIEREN CADENA DE FRÍO CON EL FIN DE CUMPLIR CON LAS DOSIS PRESCRITAS. SE REFIERE A QUE DICHOS PROCESOS DEBEN CIRCUNSCRIBIRSE AL SISTEMA DE DISTRIBUCIÓN DE MEDICAMENTOS EN DOSIS UNITARIA.
3. LOS PRODUCTOS ELABORADOS SÓLO PUEDEN SER COMERCIALIZADOS A TRAVÉS DE CONVENIOS O CONTRATOS ESTABLECIDOS CON OTROS ESTABLECIMIENTOS FARMACÉUTICOS AUTORIZADOS O SERVICIOS FARMACÉUTICOS HABILITADOS DE INSTITUCIONES PRESTADORAS DE SERVICIOS DE SALUD.
4. CUALQUIER MODIFICACIÓN QUE SE HAGA EN LAS CONDICIONES EVALUADAS Y CERTIFICADAS DURANTE LA PRESENTE AUDITORIA, RESPECTO A EQUIPOS, ÁREAS, PROCESOS PRODUCTIVOS, PERSONAL TÉCNICO PRINCIPAL O DE LAS EMPRESAS CON LAS QUE SE CONTRATÓ LA REALIZACIÓN DE ACTIVIDADES CRÍTICAS DE PRODUCCIÓN Y CONTROL DE CALIDAD, DEBERÁN SER NOTIFICADAS AL INVIMA CON EL FIN DE QUE ÉSTE EVALÚE Y VERIFIQUE SI SE REQUIERE UNA VISITA DE AMPLIACIÓN O VERIFICACIÓN DEL CONCEPTO TÉCNICO EMITIDO, DE ACUERDO CON LAS DISPOSICIONES DE LA NORMATIVIDAD SANITARIA CORRESPONDIENTE, SO PENA  DE LAS ACCIONES A QUE HAYA LUGAR",2021-08-23T00:00:00.000,2026-09-17T00:00:00.000
2233S,MEDICARTE S.A.S-SEDE MEDELLIN,MEDELLIN,ANTIOQUIA,CARRERA 43 A NO. 34-95 LOCAL 1301 CENTRO COMERCIAL ALMACENTRO,Cumple,"CUMPLE CON LAS BUENAS PRACTICAS DE ELABORACION, PARA LOS SIGUIENTES PROCESOS Y/O ACTIVIDADES: 

1. ESTERILES
1.1. ADECUACION Y AJUSTE DE CONCENTRACIONES DE DOSIS DE MEDICAMENTOS NO ONCOLOGICOS
1.1.1. LIQUIDOS

2. NO ESTERILES
2.1.  REEMPAQUE DE MEDICAMENTOS
2.1.1.  SOLIDOS
2.2.  REENVASE DE MEDICAMENTOS
2.2.1. SOLIDOS

NOTAS ACLARATORIAS:
1.PREPARACION MAGISTRAL: ES EL PREPARADO O PRODUCTO FARMACEUTICO PARA ATENDER UNA PRESCRIPCION MEDICA, DE UN PACIENTE INDIVIDUAL, QUE REQUIERE DE ALGUN TIPO DE INTERVENCION TECNICA DE VARIADA COMPLEJIDAD.
2.LA ADECUACION Y AJUSTE DE CONCENTRACIONES DE MEDICAMENTOS NO ONCOLOGICOS ESTERILES ES REALIZADA EN AREAS INDEPENDIENTES Y EXCLUSIVAS.
3.EL ANTERIOR CONCEPTO TECNICO AUTORIZA UNICAMENTE LOS PROCESOS Y LAS FORMAS FARMACEUTICAS ANTERIORMENTE DESCRITAS, PARA MEDICAMENTOS QUE REQUIEREN Y NO REQUIEREN CADENA DE FRIO CON EL FIN DE CUMPLIR CON LAS DOSIS PRESCRITAS. SE REFIERE A QUE DICHOS PROCESOS DEBEN CIRCUNSCRIBIRSE AL SISTEMA DE DISTRIBUCION DE MEDICAMENTOS EN DOSIS UNITARIA.
4.LOS MEDICAMENTOS DE PARTIDA QUE VAN A SER SOMETIDOS A MEZCLA, ADECUACIONES Y AJUSTE DE CONCENTRACIONES CORRESPONDEN A FORMAS FARMACEUTICAS SOLIDAS Y LIQUIDAS. LA PRESENTACION FINAL ES EN BOLSAS, JERINGAS, FRASCOS E INFUSORES.
5.LOS PRODUCTOS ELABORADOS SOLO PUEDEN SER COMERCIALIZADOS A TRAVES DE CONVENIOS O CONTRATOS ESTABLECIDOS CON OTROS ESTABLECIMIENTOS FARMACEUTICOS AUTORIZADOS O SERVICIOS FARMACEUTICOS HABILITADOS DE INSTITUCIONES PRESTADORAS DE SERVICIOS DE SALUD.
6.CUALQUIER MODIFICACION QUE SE HAGA EN LAS CONDICIONES EVALUADAS Y CERTIFICADAS DURANTE LA PRESENTE AUDITORIA, RESPECTO A EQUIPOS, AREAS, PROCESOS PRODUCTIVOS, PERSONAL TECNICO PRINCIPAL O DE LAS EMPRESAS CON LAS QUE SE CONTRATO LA REALIZACION DE ACTIVIDADES CRITICAS DE PRODUCCION Y CONTROL DE CALIDAD, DEBERAN SER NOTIFICADAS AL INVIMA CON EL FIN DE QUE ESTE EVALUE Y VERIFIQUE SI SE REQUIERE UNA VISITA DE AMPLIACION O VERIFICACION DEL CONCEPTO TECNICO EMITIDO, DE ACUERDO CON LAS DISPOSICIONES DE LA NORMATIVIDAD SANITARIA CORRESPONDIENTE, SO PENA DE LAS ACCIONES A QUE HAYA LUGAR.",2021-11-18T00:00:00.000,2026-12-22T00:00:00.000
2172S,CENTRO DE CUIDADOS CARDIONEUROVASCULARES PABON SAS,PASTO,NARIÑO,CARRERA 33 No. 12 A-44 PISO 7,Cumple,"CUMPLE CON LAS BUENAS PRACTICAS DE ELABORACION PARA LOS SIGUIENTES PROCESOS Y/O ACTIVIDADES:
1. ESTÉRILES
1.1. ADECUACIÓN Y AJUSTE DE CONCENTRACIONES DE DOSIS DE MEDICAMENTOS NO ONCOLÓGICOS: LÍQUIDOS
1.2. PREPARACIÓN DE NUTRICIONES PARENTERALES: LÍQUIDOS
2. NO ESTÉRILES 
2.1. REEMPAQUE DE MEDICAMENTOS: SÓLIDOS.
2.2. REENVASE DE MEDICAMENTOS: LÍQUIDOS.
2.3. PREPARACIÓN DE MAGISTRALES: LÍQUIDOS Y SUSPENSIONES

NOTAS ACLARATORIAS:
1. PREPARACIÓN MAGISTRAL: ES EL PREPARADO O PRODUCTO FARMACÉUTICO PARA ATENDER UNA PRESCRIPCIÓN MÉDICA, DE UN PACIENTE INDIVIDUAL, QUE REQUIERE DE ALGÚN TIPO DE INTERVENCIÓN TÉCNICA DE VARIADA COMPLEJIDAD.
2. LA ADECUACIÓN Y AJUSTE DE CONCENTRACIONES DE MEDICAMENTOS NO ONCOLÓGICOS Y NUTRICIONES PARENTERALES ES REALIZADA EN ÁREAS INDEPENDIENTES Y EXCLUSIVAS.
3. EL ANTERIOR CONCEPTO TÉCNICO AUTORIZA ÚNICAMENTE LOS PROCESOS Y LAS FORMAS FARMACÉUTICAS ANTERIORMENTE DESCRITAS, PARA MEDICAMENTOS QUE REQUIEREN Y NO REQUIEREN CADENA DE FRÍO CON EL FIN DE CUMPLIR CON LAS DOSIS PRESCRITAS. SE REFIERE A QUE DICHOS PROCESOS DEBEN CIRCUNSCRIBIRSE AL SISTEMA DE DISTRIBUCIÓN DE MEDICAMENTOS EN DOSIS UNITARIA.
4. LOS MEDICAMENTOS DE PARTIDA QUE VAN A SER SOMETIDOS A MEZCLA, ADECUACIONES Y AJUSTE DE CONCENTRACIONES CORRESPONDEN A FORMAS FARMACÉUTICAS SÓLIDAS Y LÍQUIDAS. LA PRESENTACIÓN FINAL ES EN BOLSAS, MINI BOLSAS, JERINGAS, FRASCOS E INFUSORES.
5. LOS PRODUCTOS ELABORADOS SÓLO PUEDEN SER COMERCIALIZADOS A TRAVÉS DE CONVENIOS O CONTRATOS ESTABLECIDOS CON OTROS ESTABLECIMIENTOS FARMACÉUTICOS AUTORIZADOS O SERVICIOS FARMACÉUTICOS HABILITADOS DE INSTITUCIONES PRESTADORAS DE SERVICIOS DE SALUD.
6. CUALQUIER MODIFICACIÓN QUE SE HAGA EN LAS CONDICIONES EVALUADAS Y CERTIFICADAS DURANTE LA PRESENTE AUDITORIA, RESPECTO A EQUIPOS, ÁREAS, PROCESOS PRODUCTIVOS, PERSONAL TÉCNICO PRINCIPAL O DE LAS EMPRESAS CON LAS QUE SE CONTRATÓ LA REALIZACIÓN DE ACTIVIDADES CRÍTICAS DE PRODUCCIÓN Y CONTROL DE CALIDAD, DEBERÁN SER NOTIFICADAS AL INVIMA CON EL FIN DE QUE ÉSTE EVALÚE Y VERIFIQUE SI SE REQUIERE UNA VISITA DE AMPLIACIÓN O VERIFICACIÓN DEL CONCEPTO TÉCNICO EMITIDO, DE ACUERDO CON LAS DISPOSICIONES DE LA NORMATIVIDAD SANITARIA CORRESPONDIENTE, SO PENA DE LAS ACCIONES A QUE HAYA LUGAR.",2021-10-19T00:00:00.000,2026-11-29T00:00:00.000
2235S,MEDICARTE S.A.S-Sede Bogotá,BOGOTA,BOGOTA D.C.,Calle 83a No. 16 – 44 edificio cima 4 piso de la ciudad de Bogotá D.C.,Cumple,"CUMPLE CON LAS BUENAS PRACTICAS DE ELABORACION, PARA LOS SIGUIENTES PROCESOS Y/O ACTIVIDADES: 

1. ESTERILES
1.1. ADECUACION Y AJUSTE DE CONCENTRACIONES DE DOSIS DE MEDICAMENTOS NO ONCOLOGICOS
1.1.1. LIQUIDOS


NOTAS ACLARATORIAS:
1.PREPARACION MAGISTRAL: ES EL PREPARADO O PRODUCTO FARMACEUTICO PARA ATENDER UNA PRESCRIPCION MEDICA, DE UN PACIENTE INDIVIDUAL, QUE REQUIERE DE ALGUN TIPO DE INTERVENCION TECNICA DE VARIADA COMPLEJIDAD.
2.LA ADECUACION Y AJUSTE DE CONCENTRACIONES DE MEDICAMENTOS NO ONCOLOGICOS ESTERILES ES REALIZADA EN AREAS INDEPENDIENTES Y EXCLUSIVAS.
3.EL ANTERIOR CONCEPTO TECNICO AUTORIZA UNICAMENTE LOS PROCESOS Y LAS FORMAS FARMACEUTICAS ANTERIORMENTE DESCRITAS, PARA MEDICAMENTOS QUE REQUIEREN Y NO REQUIEREN CADENA DE FRIO CON EL FIN DE CUMPLIR CON LAS DOSIS PRESCRITAS. SE REFIERE A QUE DICHOS PROCESOS DEBEN CIRCUNSCRIBIRSE AL SISTEMA DE DISTRIBUCION DE MEDICAMENTOS EN DOSIS UNITARIA.
4.LOS MEDICAMENTOS DE PARTIDA QUE VAN A SER SOMETIDOS A MEZCLA, ADECUACIONES Y AJUSTE DE CONCENTRACIONES CORRESPONDEN A FORMAS FARMACEUTICAS SOLIDAS Y LIQUIDAS. LA PRESENTACION FINAL ES EN BOLSAS, JERINGAS, FRASCOS E INFUSORES.
5.LOS PRODUCTOS ELABORADOS SOLO PUEDEN SER COMERCIALIZADOS A TRAVES DE CONVENIOS O CONTRATOS ESTABLECIDOS CON OTROS ESTABLECIMIENTOS FARMACEUTICOS AUTORIZADOS O SERVICIOS FARMACEUTICOS HABILITADOS DE INSTITUCIONES PRESTADORAS DE SERVICIOS DE SALUD.
6.CUALQUIER MODIFICACION QUE SE HAGA EN LAS CONDICIONES EVALUADAS Y CERTIFICADAS DURANTE LA PRESENTE AUDITORIA, RESPECTO A EQUIPOS, AREAS, PROCESOS PRODUCTIVOS, PERSONAL TECNICO PRINCIPAL O DE LAS EMPRESAS CON LAS QUE SE CONTRATO LA REALIZACION DE ACTIVIDADES CRITICAS DE PRODUCCION Y CONTROL DE CALIDAD, DEBERAN SER NOTIFICADAS AL INVIMA CON EL FIN DE QUE ESTE EVALUE Y VERIFIQUE SI SE REQUIERE UNA VISITA DE AMPLIACION O VERIFICACION DEL CONCEPTO TECNICO EMITIDO, DE ACUERDO CON LAS DISPOSICIONES DE LA NORMATIVIDAD SANITARIA CORRESPONDIENTE, SO PENA DE LAS ACCIONES A QUE HAYA LUGAR.",2021-12-03T00:00:00.000,2027-01-03T00:00:00.000
2237S,LABORATORIOS MEE COSMECEUTICOS S.A.S,BOGOTA,BOGOTA D.C.,CALLE 77 Nro. 68 H-57,Cumple,"CUMPLE CON LAS BUENAS PRÁCTICAS DE ELABORACION PARA LOS SIGUIENTES PROCESOS Y/O ACTIVIDADES:

1. NO ESTERILES
1.1. PREPARACIONES MAGISTRALES DE USO TOPICO 
1.1.2 LIQUIDOS: SOLUCIONES, EMULSIONES Y SUSPENSIONES.
1.1.3 SEMISOLIDOS: CREMAS, GELES Y UNGÜENTOS.

NOTAS ACLARATORIAS:
1. PREPARACIÓN MAGISTRAL: ES EL PREPARADO O PRODUCTO FARMACÉUTICO PARA ATENDER UNA PRESCRIPCIÓN MÉDICA, DE UN PACIENTE INDIVIDUAL, QUE REQUIERE DE ALGÚN TIPO DE INTERVENCIÓN TÉCNICA DE VARIADA COMPLEJIDAD.
2. LOS PRINCIPIOS ACTIVOS DE PARTIDA QUE VAN A SER SOMETIDOS A PREPARACIÓN DE MAGISTRALES NO ESTÉRILES CORRESPONDEN A MATERIAS PRIMAS SÓLIDAS, SEMISÓLIDAS Y LÍQUIDAS.
3. EL ANTERIOR CONCEPTO TÉCNICO AUTORIZA ÚNICAMENTE LOS PROCESOS Y LAS FORMAS FARMACÉUTICAS ANTERIORMENTE DESCRITAS, PARA MEDICAMENTOS QUE NO REQUIEREN CADENA DE FRÍO.
4. CUALQUIER MODIFICACIÓN QUE SE HAGA EN LAS CONDICIONES EVALUADAS Y CERTIFICADAS DURANTE LA PRESENTE AUDITORIA, RESPECTO A EQUIPOS, ÁREAS, PROCESOS PRODUCTIVOS, PERSONAL TÉCNICO PRINCIPAL O DE LAS EMPRESAS CON LAS QUE SE CONTRATÓ LA REALIZACIÓN DE ACTIVIDADES CRÍTICAS DE PRODUCCIÓN Y CONTROL DE CALIDAD, DEBERÁN SER NOTIFICADAS AL INVIMA CON EL FIN DE QUE ÉSTE EVALÚE Y VERIFIQUE SI SE REQUIERE UNA VISITA DE AMPLIACIÓN O VERIFICACIÓN DEL CONCEPTO TÉCNICO EMITIDO, DE ACUERDO CON LAS DISPOSICIONES DE LA NORMATIVIDAD SANITARIA CORRESPONDIENTE, SO PENA  DE LAS ACCIONES A QUE HAYA LUGAR.",2021-10-13T00:00:00.000,2026-11-10T00:00:00.000
2238S,ASISFARMA S.A.S - SEDE BARRANQUILLA,BARRANQUILLA,ATLANTICO,Carrera 47 Nro. 82-52 Barranquilla – Atlántico,Cumple,"CUMPLE CON LAS BUENAS PRACTICAS DE ELABORACION PARA LOS SIGUIENTES PROCESOS Y/O ACTIVIDADES: 

1.ESTERILES
1.1 ADECUACION Y AJUSTE DE CONCENTRACIONES DE DOSIS DE MEDICAMENTOS ONCOLOGICOS
1.1.1. LIQUIDOS 
1.2 ADECUACION Y AJUSTE DE CONCENTRACIONES DE DOSIS DE MEDICAMENTOS NO ONCOLOGICOS
1.2.1. LIQUIDOS 
1.3 PREPARACION DE NUTRICIONES PARENTERALES   
1.3.1. LIQUIDOS  

NOTAS ACLARATORIAS: 
1.PREPARACION MAGISTRAL: ES EL PREPARADO O PRODUCTO FARMACEUTICO PARA ATENDER UNA PRESCRIPCION MEDICA, DE UN PACIENTE INDIVIDUAL, QUE REQUIERE DE ALGUN TIPO DE INTERVENCION TECNICA DE VARIADA COMPLEJIDAD. 
2.LA ADECUACION Y AJUSTE DE CONCENTRACIONES DE MEDICAMENTOS ONCOLOGICOS ES REALIZADA EN AREAS INDEPENDIENTES Y EXCLUSIVAS. 
3.LA ADECUACION Y AJUSTE DE CONCENTRACIONES DE MEDICAMENTOS NO ONCOLOGICOS Y NUTRICIONES PARENTERALES ES REALIZADA EN AREAS INDEPENDIENTES Y EXCLUSIVAS. 
4.LOS MEDICAMENTOS DE PARTIDA QUE VAN A SER SOMETIDOS A MEZCLA, ADECUACIONES Y AJUSTE DE CONCENTRACIONES CORRESPONDEN A FORMAS FARMACEUTICAS SOLIDAS Y LIQUIDAS. LA PRESENTACION FINAL ES EN BOLSAS, JERINGAS, FRASCOS E INFUSORES. 
5.LOS PRODUCTOS ELABORADOS SOLO PUEDEN SER COMERCIALIZADOS A TRAVES DE CONVENIOS O CONTRATOS ESTABLECIDOS CON OTROS ESTABLECIMIENTOS FARMACEUTICOS AUTORIZADOS O SERVICIOS FARMACEUTICOS HABILITADOS DE INSTITUCIONES PRESTADORAS DE SERVICIOS DE SALUD. 
6.EL ANTERIOR CONCEPTO TECNICO AUTORIZA UNICAMENTE LOS PROCESOS Y LAS FORMAS FARMACEUTICAS ANTERIORMENTE DESCRITAS, PARA MEDICAMENTOS QUE REQUIEREN Y NO REQUIEREN CADENA DE FRIO CON EL FIN DE CUMPLIR CON LAS DOSIS PRESCRITAS. SE REFIERE A QUE DICHOS PROCESOS DEBEN CIRCUNSCRIBIRSE AL SISTEMA DE DISTRIBUCION DE MEDICAMENTOS EN DOSIS UNITARIA. 
7.CUALQUIER MODIFICACION QUE SE HAGA EN LAS CONDICIONES EVALUADAS Y CERTIFICADAS DURANTE LA PRESENTE AUDITORIA, RESPECTO A EQUIPOS, AREAS, PROCESOS PRODUCTIVOS, PERSONAL TECNICO PRINCIPAL O DE LAS EMPRESAS CON LAS QUE SE CONTRATO LA REALIZACION DE ACTIVIDADES CRITICAS DE PRODUCCION Y CONTROL DE CALIDAD, DEBERAN SER NOTIFICADAS AL INVIMA CON EL FIN DE QUE ESTE EVALUE Y VERIFIQUE SI SE REQUIERE UNA VISITA DE AMPLIACION O VERIFICACION DEL CONCEPTO TECNICO EMITIDO, DE ACUERDO CON LAS DISPOSICIONES DE LA NORMATIVIDAD SANITARIA CORRESPONDIENTE, SO PENA  DE LAS ACCIONES A QUE HAYA LUGAR.",2022-03-10T00:00:00.000,2027-05-02T00:00:00.000
2240S,UNIDOSSIS S.A.S. – DOSQUEBRADAS,DOSQUEBRADAS,RISARALDA,Carrera 19 No. 17B - 00 Barrio Santa Monica,Cumple,"CUMPLE CON LAS BUENAS PRÁCTICAS DE ELABORACION PARA LOS SIGUIENTES PROCESOS Y/O ACTIVIDADES: 
1. ESTERILES
1.1. ADECUACIÓN Y AJUSTE DE CONCENTRACIONES DE DOSIS DE MEDICAMENTOS ONCOLÓGICOS
1.1.1 LIQUIDOS 
1.2   ADECUACIÓN Y AJUSTE DE CONCENTRACIONES DE DOSIS DE MEDICAMENTOS NO ONCOLÓGICOS
1.2.1     LIQUIDOS
1.3        PREPARACIÓN DE NUTRICIONES PARENTERALES 
1.3.1     LIQUIDOS
2.           NO ESTERILES 
2.1         REEMPAQUE Y REENVASE DE MEDICAMENTOS
2.1.1      SOLIDOS
2.2         REENVASE DE MEDICAMENTOS
2.2.1      LIQUIDOS
2.3          PREPARACIÓN DE MAGISTRALES
2.3.1      LIQUIDOS Y SUSPENSIONES
NOTAS ACLARATORIAS:
1. PREPARACIÓN MAGISTRAL: ES EL PREPARADO O PRODUCTO FARMACÉUTICO PARA ATENDER UNA PRESCRIPCIÓN MÉDICA, DE UN PACIENTE INDIVIDUAL, QUE REQUIERE DE ALGÚN TIPO DE INTERVENCIÓN TÉCNICA DE VARIADA COMPLEJIDAD.
2. LA ADECUACIÓN Y AJUSTE DE CONCENTRACIONES DE MEDICAMENTOS ONCOLÓGICOS ES REALIZADA EN ÁREAS INDEPENDIENTES Y EXCLUSIVAS
3. LA ADECUACIÓN Y AJUSTE DE CONCENTRACIONES DE MEDICAMENTOS NO ONCOLÓGICOS Y NUTRICIONES PARENTERALES ES REALIZADA EN ÁREAS INDEPENDIENTES Y EXCLUSIVAS.
4. EL ANTERIOR CONCEPTO TÉCNICO AUTORIZA ÚNICAMENTE LOS PROCESOS Y LAS FORMAS FARMACÉUTICAS ANTERIORMENTE DESCRITAS, PARA MEDICAMENTOS QUE REQUIEREN Y NO REQUIEREN CADENA DE FRÍO CON EL FIN DE CUMPLIR CON LAS DOSIS PRESCRITAS. SE REFIERE A QUE DICHOS PROCESOS DEBEN CIRCUNSCRIBIRSE AL SISTEMA DE DISTRIBUCIÓN DE MEDICAMENTOS EN DOSIS UNITARIA.
5. LOS MEDICAMENTOS DE PARTIDA QUE VAN A SER SOMETIDOS A MEZCLA, ADECUACIONES Y AJUSTE DE CONCENTRACIONES CORRESPONDEN A FORMAS FARMACÉUTICAS SÓLIDAS Y LÍQUIDAS. LA PRESENTACIÓN FINAL ES EN BOLSAS, MINI BOLSAS, JERINGAS, FRASCOS E INFUSORES.
6. LOS PRODUCTOS ELABORADOS SÓLO PUEDEN SER COMERCIALIZADOS A TRAVÉS DE CONVENIOS O CONTRATOS ESTABLECIDOS CON OTROS ESTABLECIMIENTOS FARMACÉUTICOS AUTORIZADOS O SERVICIOS FARMACÉUTICOS HABILITADOS DE INSTITUCIONES PRESTADORAS DE SERVICIOS DE SALUD.
7. CUALQUIER MODIFICACIÓN QUE SE HAGA EN LAS CONDICIONES EVALUADAS Y CERTIFICADAS DURANTE LA PRESENTE AUDITORIA, RESPECTO A EQUIPOS, ÁREAS, PROCESOS PRODUCTIVOS, PERSONAL TÉCNICO PRINCIPAL O DE LAS EMPRESAS CON LAS QUE SE CONTRATÓ LA REALIZACIÓN DE ACTIVIDADES CRÍTICAS DE PRODUCCIÓN Y CONTROL DE CALIDAD, DEBERÁN SER NOTIFICADAS AL INVIMA CON EL FIN DE QUE ÉSTE EVALÚE Y VERIFIQUE SI SE REQUIERE UNA VISITA DE AMPLIACIÓN O VERIFICACIÓN DEL CONCEPTO TÉCNICO EMITIDO, DE ACUERDO CON LAS DISPOSICIONES DE LA NORMATIVIDAD SANITARIA CORRESPONDIENTE, SO PENA DE LAS ACCIONES A QUE HAYA LUGAR.",2021-09-24T00:00:00.000,2026-11-03T00:00:00.000
2243S,TECNOLOGIA GALENICA DE COLOMBIA GALTEK LAB S.A.S,COTA,CUNDINAMARCA,"Auto. MEDELLIN  KM 2.5 900M VIA PARCELAS, COTA PARQUE CIEM OIKOS DE OCCIDENTE BODEGA D55",Cumple,"CUMPLE CON LAS BUENAS PRACTICAS DE ELABORACION, PARA LOS SIGUIENTES PROCESOS Y/O ACTIVIDADES:

1. NO ESTERILES 
1.1. PREPARACION DE MAGISTRALES DE USO TÓPICO 
1.1.1. LIQUIDOS: SOLUCIONES, EMULSIONES Y SUSPENSIONES.
1.1.2. SEMISÓLIDOS: CREMAS, GELES Y UNGÜENTOS.

1.2. PREPARACION DE MAGISTRALES DE USO ORAL
1.2.1. SÓLIDOS: CÁPSULAS DURAS DE GELATINA.
1.2.2. LIQUIDOS: SOLUCIONES Y SUSPENSIONES.

NOTAS ACLARATORIAS:
1.PREPARACIÓN MAGISTRAL: ES EL PREPARADO O PRODUCTO FARMACÉUTICO PARA ATENDER UNA PRESCRIPCIÓN MÉDICA, DE UN PACIENTE INDIVIDUAL, QUE REQUIERE DE ALGÚN TIPO DE INTERVENCIÓN TÉCNICA DE VARIADA COMPLEJIDAD. 
2.EL ANTERIOR CONCEPTO TÉCNICO, AUTORIZA ÚNICAMENTE LOS PROCESOS O ACTIVIDADES Y LAS FORMAS FARMACÉUTICAS ANTERIORMENTE DESCRITAS, PARA MEDICAMENTOS QUE NO REQUIEREN CADENA DE FRIO CON EL FIN DE CUMPLIR CON LAS DOSIS PRESCRITAS. SE REFIERE A QUE DICHOS PROCESOS DEBEN CIRCUNSCRIBIRSE AL SISTEMA DE DISTRIBUCIÓN DE MEDICAMENTOS EN DOSIS UNITARIA.
3.LOS PRODUCTOS ELABORADOS SÓLO PUEDEN SER COMERCIALIZADOS A TRAVÉS DE CONVENIOS O CONTRATOS ESTABLECIDOS CON OTROS ESTABLECIMIENTOS FARMACÉUTICOS AUTORIZADOS O SERVICIOS FARMACÉUTICOS HABILITADOS DE INSTITUCIONES PRESTADORAS DE SERVICIOS DE SALUD.
4.TODO CAMBIO CRÍTICO QUE SE HAGA Y AFECTE LAS CONDICIONES EVALUADAS Y CERTIFICADAS DURANTE LA PRESENTE AUDITORIA, RESPECTO A EQUIPOS, ÁREAS, PROCESOS PRODUCTIVOS, PERSONAL TÉCNICO PRINCIPAL O DE LAS EMPRESAS CON LAS QUE SE CONTRATÓ LA REALIZACIÓN DE ACTIVIDADES DE PRODUCCIÓN Y CONTROL DE CALIDAD, DEBERÁN SER NOTIFICADOS AL INVIMA CON EL FIN DE QUE ÉSTE EVALÚE Y VERIFIQUE SI SE REQUIERE UNA VISITA DE AMPLIACIÓN O VERIFICACIÓN DEL CONCEPTO TÉCNICO EMITIDO, DE ACUERDO CON LAS DISPOSICIONES DE LA NORMATIVIDAD SANITARIA CORRESPONDIENTE, SO PENA  DE LAS ACCIONES A QUE HAYA LUGAR.",2022-11-04T00:00:00.000,2027-12-02T00:00:00.000
2138S,SOLUTIONS PHARMACY S.A.S,BOGOTA,BOGOTA D.C.,Calle 142 No. 103f-52 de Bogotá D.C.,Cumple,"CUMPLE CON LAS BUENAS PRACTICAS DE ELABORACION PARA LOS SIGUIENTES PROCESOS Y ACTIVIDADES:

1. NO ESTERILES 
1.1 PREPARACIONES MAGISTRALES
1.1.1 LIQUIDOS ORALES (SUSPENSIONES Y SOLUCIONES)
1.1.2 LIQUIDOS TOPICOS (SOLUCIONE, SUSPENSIONES Y EMULSIONES)
1.1.3 SEMISOLIDOS TOPICOS (CREMAS, GELES, EMULSIONES, UNGUENTOS)
1.1.4 SOLIDOS (CAPSULAS DURAS DE GELATINA Y SACHET)

NOTAS ACLARATORIAS:
1. PREPARACION MAGISTRAL: ES EL PREPARADO O PRODUCTO FARMACEUTICO PARA ATENDER UNA PRESCRIPCION MEDICA, DE UN PACIENTE INDIVIDUAL, QUE REQUIERE DE ALGUN TIPO DE INTERVENCION TECNICA DE VARIADA COMPLEJIDAD.
2. LOS MEDICAMENTOS DE PARTIDA QUE VAN A SER SOMETIDOS A MEZCLA, ADECUACIONES Y AJUSTE DE CONCENTRACIONES CORRESPONDEN A FORMAS FARMACEUTICAS SOLIDAS, SEMISOLIDAS, LIQUIDAS O PRINCIPIOS ACTIVOS Y EXCIPIENTES COMO MATERIAS PRIMAS. 
3. LOS PRODUCTOS ELABORADOS SOLO PUEDEN SER COMERCIALIZADOS A TRAVES DE CONVENIOS O CONTRATOS ESTABLECIDOS CON OTROS ESTABLECIMIENTOS FARMACEUTICOS AUTORIZADOS O SERVICIOS FARMACEUTICOS HABILITADOS DE INSTITUCIONES PRESTADORAS DE SERVICIOS DE SALUD.
4. EL ANTERIOR CONCEPTO TECNICO AUTORIZA UNICAMENTE LOS PROCESOS Y LAS FORMAS FARMACEUTICAS ANTERIORMENTE DESCRITAS, PARA MEDICAMENTOS QUE NO REQUIEREN CADENA DE FRIO CON EL FIN DE CUMPLIR CON LAS DOSIS PRESCRITAS. SE REFIERE A QUE DICHOS PROCESOS DEBEN CIRCUNSCRIBIRSE AL SISTEMA DE DISTRIBUCION DE MEDICAMENTOS EN DOSIS UNITARIA.
5. TODO CAMBIO CRITICO QUE SE HAGA Y AFECTE LAS CONDICIONES EVALUADAS Y CERTIFICADAS DURANTE LA PRESENTE AUDITORIA, RESPECTO A EQUIPOS, AREAS, PROCESOS PRODUCTIVOS, PERSONAL TECNICO PRINCIPAL O DE LAS EMPRESAS CON LAS QUE SE CONTRATO LA REALIZACION DE ACTIVIDADES DE PRODUCCION Y CONTROL DE CALIDAD, DEBERAN SER NOTIFICADOS AL INVIMA CON EL FIN DE QUE ESTE EVALUE Y VERIFIQUE SI SE REQUIERE UNA VISITA DE AMPLIACION O VERIFICACION DEL CONCEPTO TECNICO EMITIDO, DE ACUERDO CON LAS DISPOSICIONES DE LA NORMATIVIDAD SANITARIA CORRESPONDIENTE, SO PENA  DE LAS ACCIONES A QUE HAYA LUGAR.",2022-12-16T00:00:00.000,2028-01-10T00:00:00.000
2248S,PROMOTORA MÉDICA LAS AMERICAS S.A. (Sede sur),ENVIGADO,ANTIOQUIA,Carrera 43 A Calle 27 A Sur 44 de Envigado – Antioquia,Cumple,"CUMPLE CON LAS BUENAS PRACTICAS DE ELABORACION PARA LOS SIGUIENTES PROCESOS Y/O ACTIVIDADES:

1. ESTERILES
1.1. ADECUACIÓN Y AJUSTE DE CONCENTRACIONES DE DOSIS DE MEDICAMENTOS NO ONCOLOGICOS
1.1.1 LIQUIDOS

NOTAS ACLARATORIAS: 
1. PREPARACIÓN MAGISTRAL: ES EL PREPARADO O PRODUCTO FARMACEUTICO PARA ATENDER UNA PRESCRIPCIÓN MEDICA, DE UN PACIENTE INDIVIDUAL, QUE REQUIERE DE ALGUN TIPO DE INTERVENCION TECNICA DE VARIADA COMPLEJIDAD. 
2. LA ADECUACION Y AJUSTE DE CONCENTRACIONES DE MEDICAMENTOS NO ONCOLOGICOS ES REALIZADA EN AREAS INDEPENDIENTES Y EXCLUSIVAS. 
3. EL ANTERIOR CONCEPTO TECNICO AUTORIZA UNICAMENTE LOS PROCESOS Y LAS FORMAS FARMACEUTICAS ANTERIORMENTE DESCRITAS, PARA MEDICAMENTOS QUE REQUIEREN Y NO REQUIEREN CADENA DE FRIO CON EL FIN DE CUMPLIR CON LAS DOSIS PRESCRITAS. SE REFIERE A QUE DICHOS PROCESOS DEBEN CIRCUNSCRIBIRSE AL SISTEMA DE DISTRIBUCION DE MEDICAMENTOS EN DOSIS UNITARIA. 
4. LOS MEDICAMENTOS DE PARTIDA QUE VAN A SER SOMETIDOS A MEZCLA, ADECUACIONES Y AJUSTE DE CONCENTRACIONES CORRESPONDEN A FORMAS FARMACEUTICAS SOLIDAS Y LIQUIDAS. LA PRESENTACION FINAL ES EN BOLSAS, MINI BOLSAS Y JERINGAS. 
5. EL ANTERIOR CONCEPTO TECNICO, AUTORIZA UNICAMENTE LOS PROCESOS Y LAS FORMAS FARMACEUTICAS ANTERIORMENTE DESCRITAS. 
6. TODO CAMBIO CRITICO QUE SE HAGA Y AFECTE LAS CONDICIONES EVALUADAS Y CERTIFICADAS DURANTE LA PRESENTE AUDITORIA, RESPECTO A EQUIPOS, AREAS, PROCESOS PRODUCTIVOS, PERSONAL TECNICO PRINCIPAL O DE LAS EMPRESAS CON LAS QUE SE CONTRATO LA REALIZACIÓN DE ACTIVIDADES DE PRODUCCION Y CONTROL DE CALIDAD, DEBERAN SER NOTIFICADOS AL INVIMA CON EL FIN DE QUE ESTE EVALUE Y VERIFIQUE SI SE REQUIERE UNA VISITA DE AMPLIACION O VERIFICACION DEL CONCEPTO TECNICO EMITIDO, DE ACUERDO CON LAS DISPOSICIONES DE LA NORMATIVIDAD SANITARIA CORRESPONDIENTE, SO PENA DE LAS ACCIONES A QUE HAYA LUGAR.",2022-07-29T00:00:00.000,2027-08-25T00:00:00.000
2252S,OFTALMOS S.A.,BOGOTA,BOGOTA D.C.,AVENIDA 100 No. 18A – 51,Cumple,"CUMPLE CON LAS BUENAS PRACTICAS DE ELABORACION PARA LOS SIGUIENTES PROCESOS Y/O ACTIVIDADES:

1. ESTERILES

1.1. ADECUACION Y AJUSTE DE CONCENTRACIONES DE                           DOSIS DE MEDICAMENTOS ONCOLÓGICO
1.1.1. LIQUIDOS

1.2. PREPARACIONES MAGISTRALES
1.2.1. LIQUIDOS

1.3. REENVASE DE MEDICAMENTOS ONCOLOGICOS
1.3.1. LIQUIDOS

NOTAS ACLARATORIAS:
1. PREPARACION MAGISTRAL: ES EL PREPARADO O PRODUCTO FARMACEUTICO PARA ATENDER UNA PRESCRIPCION MEDICA, DE UN PACIENTE INDIVIDUAL, QUE REQUIERE DE ALGUN TIPO DE INTERVENCION TECNICA DE VARIADA COMPLEJIDAD.
2. LA ADECUACION Y AJUSTE DE CONCENTRACIONES DE MEDICAMENTOS ONCOLOGICOS ES REALIZADA EN AREAS INDEPENDIENTES Y EXCLUSIVAS. 
3. LOS MEDICAMENTOS DE PARTIDA QUE VAN A SER SOMETIDOS A MEZCLAS, ADECUACIONES Y AJUSTES DE CONCENTRACIONES CORRESPONDEN A FORMAS FARMACEUTICAS LIQUIDAS ESTERILES. LA PRESENTACION FINAL ES EN FRASCO GOTERO DE POLIETILENO DE BAJA DE DENSIDAD.
4. LOS MEDICAMENTOS DE PARTIDA PARA LAS PREPARACIONES MAGISTRALES ESTERILES SON ESTERILES Y CON PRESENTACION FINAL FRASCO GOTERO DE POLIETILENO DE BAJA DE DENSIDAD. 
5. TODOS LOS PROCESOS Y/O ACTIVIDADES SE CLASIFICAN DE BAJO RIESGO DE ACUERDO CON LO ESTABLECIDO EN EL CAPITULO 797 DE LA FARMACOPEA AMERICANA USP VIGENTE.
6. LOS MEDICAMENTOS DE PARTIDA PARA EL PROCESO DE REENVASE DE MEDICAMENTOS ONCOLOGICOS SON ESTERILES. ESTE PROCESO ES REALIZADO EN EL AREA DE ADECUACION Y AJUSTE DE CONCENTRACIONES DE MEDICAMENTOS ONCOLOGICOS Y CON PRESENTACION FINAL EN JERINGAS. 
7. LOS PRODUCTOS ELABORADOS SOLO PUEDEN SER COMERCIALIZADOS A TRAVES DE CONVENIOS O CONTRATOS ESTABLECIDOS CON OTROS ESTABLECIMIENTOS FARMACEUTICOS AUTORIZADOS O SERVICIOS FARMACEUTICOS HABILITADOS DE INSTITUCIONES PRESTADORAS DE SERVICIOS DE SALUD.
8. EL ANTERIOR CONCEPTO TECNICO AUTORIZA UNICAMENTE LOS PROCESOS Y LAS FORMAS FARMACEUTICAS ANTERIORMENTE DESCRITAS, PARA MEDICAMENTOS QUE REQUIEREN Y NO REQUIEREN CADENA DE FRIO CON EL FIN DE CUMPLIR CON LAS DOSIS PRESCRITAS. SE REFIERE A QUE DICHOS PROCESOS DEBEN CIRCUNSCRIBIRSE AL SISTEMA DE DISTRIBUCION DE MEDICAMENTOS EN DOSIS UNITARIA.
9. TODO CAMBIO CRITICO QUE SE HAGA Y AFECTE LAS CONDICIONES EVALUADAS Y CERTIFICADAS DURANTE LA PRESENTE AUDITORIA, RESPECTO A EQUIPOS, AREAS, PROCESOS PRODUCTIVOS, PERSONAL TECNICO PRINCIPAL O DE LAS EMPRESAS CON LAS QUE SE CONTRATO LA REALIZACION DE ACTIVIDADES DE PRODUCCION Y CONTROL DE CALIDAD, DEBERAN SER NOTIFICADOS AL INVIMA CON EL FIN DE QUE ESTE EVALUE Y VERIFIQUE SI SE REQUIERE UNA VISITA DE AMPLIACION O VERIFICACION DEL CONCEPTO TECNICO EMITIDO, DE ACUERDO CON LAS DISPOSICIONES DE LA NORMATIVIDAD SANITARIA CORRESPONDIENTE, SO PENA DE LAS ACCIONES A QUE HAYA LUGAR.",2022-08-05T00:00:00.000,2027-08-19T00:00:00.000
2255R,CLINICA DE OCCIDENTE S.A.,CALI,VALLE DEL CAUCA,Avenida 5N No. 18-28  de Cali – Valle del Cauca,Cumple,"CUMPLE CON LAS BUENAS PRACTICAS DE ELABORACION DE RADIOFARMACOS PARA LOS SIGUIENTES PROCESOS Y/O ACTIVIDADES:

1. ESTERILES

1.1. ELUCION, MARCACION Y DOSIFICACION DE RADIOFARMACOS CON REGISTRO SANITARIO SIGUIENDO ESTRICTAMENTE LAS INDICACIONES DEL FABRICANTE

1.1.1. LIQUIDOS: SOLUCIONES Y SUSPENSIONES EN JERINGAS 

1.2. ELUCION, DILUCION, DOSIFICACION Y AJUSTE DE CONCENTRACION DE MUESTRAS AUTOLOGAS PARA REINYECCION AL PACIENTE ORIGINAL.
 
1.2.1. LIQUIDOS: SOLUCIONES EN JERINGAS 

NOTAS ACLARATORIAS:

1. PREPARACION MAGISTRAL: ES EL PREPARADO O PRODUCTO FARMACEUTICO PARA ATENDER UNA PRESCRIPCION MEDICA, DE UN PACIENTE INDIVIDUAL, QUE REQUIERE DE ALGUN TIPO DE INTERVENCION TECNICA DE VARIADA COMPLEJIDAD. 
2. RADIOFARMACO: PRODUCTO PREPARADO CON FINES DIAGNOSTICOS, DE MONITOREO DE ENFERMEDAD O TERAPEUTICOS CUYO EFECTO ES PRODUCIDO POR LA RADIACION, DEBIDO A QUE CONTIENEN RADIONUCLIDOS QUE EXHIBEN DESINTEGRACIONES ESPONTANEAS DEL NUCLEO INESTABLE CON EMISION DE PARTICULAS NUCLEARES O FOTONES.
3. LA ELUCION DE GENERADORES SE AUTORIZA DE ACUERDO CON LOS RADIONUCLIDOS AUTORIZADOS BAJO LA LICENCIA DEL INSTITUTO GEOLOGICO COLOMBIANO
4. LA RECEPCION Y VERIFICACION DE DOSIS DE RADIOFARMACOS LISTAS PARA USAR ESTERILES Y NO ESTERILES PROVIENEN DE UNA RADIOFARMACIA QUE CUENTA CON LA CERTIFICACION EN BUENAS PRACTICAS DE ELABORACION DE RADIOFARMACOS (BPER).
5. LOS PROCESOS ESTERILES ANTERIORMENTE MENCIONADOS SE REALIZAN EN CONDICIONES ASEPTICAS.
6. EL ANTERIOR CONCEPTO TECNICO, AUTORIZA UNICAMENTE LOS PROCESOS Y LAS FORMAS FARMACEUTICAS ANTERIORMENTE DESCRITAS.
7. TODO CAMBIO CRITICO QUE SE HAGA Y AFECTE LAS CONDICIONES EVALUADAS Y CERTIFICADAS DURANTE LA PRESENTE AUDITORIA, RESPECTO A EQUIPOS, AREAS, PROCESOS PRODUCTIVOS, PERSONAL TECNICO PRINCIPAL O DE LAS EMPRESAS CON LAS QUE SE CONTRATO LA REALIZACION DE ACTIVIDADES DE PRODUCCION Y CONTROL DE CALIDAD, DEBERAN SER NOTIFICADOS AL INVIMA CON EL FIN DE QUE ESTE EVALUE Y VERIFIQUE SI SE REQUIERE UNA VISITA DE AMPLIACION O VERIFICACION DEL CONCEPTO TECNICO EMITIDO, DE ACUERDO CON LAS DISPOSICIONES DE LA NORMATIVIDAD SANITARIA CORRESPONDIENTE, SO PENA  DE LAS ACCIONES A QUE HAYA LUGAR.",2025-01-24T00:00:00.000,2030-02-14T00:00:00.000
2256S,VITAL GREEN PRODUCTS S.A.S.,CALI,VALLE DEL CAUCA,Calle 12A Nro. 24-54 de Cali – Valle del Cauca,Cumple,"CUMPLE CON LAS BUENAS PRACTICAS DE ELABORACION, PARA LOS SIGUIENTES PROCESOS Y/O ACTIVIDADES:

1. NO ESTERILES
1.1.  PREPARACIONES MAGISTRALES (CON BASE EN DERIVADOS DE CANNABIS)
1.1.1. LIQUIDOS: SOLUCIONES ORALES
NOTAS ACLARATORIAS:

1. PREPARACION MAGISTRAL: ES EL PREPARADO O PRODUCTO FARMACEUTICO PARA ATENDER UNA PRESCRIPCION MEDICA, DE UN PACIENTE INDIVIDUAL, QUE REQUIERE DE ALGUN TIPO DE INTERVENCION TECNICA DE VARIADA COMPLEJIDAD.
2. LOS PRODUCTOS ELABORADOS SOLO PUEDEN SER COMERCIALIZADOS A TRAVES DE CONVENIOS O CONTRATOS ESTABLECIDOS CON OTROS ESTABLECIMIENTOS FARMACEUTICOS AUTORIZADOS O SERVICIOS FARMACEUTICOS HABILITADOS DE INSTITUCIONES PRESTADORAS DE SERVICIOS DE SALUD.
3. EL ANTERIOR CONCEPTO TECNICO AUTORIZA UNICAMENTE LOS PROCESOS Y LAS FORMAS FARMACEUTICAS ANTERIORMENTE DESCRITAS, PARA MEDICAMENTOS QUE NO REQUIEREN CADENA DE FRIO CON EL FIN DE CUMPLIR CON LAS DOSIS PRESCRITAS. SE REFIERE A QUE DICHOS PROCESOS DEBEN CIRCUNSCRIBIRSE AL SISTEMA DE DISTRIBUCION DE MEDICAMENTOS EN DOSIS UNITARIA.
4. SI SE CAMBIA EL PROVEEDOR DE CBD AISLADO SE DEBE INFORMAR AL INVIMA JUNTO CON LAS LICENCIAS DE AUTORIZACION PARA QUE SE VERIFIQUE SI REQUIERE O NO VISITA DE AMPLIACION.
5. TODO CAMBIO CRITICO QUE SE HAGA Y AFECTE LAS CONDICIONES EVALUADAS Y CERTIFICADAS DURANTE LA PRESENTE AUDITORIA, RESPECTO A EQUIPOS, AREAS, PROCESOS PRODUCTIVOS, PERSONAL TECNICO PRINCIPAL O DE LAS EMPRESAS CON LAS QUE SE CONTRATO LA REALIZACION DE ACTIVIDADES DE PRODUCCION Y CONTROL DE CALIDAD, DEBERAN SER NOTIFICADOS AL INVIMA CON EL FIN DE QUE ESTE EVALUE Y VERIFIQUE SI SE REQUIERE UNA VISITA DE AMPLIACION O VERIFICACION DEL CONCEPTO TECNICO EMITIDO, DE ACUERDO CON LAS DISPOSICIONES DE LA NORMATIVIDAD SANITARIA CORRESPONDIENTE, SO PENA DE LAS ACCIONES A QUE HAYA LUGAR.",2023-04-24T00:00:00.000,2028-05-15T00:00:00.000
2259S,FUNDACIÓN CENTRO DE TRATAMIENTO E INVESTIGACIÓN SOBRE EL CÁNCER LUIS CARLOS SARMIENTO ANGULO,BOGOTA,BOGOTA D.C.,calle 168 No. 14-42 de Bogotá D.C.,Cumple,"CUMPLE CON LAS BUENAS PRACTICAS DE ELABORACION PARA LOS SIGUIENTES PROCESOS Y/O ACTIVIDADES:

1. ESTERILES
1.1. ADECUACION Y AJUSTE DE CONCENTRACIONES DE DOSIS DE MEDICAMENTOS ONCOLOGICOS: LIQUIDOS.
1.2. ADECUACION Y AJUSTE DE CONCENTRACIONES DE DOSIS DE MEDICAMENTOS NO ONCOLOGICOS: LIQUIDOS.
1.3. PREPARACION DE NUTRICIONES PARENTERALES: LIQUIDOS.

2. NO ESTERILES
2.1. REEMPAQUE DE MEDICAMENTOS: SOLIDOS
2.2. REENVASE DE MEDICAMENTOS: SOLIDOS Y LÍQUIDOS
2.3. PREPARACION DE MAGISTRALES: LIQUIDOS (SUSPENSIONES)

NOTAS ACLARATORIAS:

1. PREPARACION MAGISTRAL: ES EL PREPARADO O PRODUCTO FARMACEUTICO PARA ATENDER UNA PRESCRIPCION MEDICA, DE UN PACIENTE INDIVIDUAL, QUE REQUIERE DE ALGUN TIPO DE INTERVENCION TECNICA DE VARIADA COMPLEJIDAD.
2. LA ADECUACION Y AJUSTE DE CONCENTRACIONES DE MEDICAMENTOS ONCOLOGICOS ES REALIZADA EN AREAS INDEPENDIENTES Y EXCLUSIVAS.
3. LA ADECUACION Y AJUSTE DE CONCENTRACIONES DE MEDICAMENTOS NO ONCOLOGICOS Y NUTRICIONES PARENTERALES ES REALIZADA EN AREAS INDEPENDIENTES Y EXCLUSIVAS.
4. LOS MEDICAMENTOS DE PARTIDA QUE VAN A SER SOMETIDOS A MEZCLA, ADECUACIONES Y AJUSTE DE CONCENTRACIONES CORRESPONDEN A FORMAS FARMACEUTICAS SOLIDAS Y LIQUIDAS. LA PRESENTACION FINAL ES EN BOLSAS, JERINGAS E INFUSORES. 
5. LOS PRODUCTOS DE PARTIDA PARA LAS PREPARACIONES MAGISTRALES NO ESTERILES EN FORMA FARMACEUTICA LIQUIDOS, CORRESPONDEN A MEDICAMENTOS COMO PRODUCTOS TERMINADOS COMERCIALES. 
6. EL ANTERIOR CONCEPTO TECNICO AUTORIZA UNICAMENTE LOS PROCESOS Y LAS FORMAS FARMACEUTICAS ANTERIORMENTE DESCRITAS, PARA MEDICAMENTOS QUE REQUIEREN Y NO REQUIEREN CADENA DE FRIO CON EL FIN DE CUMPLIR CON LAS DOSIS PRESCRITAS. SE REFIERE A QUE DICHOS PROCESOS DEBEN CIRCUNSCRIBIRSE AL SISTEMA DE DISTRIBUCION DE MEDICAMENTOS EN DOSIS UNITARIA.
7. LOS PRODUCTOS ELABORADOS SOLO PUEDEN SER COMERCIALIZADOS A TRAVES DE CONVENIOS O CONTRATOS ESTABLECIDOS CON OTROS ESTABLECIMIENTOS FARMACEUTICOS AUTORIZADOS O SERVICIOS FARMACEUTICOS HABILITADOS DE INSTITUCIONES PRESTADORAS DE SERVICIOS DE SALUD.
8. CUALQUIER MODIFICACION QUE SE HAGA EN LAS CONDICIONES EVALUADAS Y CERTIFICADAS DURANTE LA PRESENTE AUDITORIA, RESPECTO A EQUIPOS, AREAS, PROCESOS PRODUCTIVOS, PERSONAL TECNICO PRINCIPAL O DE LAS EMPRESAS CON LAS QUE SE CONTRATO LA REALIZACION DE ACTIVIDADES CRITICAS DE PRODUCCION Y CONTROL DE CALIDAD, DEBERAN SER NOTIFICADAS AL INVIMA CON EL FIN DE QUE ESTE EVALUE Y VERIFIQUE SI SE REQUIERE UNA VISITA DE AMPLIACION O VERIFICACION DEL CONCEPTO TECNICO EMITIDO, DE ACUERDO CON LAS DISPOSICIONES DE LA NORMATIVIDAD SANITARIA CORRESPONDIENTE, SO PENA  DE LAS ACCIONES A QUE HAYA LUGAR.",2022-06-17T00:00:00.000,2027-07-19T00:00:00.000
2269S,GRUPO AFIN FARMACEUTICA S.A.S. BIC,BOGOTA,BOGOTA D.C.,Carrera 97 No. 24C – 23 Bodega 15 módulo 1 Centro Empresarial Muelle Industrial – Piso 2 de Bogotá D.C,Cumple,"CUMPLE CON LAS BUENAS PRACTICAS DE ELABORACION PARA LOS SIGUIENTES PROCESOS Y/O ACTIVIDADES:

ESTERILES

1.ADECUACION Y AJUSTE DE CONCENTRACIONES DE DOSIS DE MEDICAMENTOS ONCOLOGICOS: LIQUIDOS

NO ESTERILES

1.REEMPAQUE DE MEDICAMENTOS: SOLIDOS.
2.REENVASE DE MEDICAMENTOS: SOLIDOS.

NOTAS ACLARATORIAS:
1.PREPARACION MAGISTRAL: ES EL PREPARADO O PRODUCTO FARMACEUTICO PARA ATENDER UNA PRESCRIPCION MEDICA, DE UN PACIENTE INDIVIDUAL, QUE REQUIERE DE ALGUN TIPO DE INTERVENCION TECNICA DE VARIADA COMPLEJIDAD.
2.LA ADECUACION Y AJUSTE DE CONCENTRACIONES DE MEDICAMENTOS ONCOLOGICOS ES REALIZADA EN AREAS INDEPENDIENTES Y EXCLUSIVAS.
3.EL ANTERIOR CONCEPTO TECNICO AUTORIZA UNICAMENTE LOS PROCESOS Y LAS FORMAS FARMACEUTICAS ANTERIORMENTE DESCRITAS, PARA MEDICAMENTOS QUE REQUIEREN Y NO REQUIEREN CADENA DE FRIO CON EL FIN DE CUMPLIR CON LAS DOSIS PRESCRITAS. SE REFIERE A QUE DICHOS PROCESOS DEBEN CIRCUNSCRIBIRSE AL SISTEMA DE DISTRIBUCION DE MEDICAMENTOS EN DOSIS UNITARIA.
4.LOS MEDICAMENTOS DE PARTIDA QUE VAN A SER SOMETIDOS A MEZCLA, ADECUACIONES Y AJUSTE DE CONCENTRACIONES CORRESPONDEN A FORMAS FARMACEUTICAS SOLIDAS Y LIQUIDAS. LA PRESENTACION FINAL ES EN BOLSAS, MINIBOLSAS Y JERINGAS. 
5.LOS PRODUCTOS ELABORADOS SOLO PUEDEN SER COMERCIALIZADOS A TRAVES DE CONVENIOS O CONTRATOS ESTABLECIDOS CON OTROS ESTABLECIMIENTOS FARMACEUTICOS AUTORIZADOS O SERVICIOS FARMACEUTICOS HABILITADOS DE INSTITUCIONES PRESTADORAS DE SERVICIOS DE SALUD.
6.EL ANTERIOR CONCEPTO TECNICO, AUTORIZA UNICAMENTE LOS PROCESOS Y LAS FORMAS FARMACEUTICAS ANTERIORMENTE DESCRITAS.
7.TODO CAMBIO CRITICO QUE SE HAGA Y AFECTE LAS CONDICIONES EVALUADAS Y CERTIFICADAS DURANTE LA PRESENTE AUDITORIA, RESPECTO A EQUIPOS, AREAS, PROCESOS PRODUCTIVOS, PERSONAL TECNICO PRINCIPAL O DE LAS EMPRESAS CON LAS QUE SE CONTRATO LA REALIZACION DE ACTIVIDADES DE PRODUCCION Y CONTROL DE CALIDAD, DEBERAN SER NOTIFICADOS AL INVIMA CON EL FIN DE QUE ESTE EVALUE Y VERIFIQUE SI SE REQUIERE UNA VISITA DE AMPLIACION O VERIFICACION DEL CONCEPTO TECNICO EMITIDO, DE ACUERDO CON LAS DISPOSICIONES DE LA NORMATIVIDAD SANITARIA CORRESPONDIENTE, SO PENA  DE LAS ACCIONES A QUE HAYA LUGAR.",2022-11-08T00:00:00.000,2027-12-14T00:00:00.000
2277S,OSHER BIOTECNOLOGIA S.A.S,OICATA,BOYACA,"Kilometro 6 Vía Tunja - Paipa, Municipio Oicata verda Poravita",Cumple,"CUMPLE CON LAS BUENAS PRÁCTICAS DE ELABORACIÓN PARA LOS SIGUIENTES PROCESOS Y/O ACTIVIDADES:

1. ESTERILES
1.1. ADECUACION Y AJUSTE DE CONCENTRACIONES DE DOSIS DE MEDICAMENTOS ONCOLOGICOS
1.1.1. LIQUIDOS

1.2. ADECUACION Y AJUSTE DE CONCENTRACIONES DE DOSIS DE MEDICAMENTOS NO ONCOLOGICOS
1.2.1. LIQUIDOS

1.3. PREPARACION DE NUTRICIONES PARENTERALES
1.3.1. LIQUIDOS

2. NO ESTERILES
2.1. REEMPAQUE DE MEDICAMENTOS
2.1.1. SOLIDOS

2.2. RE-ENVASE DE MEDICAMENTOS
2.2.1. LIQUIDOS
2.2.2.     SOLIDOS

2.3. PREPARACION DE MAGISTRALES NO ESTERILES
2.3.1. LIQUIDOS
2.3.2.      SEMISOLIDOS
2.3.3.      SOLIDOS (CAPSULAS DE GELATINA DURA)

NOTAS ACLARATORIAS:
1. PREPARACION MAGISTRAL: ES EL PREPARADO O PRODUCTO FARMACEUTICO PARA ATENDER UNA PRESCRIPCION MEDICA, DE UN PACIENTE INDIVIDUAL, QUE REQUIERE DE ALGUN TIPO DE INTERVENCION TECNICA DE VARIADA COMPLEJIDAD. 
2. LA ADECUACION Y AJUSTE DE CONCENTRACIONES DE MEDICAMENTOS ONCOLOGICOS ES REALIZADA EN AREAS INDEPENDIENTES Y EXCLUSIVAS.
3. LA ADECUACION Y AJUSTE DE CONCENTRACIONES DE MEDICAMENTOS NO ONCOLOGICOS ES REALIZADA EN AREAS INDEPENDIENTES Y EXCLUSIVAS.
4. LA PREPARACION DE NUTRICIONES PARENTERALES ES REALIZADA EN AREAS INDEPENDIENTES Y EXCLUSIVAS.
5. LOS MEDICAMENTOS DE PARTIDA QUE VAN A SER SOMETIDOS A ADECUACIONES Y AJUSTE DE CONCENTRACIONES CORRESPONDEN A FORMAS FARMACEUTICAS SOLIDAS Y LIQUIDAS ESTERILES.  LA PRESENTACION FINAL ES EN BOLSAS, JERINGAS E INFUSORES. 
6. EL ANTERIOR CONCEPTO TECNICO, AUTORIZA UNICAMENTE LOS PROCESOS Y LAS FORMAS FARMACEUTICAS ANTERIORMENTE DESCRITAS, PARA MEDICAMENTOS QUE REQUIEREN Y NO REQUIEREN CADENA DE FRIO CON EL FIN DE CUMPLIR CON LAS DOSIS PRESCRITAS. SE REFIERE A QUE DICHOS PROCESOS DEBEN CIRCUNSCRIBIRSE AL SISTEMA DE DISTRIBUCION DE MEDICAMENTOS EN DOSIS UNITARIA.
7. LOS PRODUCTOS ELABORADOS SOLO PUEDEN SER COMERCIALIZADOS A TRAVES DE CONVENIOS O CONTRATOS ESTABLECIDOS CON OTROS ESTABLECIMIENTOS FARMACEUTICOS AUTORIZADOS O SERVICIOS FARMACEUTICOS HABILITADOS DE INSTITUCIONES PRESTADORAS DE SERVICIOS DE SALUD.
8. TODO CAMBIO CRITICO QUE SE HAGA Y AFECTE LAS CONDICIONES EVALUADAS Y CERTIFICADAS DURANTE LA PRESENTE AUDITORIA, RESPECTO A EQUIPOS, AREAS, PROCESOS PRODUCTIVOS, PERSONAL TECNICO PRINCIPAL O DE LAS EMPRESAS CON LAS QUE SE CONTRATO LA REALIZACION DE ACTIVIDADES DE PRODUCCION Y CONTROL DE CALIDAD, DEBERAN SER NOTIFICADOS AL INVIMA CON EL FIN DE QUE ESTE EVALUE Y VERIFIQUE SI SE REQUIERE UNA VISITA DE AMPLIACION O VERIFICACION DEL CONCEPTO TECNICO EMITIDO, DE ACUERDO CON LAS DISPOSICIONES DE LA NORMATIVIDAD SANITARIA CORRESPONDIENTE, SO PENA  DE LAS ACCIONES A QUE HAYA LUGAR.",2023-03-17T00:00:00.000,2028-03-31T00:00:00.000
2281S,CENTRO TERAPEUTICO REENCONTRARSE S.A.S.,PUERTO COLOMBIA,ATLANTICO,Calle 01 F No 21 - 02 Barrio Pradomar,Cumple,"CUMPLE CON LAS BUENAS PRÁCTICAS DE ELABORACION PARA LOS SIGUIENTES PROCESOS Y/O ACTIVIDADES:

1. NO ESTERILES
1.1. REEMPAQUE DE MEDICAMENTOS. 
1.1.1. SÓLIDOS.

NOTAS ACLARATORIAS:

1. PREPARACIÓN MAGISTRAL: ES EL PREPARADO O PRODUCTO FARMACEUTICO PARA ATENDER UNA PRESCRIPCION MEDICA, DE UN PACIENTE INDIVIDUAL, QUE REQUIERE DE ALGUN TIPO DE INTERVENCION TECNICA DE VARIADA COMPLEJIDAD.
2. EL REEMPAQUE DE MEDICAMENTOS ES REALIZADA EN AREAS INDEPENDIENTES Y EXCLUSIVAS.
3. LOS MEDICAMENTOS DE PARTIDA QUE VAN A SER SOMETIDOS A REEMPAQUE CORRESPONDEN A FORMAS FARMACEUTICAS SOLIDAS. LA PRESENTACION FINAL ES EN BOLSAS.
4. LOS MEDICAMENTOS DE PARTIDA PARA EL REEMPAQUE DE MEDICAMENTOS NO ESTERILES EN FORMA FARMACEUTICA SOLIDA, CORRESPONDEN A MEDICAMENTOS COMO PRODUCTOS TERMINADOS COMERCIALES.
5. EL ANTERIOR CONCEPTO TECNICO AUTORIZA UNICAMENTE LOS PROCESOS Y LAS FORMAS FARMACEUTICAS ANTERIORMENTE DESCRITAS, PARA MEDICAMENTOS QUE NO REQUIEREN CADENA DE FRIO CON EL FIN DE CUMPLIR CON LAS DOSIS PRESCRITAS. SE REFIERE A QUE DICHOS PROCESOS DEBEN CIRCUNSCRIBIRSE AL SISTEMA DE DISTRIBUCION DE MEDICAMENTOS EN DOSIS UNITARIA.
6. LOS PRODUCTOS REEMPACADOS SOLO PUEDEN SER COMERCIALIZADOS A TRAVES DE CONVENIOS O CONTRATOS ESTABLECIDOS CON OTROS ESTABLECIMIENTOS FARMACEUTICOS AUTORIZADOS O SERVICIOS FARMACEUTICOS HABILITADOS DE INSTITUCIONES PRESTADORAS DE SERVICIOS DE SALUD.
7. CUALQUIER CAMBIO CRITICO QUE SE EFECTUE EN LAS CONDICIONES EVALUADAS DURANTE LA PRESENTE AUDITORIA RESPECTO A EQUIPOS, AREAS, PROCESOS PRODUCTIVOS, PERSONAL TECNICO PRINCIPAL (DIRECTOR TECNICO) O DE LAS EMPRESAS QUE SE CONTRATO LA REALIZACION DE LAS ACTIVIDADES CRITICAS DE CONTROL DE CALIDAD Y PRODUCCION, DEBERAN SER NOTIFICADAS AL INVIMA CON EL FIN DE QUE SE EVALUE Y VERIFIQUE SI SE REQUIERE UNA VISITA DE AMPLIACION O VERIFICACION DEL CONCEPTO TECNICO EMITIDO, DE ACUERDO CON LAS DISPOSICIONES DE LA NORMATIVIDAD SANITARIA CORRESPONDIENTE, SO PENA DE LAS ACCIONES A QUE HAYA LUGAR.",2023-06-02T00:00:00.000,2028-07-04T00:00:00.000
2283S,MEDICARTE SAS - AGENCIA PEREIRA,PEREIRA,RISARALDA,Calle 8 Nro 19-12 piso 7 LocalES 702/703/507/508 Edificio Tripoli Bussines Center,Cumple,"CUMPLE CON LAS BUENAS PRACTICAS DE ELABORACION, PARA LOS SIGUIENTES PROCESOS Y/O ACTIVIDADES:

1. NO ESTERILES 
1.1. ADECUACIÒN Y AJUSTE DE CONCENTRACIONES DE DOSIS DE MEDICAMENTOS NO ONCOLOGICOS
1.1.1. LIQUIDOS

NOTAS ACLARATORIAS:
1.PREPARACIÓN MAGISTRAL: ES EL PREPARADO O PRODUCTO FARMACÉUTICO PARA ATENDER UNA PRESCRIPCIÓN MÉDICA, DE UN PACIENTE INDIVIDUAL, QUE REQUIERE DE ALGÚN TIPO DE INTERVENCIÓN TÉCNICA DE VARIADA COMPLEJIDAD. 
2.LA ADECUACIÓN Y AJUSTE DE MEDICAMENTOS NO ONCOLÓGICOS ES REALIZADA EN ÁREAS INDEPENDIENTES Y EXCLUSIVAS.
3.EL ANTERIOR CONCEPTO TÉCNICO, AUTORIZA ÚNICAMENTE LOS PROCESOS O ACTIVIDADES Y LAS FORMAS FARMACÉUTICAS ANTERIORMENTE DESCRITAS, PARA MEDICAMENTOS QUE REQUIEREN Y NO REQUIEREN CADENA DE FRIO CON EL FIN DE CUMPLIR CON LAS DOSIS PRESCRITAS. SE REFIERE A QUE DICHOS PROCESOS DEBEN CIRCUNSCRIBIRSE AL SISTEMA DE DISTRIBUCIÓN DE MEDICAMENTOS EN DOSIS UNITARIA.
4.LOS MEDICAMENTOS DE PARTIDA QUE VAN A SER SOMETIDOS A MEZCLA, ADECUACIONES Y AJUSTE DE CONCENTRACIONES CORRESPONDEN A FORMAS FARMACÉUTICAS SÓLIDAS Y LÍQUIDAS.  LA PRESENTACIÓN FINAL ES EN BOLSAS, JERINGAS, FRASCOS E INFUSORES. 
5.LOS PRODUCTOS ELABORADOS SÓLO PUEDEN SER COMERCIALIZADOS A TRAVÉS DE CONVENIOS O CONTRATOS ESTABLECIDOS CON OTROS ESTABLECIMIENTOS FARMACÉUTICOS AUTORIZADOS O SERVICIOS FARMACÉUTICOS HABILITADOS DE INSTITUCIONES PRESTADORAS DE SERVICIOS DE SALUD.
6.TODO CAMBIO CRÍTICO QUE SE HAGA Y AFECTE LAS CONDICIONES EVALUADAS Y CERTIFICADAS DURANTE LA PRESENTE AUDITORIA, RESPECTO A EQUIPOS, ÁREAS, PROCESOS PRODUCTIVOS, PERSONAL TÉCNICO PRINCIPAL O DE LAS EMPRESAS CON LAS QUE SE CONTRATÓ LA REALIZACIÓN DE ACTIVIDADES DE PRODUCCIÓN Y CONTROL DE CALIDAD, DEBERÁN SER NOTIFICADOS AL INVIMA CON EL FIN DE QUE ÉSTE EVALÚE Y VERIFIQUE SI SE REQUIERE UNA VISITA DE AMPLIACIÓN O VERIFICACIÓN DEL CONCEPTO TÉCNICO EMITIDO, DE ACUERDO CON LAS DISPOSICIONES DE LA NORMATIVIDAD SANITARIA CORRESPONDIENTE, SO PENA  DE LAS ACCIONES A QUE HAYA LUGAR.",2022-11-08T00:00:00.000,2027-12-30T00:00:00.000
2286S,CENTRO HOSPITALARIO SERENA DEL MAR S.A.,CARTAGENA,BOLIVAR,KILOMETRO 8 VÍA AL MAR,Cumple,"CUMPLE CON LAS BUENAS PRÁCTICAS DE ELABORACIÓN,  PARA LOS SIGUIENTES PROCESOS Y/O ACTIVIDADES QUE SE RELACIONAN A CONTINUACIÓN:

1.ESTERILES
1.1. ADECUACIÓN Y AJUSTE DE CONCENTRACIONES DE DOSIS DE MEDICAMENTOS ONCOLÓGICOS:
1.1.1. LIQUIDOS.
1.2. ADECUACIÓN Y AJUSTE DE CONCENTRACIONES DE DOSIS DE MEDICAMENTOS NO ONCOLÓGICOS:
1.2.1. LIQUIDOS.
1.3. PREPARACIÓN DE NUTRICIONES PARENTERALES:
1.3.1. LIQUIDOS.

2.NO ESTERILES
2.1 REENVASE Y REEMPAQUE DE MEDICAMENTOS:
2.1.1. SOLIDOS.
2.2. REENVASE Y REEMPAQUE DE MEDICAMENTOS:
2.2.1. SOLIDOS
2.2.2. LIQUIDOS

2.3. PREPARACION MAGISTRAL:
2.3.1. LIQUIDOS: SOLUCIONES Y SUSPENSIONES.


NOTAS ACLARATORIAS:
1.PREPARACIÓN MAGISTRAL: ES EL PREPARADO O PRODUCTO FARMACÉUTICO PARA ATENDER UNA PRESCRIPCIÓN MÉDICA, DE UN PACIENTE INDIVIDUAL, QUE REQUIERE DE ALGÚN TIPO DE INTERVENCIÓN TÉCNICA DE VARIADA COMPLEJIDAD.
2.LA ADECUACIÓN Y AJUSTE DE CONCENTRACIONES DE MEDICAMENTOS ONCOLÓGICOS ES REALIZADA EN ÁREAS INDEPENDIENTES Y EXCLUSIVAS.
3.LA ADECUACIÓN Y AJUSTE DE CONCENTRACIONES DE MEDICAMENTOS NO ONCOLÓGICOS Y NUTRICIONES PARENTERALES ES REALIZADA EN ÁREAS INDEPENDIENTES Y EXCLUSIVAS.
4.LOS MEDICAMENTOS DE PARTIDA QUE VAN A SER SOMETIDOS A MEZCLA, ADECUACIONES Y AJUSTE DE CONCENTRACIONES CORRESPONDEN A FORMAS FARMACÉUTICAS SÓLIDAS Y LÍQUIDAS. LA PRESENTACIÓN FINAL ES EN BOLSAS, MINIBOLSAS, INFUSORES Y JERINGAS.  
5.LOS PRODUCTOS ELABORADOS SÓLO PUEDEN SER COMERCIALIZADOS A TRAVÉS DE CONVENIOS O CONTRATOS ESTABLECIDOS CON OTROS ESTABLECIMIENTOS FARMACÉUTICOS AUTORIZADOS O SERVICIOS FARMACÉUTICOS HABILITADOS DE INSTITUCIONES PRESTADORAS DE SERVICIOS DE SALUD.
6.LOS MATERIALES DE PARTIDA PARA LAS PREPARACIONES MAGISTRALES CORRESPONDEN A MEDICAMENTOS LÍQUIDOS Y SÓLIDOS NO ESTÉRILES EN PRESENTACIONES COMERCIALES. ESTE CONCEPTO NO INCLUYE COMO MATERIALES DE PARTIDA MATERIAS PRIMAS ESTÉRILES Y NO ESTÉRILES.
7.EL ANTERIOR CONCEPTO TÉCNICO AUTORIZA ÚNICAMENTE LOS PROCESOS Y LAS FORMAS FARMACÉUTICAS ANTERIORMENTE DESCRITAS, PARA MEDICAMENTOS QUE REQUIEREN Y NO REQUIEREN CADENA DE FRÍO CON EL FIN DE CUMPLIR CON LAS DOSIS PRESCRITAS. SE REFIERE A QUE DICHOS PROCESOS DEBEN CIRCUNSCRIBIRSE AL SISTEMA DE DISTRIBUCIÓN DE MEDICAMENTOS EN DOSIS UNITARIA.
8.TODO CAMBIO CRÍTICO QUE SE HAGA Y AFECTE LAS CONDICIONES EVALUADAS Y CERTIFICADAS DURANTE LA PRESENTE AUDITORIA, RESPECTO A EQUIPOS, ÁREAS, PROCESOS PRODUCTIVOS, PERSONAL TÉCNICO PRINCIPAL (DIRECTOR TÉCNICO) O DE LAS EMPRESAS CON LAS QUE SE CONTRATÓ LA REALIZACIÓN DE ACTIVIDADES DE PRODUCCIÓN Y CONTROL DE CALIDAD, DEBERÁN SER NOTIFICADOS AL INVIMA CON EL FIN DE QUE ÉSTE EVALÚE Y VERIFIQUE SI SE REQUIERE UNA VISITA DE AMPLIACIÓN O VERIFICACIÓN DEL CONCEPTO TÉCNICO EMITIDO, DE ACUERDO CON LAS DISPOSICIONES DE LA NORMATIVIDAD SANITARIA CORRESPONDIENTE, SO PENA  DE LAS ACCIONES A QUE HAYA LUGAR.",2023-09-04T00:00:00.000,2028-10-11T00:00:00.000
2287S,"DUMIAN MEDICAL S.A.S., ESTABLECIMIENTO CLINICA SANTA GRACIA DUMIAN MEDICAL S.A.S.",POPAYAN,CAUCA,CALLE 15 NORTE NRO. 15 – 49,Cumple,"CUMPLE CON LAS BUENAS PRACTICAS DE ELABORACION PARA LOS SIGUIENTES PROCESOS Y/O ACTIVIDADES:

1. ESTERILES
1.1. ADECUACION Y/O AJUSTE DE CONCENTRACIONES DE DOSIS         DE MEDICAMENTOS ONCOLOGICOS.
1.1.1. LIQUIDOS
1.2. ADECUACION Y/O AJUSTE DE CONCENTRACIONES DE DOSIS             DE MEDICAMENTOS NO ONCOLOGICOS.
1.2.1. LIQUIDOS 
1.3. PREPARACION DE NUTRICIONES PARENTERALES.
1.3.1. LIQUIDOS

2. NO ESTERILES
2.1. RE-EMPAQUE DE MEDICAMENTOS.
2.1.1. SOLIDOS

NOTAS ACLARATORIAS:
1. PREPARACION MAGISTRAL: ES EL PREPARADO O PRODUCTO FARMACEUTICO PARA ATENDER UNA PRESCRIPCION MEDICA, DE UN PACIENTE INDIVIDUAL, QUE REQUIERE DE ALGUN TIPO DE INTERVENCION TECNICA DE VARIADA COMPLEJIDAD.
2. LA ADECUACION Y AJUSTE DE CONCENTRACIONES DE MEDICAMENTOS ONCOLOGICOS ES REALIZADA EN AREAS INDEPENDIENTES Y EXCLUSIVAS.
3. LA ADECUACION Y AJUSTE DE CONCENTRACIONES DE MEDICAMENTOS NO ONCOLOGICOS Y PREPARACION DE LAS NUTRICIONES PARENTERALES ES REALIZADA EN AREAS INDEPENDIENTES Y EXCLUSIVAS.
4. LOS MEDICAMENTOS ESTERILES DE PARTIDA QUE VAN A SER SOMETIDOS A MEZCLA, ADECUACIONES Y AJUSTE DE CONCENTRACIONES CORRESPONDEN A FORMAS FARMACEUTICAS SOLIDAS Y LIQUIDAS. LA PRESENTACION FINAL ES EN BOLSAS, MINI BOLSAS, INFUSORES O JERINGAS.
5. LOS PRODUCTOS ELABORADOS SOLO PUEDEN SER COMERCIALIZADOS A TRAVES DE CONVENIOS O CONTRATOS ESTABLECIDOS CON OTROS ESTABLECIMIENTOS FARMACEUTICOS AUTORIZADOS O SERVICIOS FARMACEUTICOS HABILITADOS DE INSTITUCIONES PRESTADORAS DE SERVICIOS DE SALUD.
6. EL ANTERIOR CONCEPTO TECNICO AUTORIZA UNICAMENTE LOS PROCESOS Y LAS FORMAS FARMACEUTICAS ANTERIORMENTE DESCRITAS, PARA MEDICAMENTOS QUE REQUIEREN Y NO REQUIEREN CADENA DE FRIO CON EL FIN DE CUMPLIR CON LAS DOSIS PRESCRITAS. SE REFIERE A QUE DICHOS PROCESOS DEBEN CIRCUNSCRIBIRSE AL SISTEMA DE DISTRIBUCION DE MEDICAMENTOS EN DOSIS UNITARIA.
7. TODO CAMBIO CRITICO QUE SE HAGA Y AFECTE LAS CONDICIONES EVALUADAS Y CERTIFICADAS DURANTE LA PRESENTE AUDITORIA, RESPECTO A EQUIPOS, AREAS, PROCESOS PRODUCTIVOS, PERSONAL TECNICO PRINCIPAL (DIRECTOR TECNICO) O DE LAS EMPRESAS CON LAS QUE SE CONTRATO LA REALIZACION DE ACTIVIDADES DE PRODUCCION Y CONTROL DE CALIDAD, DEBERAN SER NOTIFICADOS AL INVIMA CON EL FIN DE QUE ESTE EVALUE Y VERIFIQUE SI SE REQUIERE UNA VISITA DE AMPLIACION O VERIFICACION DEL CONCEPTO TECNICO EMITIDO, DE ACUERDO CON LAS DISPOSICIONES DE LA NORMATIVIDAD SANITARIA CORRESPONDIENTE, SO PENA DE LAS ACCIONES A QUE HAYA LUGAR.",2023-07-21T00:00:00.000,2028-08-14T00:00:00.000
1753S,CORPORACIÓN PARA ESTUDIOS EN SALUD - CLINICA CES,MEDELLIN,ANTIOQUIA,CALLE 58 Nro. 50C-02  PRADO CENTRO,Cumple,"CUMPLE CON LAS BUENAS PRACTICAS DE ELABORACION PARA LOS SIGUIENTES PROCESOS Y/O ACTIVIDADES:

1.     ESTERILES
1.1. ADECUACION Y AJUSTE DE CONCENTRACIONES DE            DOSIS DE MEDICAMENTOS ONCOLOGICOS :  LIQUIDOS
1.2. ADECUACION Y AJUSTE DE CONCENTRACIONES DE DOSIS DE MEDICAMENTOS NO ONCOLOGICOS: LIQUIDOS
1.3. PREPARACION DE NUTRICIONES PARENTERALES: LIQUIDOS 

2. NO ESTERILES
2.1. REEMPAQUE DE MEDICAMENTOS: SOLIDOS
2.2. REENVASE DE MEDICAMENTOS: SOLIDOS Y LIQUIDOS
2.3. PREPARACIONES MAGISTRALES: LIQUIDOS


NOTAS ACLARATORIAS:
1. PREPARACION MAGISTRAL: ES EL PREPARADO O PRODUCTO FARMACEUTICO PARA ATENDER UNA PRESCRIPCION MEDICA, DE UN PACIENTE INDIVIDUAL, QUE REQUIERE DE ALGUN TIPO DE INTERVENCION TECNICA DE VARIADA COMPLEJIDAD.
2. LA ADECUACION Y AJUSTE DE CONCENTRACIONES DE MEDICAMENTOS ONCOLOGICOS ES REALIZADA EN AREAS INDEPENDIENTES Y EXCLUSIVAS.
3. LA ADECUACION Y AJUSTE DE CONCENTRACIONES DE MEDICAMENTOS NO ONCOLOGICOS Y NUTRICIONES PARENTERALES ES REALIZADA EN AREAS INDEPENDIENTES Y EXCLUSIVAS.
4. LOS MEDICAMENTOS DE PARTIDA QUE VAN A SER SOMETIDOS A MEZCLA, ADECUACIONES Y AJUSTE DE CONCENTRACIONES CORRESPONDEN A FORMAS FARMACEUTICAS SOLIDAS Y LIQUIDAS ESTERILES. LA PRESENTACION FINAL ES EN BOLSAS, JERINGAS E INFUSORES.
5. EL ANTERIOR CONCEPTO TECNICO AUTORIZA UNICAMENTE LOS PROCESOS Y LAS FORMAS FARMACEUTICAS ANTERIORMENTE DESCRITAS, PARA MEDICAMENTOS QUE REQUIEREN Y NO REQUIEREN CADENA DE FRIO CON EL FIN DE CUMPLIR CON LAS DOSIS PRESCRITAS. SE REFIERE A QUE DICHOS PROCESOS DEBEN CIRCUNSCRIBIRSE AL SISTEMA DE DISTRIBUCION DE MEDICAMENTOS EN DOSIS UNITARIA.
6. LOS PRODUCTOS ELABORADOS SOLO PUEDEN SER COMERCIALIZADOS A TRAVES DE CONVENIOS O CONTRATOS ESTABLECIDOS CON OTROS ESTABLECIMIENTOS FARMACEUTICOS AUTORIZADOS O SERVICIOS FARMACEUTICOS HABILITADOS DE INSTITUCIONES PRESTADORAS DE SERVICIOS DE SALUD.
7. TODO CAMBIO CRITICO QUE SE HAGA Y AFECTE LAS CONDICIONES EVALUADAS Y CERTIFICADAS DURANTE LA PRESENTE AUDITORIA, RESPECTO A EQUIPOS, AREAS, PROCESOS PRODUCTIVOS, PERSONAL TECNICO PRINCIPAL (DIRECTOR TECNICO), O DE LAS EMPRESAS CON LAS QUE SE CONTRATO LA REALIZACION DE ACTIVIDADES DE PRODUCCION Y CONTROL DE CALIDAD, DEBERAN SER NOTIFICADOS AL INVIMA CON EL FIN DE QUE ESTE EVALUE Y VERIFIQUE SI SE REQUIERE UNA VISITA DE AMPLIACION O VERIFICACION DEL CONCEPTO TECNICO EMITIDO, DE ACUERDO CON LAS DISPOSICIONES DE LA NORMATIVIDAD SANITARIA CORRESPONDIENTE, SO PENA DE LAS ACCIONES A QUE HAYA LUGAR.",2023-05-12T00:00:00.000,2028-06-09T00:00:00.000
2289S,MD FARMACIA MAGISTRAL S.A.S,BOGOTA,BOGOTA D.C.,"Carrera 48 # 91-46 La Castellana, Bogotá D.C",Cumple,"CUMPLE CON LAS BUENAS PRACTICAS DE ELABORACION PARA LOS SIGUIENTES PROCESOS Y/O ACTIVIDADES:

1. NO ESTERILES 
1.1 PREPARACION MAGISTRALES 
1.1.1 LIQUIDOS: SOLUCIONES, SUSPENSIONES Y EMULSIONES
1.1.2 SEMISOLIDOS: GELES, CREMAS Y UNGÜENTOS
1.1.3 SOLIDOS: CAPSULAS DURAS, TABLETAS SIN CUBIERTA Y POLVOS NO EFERVESCENTES

NOTAS ACLARATORIAS: 
1. PREPARACIÓN MAGISTRAL: ES EL PREPARADO O PRODUCTO FARMACEUTICO PARA ATENDER UNA PRESCRIPCION MEDICA, DE UN PACIENTE INDIVIDUAL, QUE REQUIERE DE ALGUN TIPO DE INTERVENCION TECNICA DE VARIADA COMPLEJIDAD. 
2. LA ELABORACION DE LAS TABLETAS SIN CUBIERTA SE OBTIENE DE LA SOLIDIFICACION DE UN SEMISOLIDO, POR LO TANTO, EN SU FABRICACION NO SE REQUIERE EQUIPO DE COMPRESION, Y LA ADMINISTRACION DE LAS MISMAS SON DE USO SUBLINGUAL. 
3. LAS CAPSULAS DURAS PUEDEN CONTEMPLARSE DE MATERIAL CELULOSA O GELATINA. 
4. EL ANTERIOR CONCEPTO TECNICO AUTORIZA UNICAMENTE LOS PROCESOS Y LAS FORMAS FARMACEUTICAS ANTERIORMENTE DESCRITAS, PARA MAGISTRALES NO ESTERILES QUE NO REQUIEREN CADENA DE FRIO CON EL FIN DE CUMPLIR CON LAS DOSIS PRESCRITAS. SE REFIERE A QUE DICHOS PROCESOS DEBEN CIRCUNSCRIBIRSE AL SISTEMA DE DISTRIBUCION DE MEDICAMENTOS EN DOSIS UNITARIA. 
5. LOS PRODUCTOS ELABORADOS SOLO PUEDEN SER COMERCIALIZADOS A TRAVES DE CONVENIOS O CONTRATOS ESTABLECIDOS CON OTROS ESTABLECIMIENTOS FARMACEUTICOS AUTORIZADOS O SERVICIOS FARMACEUTICOS HABILITADOS DE INSTITUCIONES PRESTADORAS DE SERVICIOS DE SALUD. 
6. TODO CAMBIO CRITICO QUE SE HAGA Y AFECTE LAS CONDICIONES EVALUADAS Y CERTIFICADAS DURANTE LA PRESENTE AUDITORIA, RESPECTO A EQUIPOS, AREAS, PROCESOS PRODUCTIVOS, PERSONAL TECNICO PRINCIPAL (DIRECTOR TECNICO) O DE LAS EMPRESAS CON LAS QUE SE CONTRATO LA REALIZACION DE ACTIVIDADES DE PRODUCCION Y CONTROL DE CALIDAD, DEBERAN SER NOTIFICADOS AL INVIMA CON EL FIN DE QUE ESTE EVALUE Y VERIFIQUE SI SE REQUIERE UNA VISITA DE AMPLIACION O VERIFICACION DEL CONCEPTO TECNICO EMITIDO, DE ACUERDO CON LAS DISPOSICIONES DE LA NORMATIVIDAD SANITARIA CORRESPONDIENTE, SO PENA DE LAS ACCIONES A QUE HAYA LUGAR.",2023-11-02T00:00:00.000,2028-12-13T00:00:00.000
1486S,CLINICA COLSANITAS S.A.- CLINICA UNIVERSITARIOA COLOMBIA,BOGOTA D.C.,BOGOTA D.C.,Calle 23 No. 66 - 46 piso 9,Cumple,"CUMPLE CON LAS BUENAS PRACTICAS DE ELABORACION PARA LOS SIGUIENTES PROCESOS Y/O ACTIVIDADES:

1. ESTERILES
1.1. ADECUACION Y AJUSTE DE CONCENTRACIONES DE DOSIS DE MEDICAMENTOS ONCOLOGICOS
1.2. LIQUIDOS
1.3. ADECUACION Y AJUSTE DE CONCENTRACIONES DE DOSIS DE MEDICAMENTOS NO ONCOLOGICOS: LIQUIDOS
1.4. PREPARACION DE NUTRICIONES PARENTERALES:LIQUIDOS
1.5. REENVASE: LIQUIDOS

2. NO ESTERILES
3. REENVASE DE MEDICAMENTOS: LIQUIDOS.
4. PREPARACIONES MAGISTRALES: LIQUIDOS (SUSPENSIONES)


5. NOTAS ACLARATORIAS:
5.1. PREPARACION MAGISTRAL: ES EL PREPARADO O PRODUCTO FARMACEUTICO PARA ATENDER UNA PRESCRIPCION MEDICA, DE UN PACIENTE INDIVIDUAL, QUE REQUIERE DE ALGUN TIPO DE INTERVENCION TECNICA DE VARIADA COMPLEJIDAD.
5.2. LA ADECUACION Y AJUSTE DE CONCENTRACIONES DE MEDICAMENTOS ONCOLOGICOS ES REALIZADA EN AREAS INDEPENDIENTES Y EXCLUSIVAS.
5.3. LA ADECUACION Y AJUSTE DE CONCENTRACIONES DE MEDICAMENTOS NO ONCOLOGICOS Y NUTRICIONES PARENTERALES ES REALIZADA EN AREAS INDEPENDIENTES Y EXCLUSIVAS.
5.4. EL ANTERIOR CONCEPTO TECNICO AUTORIZA UNICAMENTE LOS PROCESOS Y LAS FORMAS FARMACEUTICAS ANTERIORMENTE DESCRITAS, PARA MEDICAMENTOS QUE REQUIEREN Y NO REQUIEREN CADENA DE FRIO CON EL FIN DE CUMPLIR CON LAS DOSIS PRESCRITAS. SE REFIERE A QUE DICHOS PROCESOS DEBEN CIRCUNSCRIBIRSE AL SISTEMA DE DISTRIBUCION DE MEDICAMENTOS EN DOSIS UNITARIA.
5.5. LOS MEDICAMENTOS DE PARTIDA QUE VAN A SER SOMETIDOS A MEZCLA, ADECUACIONES Y AJUSTE DE CONCENTRACIONES CORRESPONDEN A FORMAS FARMACEUTICAS SOLIDAS Y LIQUIDAS. LA PRESENTACION FINAL ES EN BOLSAS, MINIBOLSAS, INFUSORES O JERINGAS.
5.6. LOS PRODUCTOS ELABORADOS SOLO PUEDEN SER COMERCIALIZADOS A TRAVES DE CONVENIOS O CONTRATOS ESTABLECIDOS CON OTROS ESTABLECIMIENTOS FARMACEUTICOS AUTORIZADOS O SERVICIOS FARMACEUTICOS HABILITADOS DE INSTITUCIONES PRESTADORAS DE SERVICIOS DE SALUD.
5.7. TODO CAMBIO CRITICO QUE SE HAGA Y AFECTE LAS CONDICIONES EVALUADAS Y CERTIFICADAS DURANTE LA PRESENTE AUDITORIA, RESPECTO A EQUIPOS, AREAS, PROCESOS PRODUCTIVOS, DIRECTOR TECNICO O DE LAS EMPRESAS CON LAS QUE SE CONTRATO LA REALIZACION DE ACTIVIDADES DE PRODUCCION Y CONTROL DE CALIDAD, DEBERAN SER NOTIFICADOS AL INVIMA CON EL FIN DE QUE ESTE EVALUE Y VERIFIQUE SI SE REQUIERE UNA VISITA DE AMPLIACION O VERIFICACION DEL CONCEPTO TECNICO EMITIDO, DE ACUERDO CON LAS DISPOSICIONES DE LA NORMATIVIDAD SANITARIA CORRESPONDIENTE, SO PENA  DE LAS ACCIONES A QUE HAYA LUGAR.",2023-04-14T00:00:00.000,2028-05-15T00:00:00.000
2290S,CLINICA UNIVERSITARIA MEDICINA INTEGRAL S.A.,MONTERIA,CORDOBA,Calle 44 No. 14 – 232 de Montería – Córdoba,Cumple,"CUMPLE CON LAS BUENAS PRACTICAS DE ELABORACION PARA LOS SIGUIENTES PROCESOS Y/O ACTIVIDADES:

1.ESTERILES:
1.1.ADECUACION Y AJUSTE DE CONCENTRACIONES DE MEDICAMENTOS NO ONCOLOGICOS.
1.1.1.LIQUIDOS.
1.2. PREPARACION DE NUTRICIONES PARENTERALES.
1.2.1.LIQUIDOS.
2.NO ESTERILES
2.1.REEMPAQUE DE MEDICAMENTOS.
2.1.2. SOLIDOS.
2.2.REENVASE DE MEDICAMENTOS.
2.2.1.LIQUIDOS.

NOTAS ACLARATORIAS:

1.PREPARACION MAGISTRAL: ES EL PREPARADO O PRODUCTO FARMACEUTICO PARA ATENDER UNA PRESCRIPCION MEDICA, DE UN PACIENTE INDIVIDUAL, QUE REQUIERE DE ALGUN TIPO DE INTERVENCION TECNICA DE VARIADA COMPLEJIDAD.
2.LA ADECUACION Y AJUSTE DE CONCENTRACIONES DE MEDICAMENTOS NO ONCOLOGICOS Y NUTRICIONES PARENTERALES ES REALIZADA EN AREAS INDEPENDIENTES Y EXCLUSIVAS.
3.LOS MEDICAMENTOS DE PARTIDA QUE VAN A SER SOMETIDOS A MEZCLA, ADECUACIONES Y AJUSTE DE CONCENTRACIONES CORRESPONDEN A FORMAS FARMACEUTICAS SOLIDAS Y LIQUIDAS. LA PRESENTACION FINAL ES EN BOLSAS O JERINGAS.
4.LOS PRODUCTOS ELABORADOS SOLO PUEDEN SER COMERCIALIZADOS A TRAVES DE CONVENIOS O CONTRATOS ESTABLECIDOS CON OTROS ESTABLECIMIENTOS FARMACEUTICOS AUTORIZADOS O SERVICIOS FARMACEUTICOS HABILITADOS DE INSTITUCIONES PRESTADORAS DEL SERVICIO DE SALUD.
5.EL ANTERIOR CONCEPTO TECNICO AUTORIZA UNICAMENTE LOS PROCESOS Y LAS FORMAS FARMACEUTICAS ANTERIORMENTE DESCRITAS, PARA MEDICAMENTOS QUE REQUIEREN Y NO REQUIEREN CADENA DE FRIO CON EL FIN DE CUMPLIR CON LAS DOSIS PRESCRITAS. SE REFIERE A QUE DICHOS PROCESOS DEBEN CIRCUNSCRIBIRSE AL SISTEMA DE DISTRIBUCION DE MEDICAMENTOS EN DOSIS UNITARIA.
6.TODO CAMBIO CRITICO QUE SE HAGA Y AFECTE LAS CONDICIONES EVALUADAS Y CERTIFICADAS DURANTE LA PRESENTE AUDITORIA, RESPECTO A EQUIPOS, AREAS, PROCESOS PRODUCTIVOS, PERSONAL TECNICO PRINCIPAL (DIRECCION TECNICA) O DE LAS EMPRESAS CON LAS QUE SE CONTRATO LA REALIZACION DE ACTIVIDADES DE PRODUCCION Y CONTROL DE CALIDAD, DEBERAN SER NOTIFICADOS AL INVIMA CON EL FIN DE QUE ESTE EVALUE Y VERIFIQUE SI SE REQUIERE UNA VISITA DE AMPLIACION O VERIFICACION DEL CONCEPTO TECNICO EMITIDO, DE ACUERDO CON LAS DISPOSICIONES DE LA NORMATIVIDAD SANITARIA CORRESPONDIENTE, SO PENA DE LAS ACCIONES A QUE HAYA LUGAR.",2024-02-28T00:00:00.000,2029-03-19T00:00:00.000
2293R,INSTITUTO MEDICO DE ALTA TECNOLOGIA S.A.S (IMAT S.A.S),MONTERIA,CORDOBA,Calle 72 Nro. 6A – 87,Cumple,"CUMPLE CON LAS BUENAS PRACTICAS DE ELABORACION DE RADIOFARMACOS PARA:

1. ESTERILES

1.1.ELUCION Y RADIOMARCACION DE KITS CON REGISTRO SANITARIO VIGENTE, EMPLEANDO RADIONUCLIDOS OBTENIDOS DE GENERADORES CON REGISTRO SANITARIO (99MO/99MTC), APROBADOS PARA USO HUMANO, SIGUIENDO ESTRICTAMENTE LAS INDICACIONES DEL FABRICANTE. 
1.1.1. LÍQUIDOS: SOLUCIONES Y SUSPENSIONES


NOTAS ACLARATORIAS: 

1. PREPARACION MAGISTRAL: ES EL PREPARADO O PRODUCTO FARMACEUTICO PARA ATENDER UNA PRESCRIPCION MEDICA, DE UN PACIENTE INDIVIDUAL, QUE REQUIERE DE ALGUN TIPO DE INTERVENCION TECNICA DE VARIADA COMPLEJIDAD. 
2. EL PRESENTE CONCEPTO INCLUYE LOS PROCESOS DE ELUCION, MARCACION Y DOSIFICACION DE LOS RADIONUCLIDOS CON LOS FARMACOS DESCRITOS ANTERIORMENTE. 
3. LOS PROCESOS ANTERIORMENTE MENCIONADOS SE REALIZAN DE FORMA ASEPTICA.
4. EL ANTERIOR CONCEPTO TECNICO, AUTORIZA UNICAMENTE LOS PROCESOS Y LAS FORMAS FARMACEUTICAS ANTERIORMENTE DESCRITAS. 
5. TODO CAMBIO CRITICO QUE SE HAGA Y AFECTE LAS CONDICIONES EVALUADAS Y CERTIFICADAS DURANTE LA PRESENTE AUDITORIA, RESPECTO A EQUIPOS, AREAS, PROCESOS PRODUCTIVOS, PERSONAL TECNICO PRINCIPAL (DIRECTOR TECNICO) O DE LAS EMPRESAS CON LAS QUE SE CONTRATO LA REALIZACION DE ACTIVIDADES DE PRODUCCION Y CONTROL DE CALIDAD, DEBERAN SER NOTIFICADOS AL INVIMA CON EL FIN DE QUE ESTE EVALUE Y VERIFIQUE SI SE REQUIERE UNA VISITA DE AMPLIACION O VERIFICACION DEL CONCEPTO TECNICO EMITIDO, DE ACUERDO CON LAS DISPOSICIONES DE LA NORMATIVIDAD SANITARIA CORRESPONDIENTE",2025-02-03T00:00:00.000,2030-03-03T00:00:00.000
2298S,CENTRAL DE REEMPAQUE Y REENVASE ORION,COTA,CUNDINAMARCA,"Vda Siberia, Predio San Gregorio Bg 1A",Cumple,"CUMPLE CON LAS BUENAS PRACTICAS DE ELABORACION PARA LOS SIGUIENTES PROCESOS Y/O ACTIVIDADES:

1. NO ESTERILES
1.1 REEMPAQUE DE MEDICAMENTOS
1.1.1 SOLIDOS
1.2 REENVASE DE MEDICAMENTOS
1.2.1 SOLIDOS


NOTAS ACLARATORIAS
1.EL REENVASE O REEMPAQUE DE MEDICAMENTOS CITOTOXICOS ES REALIZADO EN LAS MISMAS AREAS DE REENVASE Y REEMPAQUE POR CAMPAÑAS.
2.LOS MEDICAMENTOS DE PARTIDA QUE VAN A SER SOMETIDOS A REEMPAQUE Y REENVASE CORRESPONDEN A FORMAS FARMACEUTICAS SOLIDAS. LA PRESENTACION FINAL ES EN BOLSAS.
3.EL ANTERIOR CONCEPTO TECNICO AUTORIZA UNICAMENTE LOS PROCESOS Y LAS FORMAS FARMACEUTICAS ANTERIORMENTE DESCRITAS, PARA MEDICAMENTOS QUE NO REQUIEREN CADENA DE FRIO CON EL FIN DE CUMPLIR CON LAS DOSIS PRESCRITAS. SE REFIERE A QUE DICHOS PROCESOS DEBEN CIRCUNSCRIBIRSE AL SISTEMA DE DISTRIBUCION DE MEDICAMENTOS EN DOSIS UNITARIA.
4.LOS PRODUCTOS ELABORADOS SOLO PUEDEN SER COMERCIALIZADOS A TRAVES DE CONVENIOS O CONTRATOS ESTABLECIDOS CON OTROS ESTABLECIMIENTOS FARMACEUTICOS AUTORIZADOS O SERVICIOS FARMACEUTICOS HABILITADOS DE INSTITUCIONES PRESTADORAS DE SERVICIOS DE SALUD.
5.TODO CAMBIO CRITICO QUE SE HAGA Y AFECTE LAS CONDICIONES EVALUADAS Y CERTIFICADAS DURANTE LA PRESENTE AUDITORIA, RESPECTO A EQUIPOS, AREAS, PROCESOS PRODUCTIVOS, PERSONAL TECNICO PRINCIPAL (DIRECTOR TECNICO) O DE LAS EMPRESAS CON LAS QUE SE CONTRATO LA REALIZACION DE ACTIVIDADES DE PRODUCCION Y CONTROL DE CALIDAD, DEBERAN SER NOTIFICADOS AL INVIMA CON EL FIN DE QUE ESTE EVALUE Y VERIFIQUE SI SE REQUIERE UNA VISITA DE AMPLIACION O VERIFICACION DEL CONCEPTO TECNICO EMITIDO, DE ACUERDO CON LAS DISPOSICIONES DE LA NORMATIVIDAD SANITARIA CORRESPONDIENTE, SO PENADE LAS ACCIONES A QUE HAYA LUGAR.",2023-09-29T00:00:00.000,2028-10-27T00:00:00.000
1960S,HOSPITAL SAN JUAN DE DIOS ESE RIONEGRO  SEDE JORGE HUMBERTO GONZÁLEZ NOREÑA,RIONEGRO,ANTIOQUIA,CARRERA 48 Nro. 56-59 de RIONEGRO (ANTIOQUIA),Cumple,"CUMPLE CON LAS BUENAS PRACTICAS DE ELABORACION PARA LOS SIGUIENTES PROCESOS Y/O ACTIVIDADES

1. ESTERILES
1.1 ADECUACION Y AJUSTE DE CONCENTRACIONES DE DOSIS DE MEDICAMENTOS ONCOLOGICOS
1.1.1 LIQUIDOS
1.2 ADECUACION Y AJUSTE DE CONCENTRACIONES DE DOSIS DE MEDICAMENTOS NO ONCOLOGICOS
1.2.1 LIQUIDOS
1.3 PREPARACION DE NUTRICIONES PARENTERALES 
1.3.1 LIQUIDOS

2. NO ESTERILES
2.1 REENVASE DE MEDICAMENTOS 
2.1.2 LIQUIDOS.
2.2 REENVASE Y REEMPAQUE DE MEDICAMENTOS
2.2.1 SOLIDOS.
2.3 PREPARACION MAGISTRALES
2.3.1 LIQUIDOS: SOLUCIONES Y SUSPENSIONES.

NOTAS ACLARATORIAS:
1. PREPARACION MAGISTRAL: ES EL PREPARADO O PRODUCTO FARMACEUTICO PARA ATENDER UNA PRESCRIPCION MEDICA, DE UN PACIENTE INDIVIDUAL, QUE REQUIERE DE ALGUN TIPO DE INTERVENCION TECNICA DE VARIADA COMPLEJIDAD.
2. LA ADECUACION Y AJUSTE DE CONCENTRACIONES DE MEDICAMENTOS ONCOLOGICOS ES REALIZADA EN AREAS INDEPENDIENTES Y EXCLUSIVAS.
3. LA ADECUACION Y AJUSTE DE CONCENTRACIONES DE MEDICAMENTOS NO ONCOLOGICOS Y NUTRICIONES PARENTERALES ES REALIZADA EN AREAS INDEPENDIENTES Y EXCLUSIVAS.
4. LOS MEDICAMENTOS DE PARTIDA QUE VAN A SER SOMETIDOS A MEZCLA, ADECUACIONES Y AJUSTE DE CONCENTRACIONES CORRESPONDEN A FORMAS FARMACEUTICAS SOLIDAS Y LIQUIDAS. LA PRESENTACION FINAL ES EN BOLSAS, MINIBOLSAS, INFUSORES Y JERINGAS. 
5. LOS PRODUCTOS ELABORADOS SOLO PUEDEN SER COMERCIALIZADOS A TRAVES DE CONVENIOS O CONTRATOS ESTABLECIDOS CON OTROS ESTABLECIMIENTOS FARMACEUTICOS AUTORIZADOS O SERVICIOS FARMACEUTICOS HABILITADOS DE INSTITUCIONES PRESTADORAS DE SERVICIOS DE SALUD.
6. LOS MATERIALES DE PARTIDA PARA LAS PREPARACIONES MAGISTRALES CORRESPONDEN A MEDICAMENTOS LIQUIDOS Y SOLIDOS NO ESTERILES EN PRESENTACIONES COMERCIALES. ESTE CONCEPTO NO INCLUYE COMO MATERIALES DE PARTIDA MATERIAS PRIMAS ESTERILES Y NO ESTERILES.
7. EL ANTERIOR CONCEPTO TECNICO AUTORIZA UNICAMENTE LOS PROCESOS Y LAS FORMAS FARMACEUTICAS ANTERIORMENTE DESCRITAS, PARA MEDICAMENTOS QUE REQUIEREN Y NO REQUIEREN CADENA DE FRIO CON EL FIN DE CUMPLIR CON LAS DOSIS PRESCRITAS. SE REFIERE A QUE DICHOS PROCESOS DEBEN CIRCUNSCRIBIRSE AL SISTEMA DE DISTRIBUCION DE MEDICAMENTOS EN DOSIS UNITARIA.
8. TODO CAMBIO CRITICO QUE SE HAGA Y AFECTE LAS CONDICIONES EVALUADAS Y CERTIFICADAS DURANTE LA PRESENTE AUDITORIA, RESPECTO A EQUIPOS, AREAS, PROCESOS PRODUCTIVOS, PERSONAL TECNICO PRINCIPAL (DIRECTOR TECNICO) O DE LAS EMPRESAS CON LAS QUE SE CONTRATO LA REALIZACION DE ACTIVIDADES DE PRODUCCION Y CONTROL DE CALIDAD, DEBERAN SER NOTIFICADOS AL INVIMA CON EL FIN DE QUE ESTE EVALUE Y VERIFIQUE SI SE REQUIERE UNA VISITA DE AMPLIACION O VERIFICACION DEL CONCEPTO TECNICO EMITIDO, DE ACUERDO CON LAS DISPOSICIONES DE LA NORMATIVIDAD SANITARIA CORRESPONDIENTE, SO PENA DE LAS ACCIONES A QUE HAYA LUGAR.",2023-10-03T00:00:00.000,2028-10-27T00:00:00.000
2300S,FLORA MED S.A.S. (antes BREEZE LABORATORY S.A.S.),BOGOTA D.C.,BOGOTA D.C.,Carrera 22 No. 164 - 42,Cumple,"CUMPLE CON LAS BUENAS PRÁCTICAS DE ELABORACION, PARA LOS SIGUIENTES PROCESOS Y/O ACTIVIDADES:

1. NO ESTERILES

1.1. PREPARACIONES MAGISTRALES: 
1.1.1       LÍQUIDOS (SOLUCIONES, EMULSIONES, SUSPENSIONES)
1.1.2       SEMISOLIDOS (CREMAS, GELES Y UNGÜENTOS)

1.1. PREPARACIONES MAGISTRALES (DERIVADOS DE CANNABIS): 
1.1.1       LÍQUIDOS (SOLUCIONES ORALES O TOPICAS)
1.1.2       SEMISOLIDOS (CREMAS Y UNGÜENTOS)

NOTAS ACLARATORIAS

1. PREPARACION MAGISTRAL: ES EL PREPARADO O PRODUCTO FARMACEUTICO PARA ATENDER UNA PRESCRIPCION MEDICA, DE UN PACIENTE INDIVIDUAL, QUE REQUIERE DE ALGÚN TIPO DE INTERVENCIÓN TECNICA DE VARIADA COMPLEJIDAD.
2. EL ANTERIOR CONCEPTO TÉCNICO AUTORIZA ÚNICAMENTE LOS PROCESOS Y LAS FORMAS FARMACÉUTICAS ANTERIORMENTE DESCRITAS, PARA MEDICAMENTOS QUE NO REQUIEREN CADENA DE FRÍO CON EL FIN DE CUMPLIR CON LAS DOSIS PRESCRITAS. SE REFIERE A QUE DICHOS PROCESOS DEBEN CIRCUNSCRIBIRSE AL SISTEMA DE DISTRIBUCIÓN DE MEDICAMENTOS EN DOSIS UNITARIA.
3.  LOS PRODUCTOS ELABORADOS SOLO PUEDEN SER COMERCIALIZADOS A TRAVES DE CONVENIOS O CONTRATOS ESTABLECIDOS CON OTROS ESTABLECIMIENTOS FARMACEUTICOS AUTORIZADOS O SERVICIOS FARMACEUTICOS HABILITADOS DE INSTITUCIONES PRESTADORAS DE SERVICIO DE SALUD.
4. SI SE CAMBIA EL PROVEEDOR DE EXTRACTOS DE CANNABIS SE DEBE INFORMAR AL INVIMA JUNTO CON LAS LICENCIAS DE AUTORIZACION PARA QUE SE VERIFIQUE SI SE REQUIERE O NO VISITA DE AMPLIACION.
5. EL ANTERIOR CONCEPTO TÉCNICO, AUTORIZA ÚNICAMENTE LOS PROCESOS Y LAS FORMAS FARMACÉUTICAS ANTERIORMENTE DESCRITAS.
6. TODO CAMBIO CRITICO QUE SE HAGA Y AFECTE LAS CONDICIONES EVALUADAS Y CERTIFICADAS DURANTE LA PRESENTE AUDITORIA, RESPECTO A EQUIPOS, ÁREAS, PROCESOS PRODUCTIVOS, PERSONAL TÉCNICO PRINCIPAL O DE LAS EMPRESAS CON LAS QUE SE CONTRATÓ LA REALIZACIÓN DE ACTIVIDADES DE PRODUCCIÓN Y CONTROL DE CALIDAD, DEBERÁN SER NOTIFICADOS AL INVIMA CON EL FIN DE QUE ESTE EVALUE Y VERIFIQUE SI SE REQUIERE UNA VISITA DE AMPLIACION O VERIFICACION DEL CONCEPTO TECNICO EMITIDO, DE ACUERDO CON LAS DISPOSICIONES DE LA NORMATIVIDAD SANITARIA CORRESPONDIENTE, SO PENA  DE LAS ACCIONES A QUE HAYA LUGAR.",2023-04-10T00:00:00.000,2028-04-28T00:00:00.000
2309S,UNIDOSSIS S.A.S (Regional Ibague Federico LLeras),IBAGUE,TOLIMA,CALLE 33 No. 4A-50,Cumple,"CUMPLE  CON LAS BUENAS PRACTICAS DE ELABORACION, POR LO TANTO, SE RENUEVA EL CONCEPETO TECNICO PARA LOS SIGUIENTES PROCESOS Y/O ACTIVIDADES:

1. ESTERILES 
1.1. ADECUACION Y AJUSTE DE CONCENTRACIONES DE DOSIS DE MEDICAMENTOS ONCOLOGICOS 
1.1.1. LIQUIDOS
1.2. ADECUACION Y AJUSTE DE CONCENTRACIONES DE DOSIS DE MEDICAMENTOS NO ONCOLOGICOS
1.2.1. LIQUIDOS
1.3. PREPARACION DE NUTRICIONES PARENTERALES
1.3.1. LIQUIDOS

2. NO ESTERILES
2.1. REEMPAQUE DE MEDICAMENTOS
2.1.1. SOLIDOS
2.2. REENVASE DE MEDICAMENTOS
2.2.1. LIQUIDOS 
2.2.2. SOLIDOS
2.3. PREPARACIONES MAGISTRALES
2.3.1. LIQUIDOS: SOLUCIONES Y SUSPENSIONES ORALES.

NOTAS ACLARATORIAS:
1.PREPARACION MAGISTRAL: ES EL PREPARADO O PRODUCTO FARMACEUTICO PARA ATENDER UNA PRESCRIPCION MEDICA, DE UN PACIENTE INDIVIDUAL, QUE REQUIERE DE ALGUN TIPO DE INTERVENCION TECNICA DE VARIADA COMPLEJIDAD.
2.LA ADECUACION Y AJUSTE DE CONCENTRACIONES DE MEDICAMENTOS ONCOLOGICOS ES REALIZADA EN AREAS INDEPENDIENTES Y EXCLUSIVAS.
3.LA ADECUACION Y AJUSTE DE CONCENTRACIONES DE MEDICAMENTOS NO ONCOLOGICOS Y NUTRICIONES PARENTERALES ES REALIZADA EN AREAS INDEPENDIENTES Y EXCLUSIVAS.
4.EL ANTERIOR CONCEPTO TECNICO AUTORIZA UNICAMENTE LOS PROCESOS Y LAS FORMAS FARMACEUTICAS ANTERIORMENTE DESCRITAS, PARA MEDICAMENTOS QUE REQUIEREN Y NO REQUIEREN CADENA DE FRIO CON EL FIN DE CUMPLIR CON LAS DOSIS PRESCRITAS. SE REFIERE A QUE DICHOS PROCESOS DEBEN CIRCUNSCRIBIRSE AL SISTEMA DE DISTRIBUCION DE MEDICAMENTOS EN DOSIS UNITARIA.
5.LOS MEDICAMENTOS DE PARTIDA QUE VAN A SER SOMETIDOS A MEZCLA, ADECUACIONES Y AJUSTE DE CONCENTRACIONES CORRESPONDEN A FORMAS FARMACEUTICAS SOLIDAS Y LIQUIDAS. LA PRESENTACION FINAL ES EN BOLSAS, BURETROLES O JERINGAS.
6.EL ANTERIOR CONCEPTO TECNICO, AUTORIZA UNICAMENTE LOS PROCESOS Y LAS FORMAS FARMACEUTICAS ANTERIORMENTE DESCRITAS.
7.TODO CAMBIO CRITICO QUE SE HAGA Y AFECTE LAS CONDICIONES EVALUADAS Y CERTIFICADAS DURANTE LA PRESENTE AUDITORIA, RESPECTO A EQUIPOS, AREAS, PROCESOS PRODUCTIVOS, PERSONAL TECNICO PRINCIPAL O DE LAS EMPRESAS CON LAS QUE SE CONTRATO LA REALIZACION DE ACTIVIDADES DE PRODUCCION Y CONTROL DE CALIDAD, DEBERÁN SER NOTIFICADOS AL INVIMA CON EL FIN DE QUE ESTE EVALUE Y VERIFIQUE SI SE REQUIERE UNA VISITA DE AMPLIACION O VERIFICACION DEL CONCEPTO TECNICO EMITIDO, DE ACUERDO CON LAS DISPOSICIONES DE LA NORMATIVIDAD SANITARIA CORRESPONDIENTE, SO PENA DE LAS ACCIONES A QUE HAYA LUGAR.",2024-01-09T00:00:00.000,2027-01-31T00:00:00.000
2313,ALIANZA FARMACEUTICA CORP S.A.S,CARTAGENA,BOLIVAR,BARRIO ARMENIA DIAGONAL 30 A NRO 30 A 77 PISO 3,Cumple,"CUMPLE CON LAS BUENAS PRACTICAS DE ELABORACION, PARA LOS SIGUIENTES PROCESOS Y/O ACTIVIDADES: 

1. ESTERILES 
1.1 ADECUACION Y AJUSTE DE CONCENTRACIONES DE DOSIS DE MEDICAMENTOS ONCOLOGICOS 
1.1.1 LIQUIDOS 
2. NO ESTERILES 
2.1 REEMPAQUE DE MEDICAMENTOS 
2.1.1 SOLIDOS 

NOTAS ACLARATORIAS:
1.PREPARACION MAGISTRAL: ES EL PREPARADO O PRODUCTO FARMACEUTICO PARA ATENDER UNA PRESCRIPCION MEDICA, DE UN PACIENTE INDIVIDUAL, QUE REQUIERE DE ALGUN TIPO DE INTERVENCION TECNICA DE VARIADA COMPLEJIDAD.
2.LA ADECUACION Y AJUSTE DE CONCENTRACIONES DE MEDICAMENTOS ESTERILES ONCOLOGICOS ES REALIZADA EN AREAS INDEPENDIENTES Y EXCLUSIVAS.
3.LOS MEDICAMENTOS DE PARTIDA QUE VAN A SER SOMETIDOS A MEZCLA, ADECUACIONES Y AJUSTE DE CONCENTRACIONES DE DOSIS CORRESPONDEN A FORMAS FARMACEUTICAS SOLIDAS Y LIQUIDAS. LA PRESENTACION FINAL ES EN BOLSAS, JERINGAS E INFUSORES.
4.LOS PRODUCTOS ELABORADOS SOLO PUEDEN SER COMERCIALIZADOS A TRAVES DE CONVENIOS O CONTRATOS ESTABLECIDOS CON OTROS ESTABLECIMIENTOS FARMACEUTICOS AUTORIZADOS O SERVICIOS FARMACEUTICOS HABILITADOS DE INSTITUCIONES PRESTADORAS DE SERVICIOS DE SALUD. EL ANTERIOR CONCEPTO TECNICO AUTORIZA UNICAMENTE LOS PROCESOS Y LAS FORMAS FARMACEUTICAS ANTERIORMENTE DESCRITAS, PARA MEDICAMENTOS QUE REQUIEREN Y NO REQUIEREN CADENA DE FRIO CON EL FIN DE CUMPLIR CON LAS DOSIS PRESCRITAS. SE REFIERE A QUE DICHOS PROCESOS DEBEN CIRCUNSCRIBIRSE AL SISTEMA DE DISTRIBUCION DE MEDICAMENTOS EN DOSIS UNITARIA
5.TODO CAMBIO CRITICO QUE SE HAGA Y AFECTE LAS CONDICIONES EVALUADAS Y CERTIFICADAS DURANTE LA PRESENTE AUDITORIA, RESPECTO A EQUIPOS, AREAS, PROCESOS PRODUCTIVOS, PERSONAL TECNICO PRINCIPAL (DIRECTOR TECNICO),  O DE LAS EMPRESAS CON LAS QUE SE CONTRATO LA REALIZACION DE ACTIVIDADES DE PRODUCCION Y CONTROL DE CALIDAD, DEBERAN SER NOTIFICADOS AL INVIMA CON EL FIN DE QUE ESTE EVALUE Y VERIFIQUE SI SE REQUIERE UNA VISITA DE AMPLIACION O VERIFICACION DEL CONCEPTO TECNICO EMITIDO, DE ACUERDO CON LAS DISPOSICIONES DE LA NORMATIVIDAD SANITARIA CORRESPONDIENTE, SO PENA  DE LAS ACCIONES A QUE HAYA LUGAR.",2024-04-03T00:00:00.000,2029-04-29T00:00:00.000
2315,FARMAQUIRURGICOS JM S.A.S,NEIVA,HUILA,CARRERA 1G N° 14 A - 63 NEIVA,Cumple,"CUMPLE CONLAS BUENAS PRÁCTICAS DE ELABORACION PARA LOS SIGUIENTES PROCESOS Y/O ACTIVIDADES:

1. ESTERILES
1.1. ADECUACION Y AJUSTE DE CONCENTRACIONES DE DOSIS DE  MEDICAMENTOS NO ONCOLOGICOS: LIQUIDOS
1.2. ADECUACION Y AJUSTE DE CONCENTRACIONES DE DOSIS DE MEDICAMENTOS NO ONCOLOGICOS: LIQUIDOS
1.3. PREPARACION DE NUTRICIONES PARENTERALES: LIQUIDOS 

2.   NO ESTERILES
2.1. ELABORACION DE PREPARACIONES MAGISTRALES: LIQUIDOS (SOLUCIONES ORALES O SUSPENSIONES)
2.2. REEMPAQUE: SOLIDOS
2.3. REENVASE: SOLIDOS Y LIQUIDOS.

NOTAS ACLARATORIAS:
1. LA ADECUACION Y AJUSTE DE CONCENTRACIONES DE MEDICAMENTOS NO ONCOLOGICOS, ONCOLOGICOS Y NUTRICIONES PARENTERALES ES REALIZADA EN AREAS INDEPENDIENTES Y EXCLUSIVAS DOTADAS CON CABINAS DE SEGURIDAD BIOLOGICA Y CABINA DE FLUJO LAMINAR.
2. LOS MEDICAMENTOS DE PARTIDA QUE VAN A SER SOMETIDOS A MEZCLA, ADECUACIONES Y AJUSTE DE CONCENTRACIONES DE DOSIS CORRESPONDEN A FORMAS FARMACEUTICAS SOLIDAS Y LIQUIDAS. LA PRESENTACION FINAL DE PRODUCTOS ESTERILES ES EN BOLSAS Y JERINGAS EN FORMAS FARMACEUTICAS LIQUIDAS.
3. LOS PRODUCTOS ELABORADOS SOLO PUEDEN SER COMERCIALIZADOS A TRAVES DE CONVENIOS O CONTRATOS ESTABLECIDOS CON OTROS ESTABLECIMIENTOS FARMACEUTICOS AUTORIZADOS O SERVICIOS FARMACEUTICOS HABILITADOS DE INSTITUCIONES PRESTADORAS DEL SERVICIO DE SALUD.
4. EL ANTERIOR CONCEPTO TECNICO AUTORIZA UNICAMENTE LOS PROCESOS Y LAS FORMAS FARMACEUTICAS ANTERIORMENTE DESCRITAS, PARA MEDICAMENTOS QUE REQUIEREN Y NO REQUIEREN CADENA DE FRIO CON EL FIN DE CUMPLIR CON LAS DOSIS PRESCRITAS. SE REFIERE A QUE DICHOS PROCESOS DEBEN CIRCUNSCRIBIRSE AL SISTEMA DE DISTRIBUCION DE MEDICAMENTOS EN DOSIS UNITARIA.
5. CUALQUIER MODIFICACION QUE SE HAGA EN LAS CONDICIONES EVALUADAS Y CERTIFICADAS DURANTE LA PRESENTE AUDITORIA, RESPECTO A EQUIPOS, AREAS, PROCESOS PRODUCTIVOS, PERSONAL TECNICO PRINCIPAL O DE LAS EMPRESAS CON LAS QUE SE CONTRATO LA REALIZACION DE ACTIVIDADES CRITICAS DE PRODUCCION Y CONTROL DE CALIDAD, DEBERAN SER NOTIFICADAS AL INVIMA CON EL FIN DE QUE ESTE EVALUE Y VERIFIQUE SI SE REQUIERE UNA VISITA DE AMPLIACION O VERIFICACION DEL CONCEPTO TECNICO EMITIDO, DE ACUERDO CON LAS DISPOSICIONES DE LA NORMATIVIDAD SANITARIA CORRESPONDIENTE, SO PENA DE LAS ACCIONES A QUE HAYA LUGAR.",2024-09-30T00:00:00.000,2029-10-28T00:00:00.000
2316S,EMPRESA SOCIAL DEL ESTADO PASTO SALUD E.S.E.,PASTO,NARIÑO,CARRERA 20 No. 19B-22,Cumple,"CUMPLE CON LAS BUENAS PRÁCTICAS DE ELABORACIÓN PARA LOS SIGUIENTES PROCESOS Y/O ACTIVIDADES:

1. NO ESTERILES
PROCESO O ACTIVIDAD/FORMA FARMACEUTICA
1.1 REEMPAQUE DE MEDICAMENTOS
1.1.1 SÓLIDOS.

NOTAS ACLARATORIAS:
1. EL ANTERIOR CONCEPTO TÉCNICO AUTORIZA ÚNICAMENTE LOS PROCESOS Y LAS FORMAS FARMACÉUTICAS ANTERIORMENTE DESCRITAS, PARA MEDICAMENTOS QUE NO REQUIEREN CADENA DE FRÍO CON EL FIN DE CUMPLIR CON LAS DOSIS PRESCRITAS. SE REFIERE A QUE DICHOS PROCESOS DEBEN CIRCUNSCRIBIRSE AL SISTEMA DE DISTRIBUCIÓN DE MEDICAMENTOS EN DOSIS UNITARIA. 
2. LOS PRODUCTOS ELABORADOS SÓLO PUEDEN SER COMERCIALIZADOS A TRAVÉS DE CONVENIOS O CONTRATOS ESTABLECIDOS CON OTROS SERVICIOS FARMACÉUTICOS HABILITADOS DE INSTITUCIONES PRESTADORAS DE SERVICIOS DE SALUD.
3. TODO CAMBIO CRÍTICO QUE SE HAGA Y AFECTE LAS CONDICIONES EVALUADAS Y CERTIFICADAS DURANTE LA PRESENTE AUDITORIA, RESPECTO A EQUIPOS, ÁREAS, PROCESOS PRODUCTIVOS, PERSONAL TÉCNICO PRINCIPAL (DIRECTOR TÉCNICO) O DE LAS EMPRESAS CON LAS QUE SE CONTRATÓ LA REALIZACIÓN DE ACTIVIDADES DE PRODUCCIÓN Y CONTROL DE CALIDAD, DEBERÁN SER NOTIFICADOS AL INVIMA CON EL FIN DE QUE ÉSTE EVALÚE Y VERIFIQUE SI SE REQUIERE UNA VISITA DE AMPLIACIÓN O VERIFICACIÓN DEL CONCEPTO TÉCNICO EMITIDO, DE ACUERDO CON LAS DISPOSICIONES DE LA NORMATIVIDAD SANITARIA CORRESPONDIENTE, SO PENA DE LAS ACCIONES A QUE HAYA LUGAR.",2024-03-20T00:00:00.000,2029-04-29T00:00:00.000
2327S,HOSPITALARTE S.A.S ESTABLECIMIENTO HOSPITALARTE CAM PEREIRA (ANTES AUDIFARMA PEREIRA),PEREIRA,RISARALDA,"CALLE 105 No. 13-34, Esquina, Nivel 1",Cumple,"CUMPLE CON LAS BUENAS PRÁCTICAS DE ELABORACION PARA LOS SIGUIENTES PROCESOS Y/O ACTIVIDADES:

1. ESTERILES
1.1. ADECUACIÓN Y AJUSTE DE CONCENTRACIONES DE DOSIS DE MEDICAMENTOS NO ONCOLÓGICOS.
1.1.1. LIQUIDOS

1.2. ADECUACIÓN Y AJUSTE DE CONCENTRACIONES DE DOSIS DE MEDICAMENTOS ONCOLÓGICOS.
1.2.1 LIQUIDOS.

1.3. PREPARACION DE NUTRICIONES PARENTERALES.
1.3.1 LIQUIDOS.

2. NO ESTERILES
2.1 PREPARACION DE MAGISTRALES
2.1.1. LIQUIDOS Y SEMISOLIDOS.

2.2. REEMPAQUE DE MEDICAMENTOS
2.2.1. SOLIDOS

2.3. REENVASE DE MEDICAMENTOS.
2.3.1 LIQUIDOS Y SOLIDOS

NOTAS ACLARATORIAS:
1. PREPARACIÓN MAGISTRAL: ES EL PREPARADO O PRODUCTO FARMACÉUTICO PARA ATENDER UNA PRESCRIPCIÓN MÉDICA, DE UN PACIENTE INDIVIDUAL, QUE REQUIERE DE ALGÚN TIPO DE INTERVENCIÓN MÉDICA DE VARIADA COMPLEJIDAD.
2. LA ADECUACIÓN Y AJUSTE DE CONCENTRACIONES DE MEDICAMENTOS ESTÉRILES ONCOLÓGICOS, NO ONCOLÓGICOS Y NUTRICIONES PARENTERALES ES REALIZADA EN ÁREAS INDEPENDIENTES Y EXCLUSIVAS PARA CADA UNO DE ELLOS.
3. LOS MEDICAMENTOS DE PARTIDA QUE VAN A SER SOMETIDOS A MEZCLA, ADECUACIONES Y AJUSTE DE CONCENTRACIONES DE DOSIS CORRESPONDEN A FORMAS FARMACÉUTICAS SÓLIDAS Y LÍQUIDAS. LA PRESENTACIÓN FINAL ES EN BOLSAS, JERINGAS E INFUSORES.
4. LA PREPARACIÓN DE LOS MAGISTRALES LÍQUIDOS Y SOLIDOS PARA SU PREPARACIÓN, PUEDEN PARTIR DE MATERIAS PRIMAS O DE PRODUCTOS TERMINADOS.
5. LA PRESENTACIÓN FINAL DE LAS NUTRICIONES PARENTERALES ES EN BOLSA EVA.
6. EL ANTERIOR CONCEPTO TÉCNICO AUTORIZA ÚNICAMENTE LOS PROCESOS Y LAS FORMAS FARMACÉUTICAS ANTERIORMENTE DESCRITAS, PARA MEDICAMENTOS QUE REQUIEREN Y NO REQUIEREN CADENA DE FRÍO CON EL FIN DE CUMPLIR CON LAS DOSIS PRESCRITAS. SE REFIERE A QUE DICHOS PROCESOS DEBEN CIRCUNSCRIBIRSE AL SISTEMA DE DISTRIBUCIÓN DE MEDICAMENTOS EN DOSIS UNITARIA.
7. TODO CAMBIO CRÍTICO QUE SE HAGA Y AFECTE LAS CONDICIONES EVALUADAS Y CERTIFICADAS DURANTE LA PRESENTE AUDITORIA, RESPECTO A EQUIPOS, ÁREAS, PROCESOS PRODUCTIVOS, PERSONAL TÉCNICO PRINCIPAL (DIRECTOR TÉCNICO) O DE LAS EMPRESAS CON LAS QUE SE CONTRATÓ LA REALIZACIÓN DE ACTIVIDADES DE PRODUCCIÓN Y CONTROL DE CALIDAD, DEBERÁN SER NOTIFICADOS AL INVIMA CON EL FIN DE QUE ÉSTE EVALÚE Y VERIFIQUE SI SE REQUIERE UNA VISITA DE AMPLIACIÓN O VERIFICACIÓN DEL CONCEPTO TÉCNICO EMITIDO, DE ACUERDO CON LAS DISPOSICIONES DE LA NORMATIVIDAD SANITARIA CORRESPONDIENTE, SO PENA  DE LAS ACCIONES A QUE HAYA LUGAR.",2024-12-06T00:00:00.000,2029-12-30T00:00:00.000
2333R,PRONUCLEAR S.A.S (ANTES EXPEDIENTE 1961S),BOGOTA,BOGOTA D.C.,CALLE 127C Nro. 45A -66,Cumple,"CUMPLE CON LAS BUENAS PRACTICAS DE ELABORACION DE RADIOFARMACOS - BPER PARA LOS SIGUIENTES PROCESOS Y/O ACTIVIDADES:
 
1. ESTERILES
1.1. RADIOMARCACION, DILUCION, DOSIFICACION Y AJUSTE DE CONCENTRACION DE MUESTRAS AUTOLOGAS PARA REINYECCION AL PACIENTE ORIGINAL. EN ESTE PROCESO SE REALIZA LA RADIOMARCACION, DILUCION, DOSIFICACION Y AJUSTE DE CONCENTRACION DE MUESTRAS AUTOLOGAS PARA REINYECCION AL PACIENTE ORIGINAL (POR EJEMPLO, LEUCOCITOS MARCADOS CON 99MTC, GLOBULOS ROJOS MARCADOS CON 99MTC, DESNATURALIZADOS
1.1.1. LIQUIDO: SUSPENSION EN JERINGA 
1.2.  RADIOMARCACION DE KITS QUE CUENTAN CON REGISTRO SANITARIO VIGENTE. PARA ESTE PROCESO SE REALIZA LA RADIOMARCACION DE KITS QUE CUENTAN CON REGISTRO SANITARIO, EMPLEANDO RADIONÚCLIDOS OBTENIDOS DE GENERADORES CON REGISTRO SANITARIO (POR EJEMPLO, 99MO/99MTC), APROBADOS PARA USO HUMANO, SIGUIENDO ESTRICTAMENTE LAS INDICACIONES DEL FABRICANTE.
1.2.1. LIQUIDO: SOLUCION O SUSPENSION EN JERINGA
1.3. RADIOMARCACION DE KITS CON REGISTRO SANITARIO EMPLEANDO RADIONÚCLIDOS DE USO TERAPEUTICO. EN ESTE PROCESO SE REALIZA LA MARCACION DE KITS CON REGISTRO SANITARIO EMPLEANDO RADIONÚCLIDOS DE USO TERAPEUTICO (POR EJEMPLO, 177LU) 
1.3.1. LIQUIDO: SOLUCIONES Y SUSPENSION EN JERINGA
2. NO ESTERILES
2.1. ELABORACION, REENVASE Y REEMPAQUE DE RADIOFARMACOS DE ADMINISTRACION ORAL PARA TERAPIA, PREPARADOS CON RADIONÚCLIDOS Y MATERIAS PRIMAS. PARA ESTE PROCESO SE REALIZA LA ELABORACION, REENVASE Y REEMPAQUE DE RADIOFARMACOS DE ADMINISTRACION ORAL PARA TERAPIA, PREPARADOS CON RADIONÚCLIDOS Y MATERIAS PRIMAS EN DOSIS UNITARIA PARA ATENDER UNA PRESCRIPCION MEDICA DE UN PACIENTE INDIVIDUAL (POR EJEMPLO, 131I-LODURO DE SODIO DE SOLUCION A CAPSULAS)
2.1.1. SOLIDO: CAPSULAS DURA DE GELATINA

NOTAS ACLARATORIAS: 
1. PREPARADO MAGISTRAL. ES EL PREPARADO O PRODUCTO FARMACEUTICO PARA ATENDER UNA PRESCRIPCION MEDICA, DE UN PACIENTE INDIVIDUAL, QUE REQUIERE DE ALGÚN TIPO DE INTERVENCION TECNICA DE VARIADA COMPLEJIDAD. LA PREPARACION MAGISTRAL DEBE SER DE DISPENSACION INMEDIATA. 
2. LOS PROCESOS ANTERIORMENTE MENCIONADOS SE REALIZAN DE FORMA ASEPTICA (ESTERILES). 
3. EL ANTERIOR CONCEPTO TECNICO AUTORIZA ÚNICAMENTE LOS PROCESOS Y LAS FORMAS FARMACEUTICAS ANTERIORMENTE DESCRITAS, PARA RADIOFARMACOS QUE NO REQUIEREN CADENA DE FRIO CON EL FIN DE CUMPLIR CON LAS DOSIS PRESCRITAS. SE REFIERE A QUE DICHOS PROCESOS DEBEN CIRCUNSCRIBIRSE AL SISTEMA DE DISTRIBUCION DE MEDICAMENTOS EN DOSIS UNITARIA. 
4. LOS PRODUCTOS ELABORADOS ÚNICAMENTE PODRAN SER COMERCIALIZADOS MEDIANTE CONVENIOS O CONTRATOS PREVIAMENTE ESTABLECIDOS CON RADIOFARMACIAS O CENTROS DE MEDICINA NUCLEAR, CONFORME A LOS TERMINOS ACORDADOS ENTRE LAS PARTES. 
5. TODO CAMBIO CRITICO QUE SE HAGA Y AFECTE LAS CONDICIONES EVALUADAS Y CERTIFICADAS DURANTE LA PRESENTE AUDITORIA, RESPECTO A EQUIPOS, AREAS, PROCESOS PRODUCTIVOS, PERSONAL TECNICO PRINCIPAL (DIRECTOR TECNICO) O DE LAS EMPRESAS CON LAS QUE SE CONTRATO LA REALIZACION DE ACTIVIDADES DE PRODUCCION Y CONTROL DE CALIDAD, DEBERAN SER NOTIFICADOS AL INVIMA CON EL FIN DE QUE ESTE EVALÚE Y VERIFIQUE SI SE REQUIERE UNA VISITA DE AMPLIACION O VERIFICACION DEL CONCEPTO TECNICO EMITIDO, DE ACUERDO CON LAS DISPOSICIONES DE LA NORMATIVIDAD SANITARIA CORRESPONDIENTE, SO PENA  DE LAS ACCIONES A QUE HAYA LUGAR.",2025-12-02T00:00:00.000,2030-12-30T00:00:00.000
2335R,CICLOTRON COLOMBIA ZF S.A.S,PALMIRA,VALLE DEL CAUCA,"CRT YUMBO-AEROPUERTO KM6, LOTE 3 MANZANA N, ZONA FRANCA DEL PACIFICO",Cumple,"CUMPLE CON LAS BUENAS PRACTICAS DE ELABORACION DE RADIOFARMACOS - BPER PARA LOS SIGUIENTES PROCESOS Y/O ACTIVIDADES:

1. ESTERILES
1.1. SINTESIS EN SITIO, DILUCION, DOSIFICACION Y AJUSTE DE CONCENTRACION EN ACTIVIDAD DE RADIOFARMACOS PARA TOMOGRAFIA POR EMISION DE POSITRONES – PET DE 18F
1.1.1. LIQUIDOS: SOLUCIONES Y SUSPENSIONES EN JERINGAS

NOTAS ACLARATORIAS:
1. PREPARACION MAGISTRAL: ES EL PREPARADO O PRODUCTO FARMACEUTICO PARA ATENDER UNA PRESCRIPCION MEDICA, DE UN PACIENTE INDIVIDUAL, QUE REQUIERE DE ALGUN TIPO DE INTERVENCION TECNICA DE VARIADA COMPLEJIDAD.
2. EL PRESENTE CONCEPTO INCLUYE LOS PROCESOS DE SINTESIS Y DOSIFICACION DE LOS RADIONUCLIDOS CON LOS FARMACOS DESCRITOS ANTERIORMENTE. 
3. EL PROCESO DE DOSIFICACION SE REALIZA DE FORMA ASEPTICA. 
4. EL ANTERIOR CONCEPTO INCLUYE LA DOSIFICACION Y ENTREGA DE VIALES MULTIDOSIS DE RADIOFARMACO OBTENIDOS DE LA SINTESIS DE 18F. 
5. EL ANTERIOR CONCEPTO TECNICO AUTORIZA UNICAMENTE LOS PROCESOS Y LAS FORMAS FARMACEUTICAS ANTERIORMENTE DESCRITAS, PARA MEDICAMENTOS QUE NO REQUIEREN CADENA DE FRIO CON EL FIN DE CUMPLIR CON LAS DOSIS PRESCRITAS. SE REFIERE A QUE DICHOS PROCESOS DEBEN CIRCUNSCRIBIRSE AL SISTEMA DE DISTRIBUCION DE MEDICAMENTOS EN DOSIS UNITARIA. 
6. LOS PRODUCTOS ELABORADOS SOLO PUEDEN SER COMERCIALIZADOS A TRAVES DE CONVENIOS O CONTRATOS ESTABLECIDOS CON OTROS SERVICIOS FARMACEUTICOS HABILITADOS DE INSTITUCIONES PRESTADORAS DE SERVICIOS DE SALUD. 
7. TODO CAMBIO CRITICO QUE SE HAGA Y AFECTE LAS CONDICIONES EVALUADAS Y CERTIFICADAS DURANTE LA PRESENTE AUDITORIA, RESPECTO A EQUIPOS, AREAS, PROCESOS PRODUCTIVOS, PERSONAL TECNICO PRINCIPAL (DIRECTOR TECNICO) O DE LAS EMPRESAS CON LAS QUE SE CONTRATO LA REALIZACION DE ACTIVIDADES DE PRODUCCION Y CONTROL DE CALIDAD, DEBERAN SER NOTIFICADOS AL INVIMA CON EL FIN DE QUE ESTE EVALUE Y VERIFIQUE SI SE REQUIERE UNA VISITA DE AMPLIACION O VERIFICACION DEL CONCEPTO TECNICO EMITIDO, DE ACUERDO CON LAS DISPOSICIONES DE LA NORMATIVIDAD SANITARIA CORRESPONDIENTE, SO PENA DE LAS ACCIONES A QUE HAYA LUGAR",2024-11-26T00:00:00.000,2029-12-12T00:00:00.000
2320S,ROPIM S.A.S,COTA,CUNDINAMARCA,"Conjunto industrial AEPI, Parcelas de Cota km 1.3, Bodega Nro. 13, Cota - Cundinamarca",Cumple,"CUMPLE CON LAS BUENAS PRACTICAS DE ELABORACION, PARA LOS SIGUIENTES PROCESOS Y/O ACTIVIDADES:

PREPARACIONES MAGISTRALES: 
1. NO ESTERILES
1.1 LIQUIDOS: SOLUCIONES, EMULSIONES 
1.2 SEMISOLIDOS: CREMAS, UNGÜENTOS Y GELES.

NOTAS ACLARATORIAS:

1. PREPARACION MAGISTRAL: ES EL PREPARADO O PRODUCTO FARMACEUTICO PARA ATENDER UNA PRESCRIPCION MEDICA, DE UN PACIENTE INDIVIDUAL, QUE REQUIERE DE ALGUN TIPO DE INTERVENCION TECNICA DE VARIADA COMPLEJIDAD.
2. LOS PRODUCTOS ELABORADOS SOLO PUEDEN SER COMERCIALIZADOS A TRAVES DE CONVENIOS O CONTRATOS ESTABLECIDOS CON OTROS ESTABLECIMIENTOS FARMACEUTICOS AUTORIZADOS O SERVICIOS FARMACEUTICOS HABILITADOS DE INSTITUCIONES PRESTADORAS DE SERVICIOS DE SALUD.
3. EL ANTERIOR CONCEPTO TECNICO AUTORIZA UNICAMENTE LOS PROCESOS Y LAS FORMAS FARMACEUTICAS ANTERIORMENTE DESCRITAS, PARA MEDICAMENTOS QUE REQUIEREN Y NO REQUIEREN CADENA DE FRIO CON EL FIN DE CUMPLIR CON LAS DOSIS PRESCRITAS. SE REFIERE A QUE DICHOS PROCESOS DEBEN CIRCUNSCRIBIRSE AL SISTEMA DE DISTRIBUCION DE MEDICAMENTOS EN DOSIS UNITARIA.
4. TODO CAMBIO CRITICO QUE SE HAGA Y AFECTE LAS CONDICIONES EVALUADAS Y CERTIFICADAS DURANTE LA PRESENTE AUDITORIA, RESPECTO A EQUIPOS, AREAS, PROCESOS PRODUCTIVOS, PERSONAL TECNICO PRINCIPAL (DIRECTOR TECNICO) O DE LAS EMPRESAS CON LAS QUE SE CONTRATO LA REALIZACION DE ACTIVIDADES DE PRODUCCION Y CONTROL DE CALIDAD, DEBERAN SER NOTIFICADOS AL INVIMA CON EL FIN DE QUE ESTE EVALUE Y VERIFIQUE SI SE REQUIERE UNA VISITA DE AMPLIACION O VERIFICACION DEL CONCEPTO TECNICO EMITIDO, DE ACUERDO CON LAS DISPOSICIONES DE LA NORMATIVIDAD SANITARIA CORRESPONDIENTE, SO PENA  DE LAS ACCIONES A QUE HAYA LUGAR.",2025-08-08T00:00:00.000,2030-09-16T00:00:00.000
1755S,CENTRO RADIO ONCOLOGICO DEL CARIBE S.A.S. ANTES CENTRO RADIO ONCOLOGICO DEL CARIBE LTDA.,CARTAGENA,BOLIVAR,CARRERA 48 Nro. 30 – 60 BARRIO ARMENIA,Cumple,"CUMPLE CON LAS BUENAS PRACTICAS DE ELABORACION PARA LOS SIGUIENTES PROCESOS Y/O ACTIVIDADES:
1.ESTERILES
1.1 ADECUACION Y AJUSTE DE CONCENTRACIONES DE DOSIS DE MEDICAMENTOS ONCOLOGICOS
1.1.1 LIQUIDOS
1.2 ADECUACION Y AJUSTE DE CONCENTRACIONES DE DOSIS DE MEDICAMENTOS NO ONCOLOGICOS
1.2.1 LIQUIDOS
1.3 PREPARACION DE NUTRICIONES PARENTERALES
1.3.1 LIQUIDOS 
NOTAS
1. PREPARACION MAGISTRAL: ES EL PREPARADO O PRODUCTO FARMACEUTICO PARA ATENDER UNA PRESCRIPCION MEDICA, DE UN PACIENTE INDIVIDUAL, QUE REQUIERE DE ALGUN TIPO DE INTERVENCION TECNICA DE VARIADA COMPLEJIDAD.
2. LA ADECUACION Y AJUSTE DE CONCENTRACIONES DE MEDICAMENTOS ESTERILES NO ONCOLOGICOS Y NUTRICIONES PARENTERALES ES REALIZADA EN AREAS INDEPENDIENTES Y EXCLUSIVAS.
3. LA ADECUACION Y AJUSTE DE CONCENTRACIONES DE MEDICAMENTOS ONCOLOGICOS ES REALIZADA EN AREAS INDEPENDIENTES Y EXCLUSIVAS.
4. LOS MEDICAMENTOS DE PARTIDA QUE VAN A SER SOMETIDOS A MEZCLA, ADECUACIONES Y AJUSTE DE CONCENTRACIONES DE DOSIS CORRESPONDEN A FORMAS FARMACEUTICAS SOLIDAS Y LIQUIDAS. LA PRESENTACION FINAL ES EN BOLSAS, MINI BOLSA O JERINGAS. 
5. LA PRESENTACION FINAL DE LAS NUTRICIONES PARENTERALES ES EN BOLSAS EVA 
6. LOS PRODUCTOS ELABORADOS SOLO PUEDEN SER COMERCIALIZADOS A TRAVES DE CONVENIOS O CONTRATOS ESTABLECIDOS CON OTROS ESTABLECIMIENTOS FARMACEUTICOS AUTORIZADOS O SERVICIOS FARMACEUTICOS HABILITADOS DE INSTITUCIONES PRESTADORAS DE SERVICIOS DE SALUD.
7. EL ANTERIOR CONCEPTO TECNICO AUTORIZA UNICAMENTE LOS PROCESOS Y LAS FORMAS FARMACEUTICAS ANTERIORMENTE DESCRITAS, PARA MEDICAMENTOS QUE REQUIEREN Y NO REQUIEREN CADENA DE FRIO CON EL FIN DE CUMPLIR CON LAS DOSIS PRESCRITAS. SE REFIERE A QUE DICHOS PROCESOS DEBEN CIRCUNSCRIBIRSE AL SISTEMA DE DISTRIBUCION DE MEDICAMENTOS EN DOSIS UNITARIA.
8. TODO CAMBIO CRITICO QUE SE HAGA Y AFECTE LAS CONDICIONES EVALUADAS Y CERTIFICADAS DURANTE LA PRESENTE AUDITORIA, RESPECTO A EQUIPOS, AREAS, PROCESOS PRODUCTIVOS, PERSONAL TECNICO PRINCIPAL(DIRECTOR TECNICO) O DE LAS EMPRESAS CON LAS QUE SE CONTRATO LA REALIZACION DE ACTIVIDADES DE PRODUCCION Y CONTROL DE CALIDAD, DEBERAN SER NOTIFICADOS AL INVIMA CON EL FIN DE QUE ESTE EVALUE Y VERIFIQUE SI SE REQUIERE UNA VISITA DE AMPLIACION O VERIFICACION DEL CONCEPTO TECNICO EMITIDO, DE ACUERDO CON LAS DISPOSICIONES DE LA NORMATIVIDAD SANITARIA CORRESPONDIENTE, SO PENA DE LAS ACCIONES A QUE HAYA LUGAR.",2026-03-13T00:00:00.000,2031-03-07T00:00:00.000
2354S,IPS CENTROS CLINICOS ESPECIALIZADOS S.A.S.,ENVIGADO,ANTIOQUIA,Calle 38 SUR No. 46 - 17,Cumple,"CUMPLE CON LAS BUENAS PRACTICAS DE ELABORACION PARA LOS SIGUIENTES PROCESOS Y/O ACTIVIDADES:

1. ESTERILES
1.1. LIQUIDOS
1.1.1. ADECUACION Y AJUSTE DE CONCENTRACIONES DE DOSIS DE MEDICAMENTOS ONCOLOGICOS.
1.1.2. ADECUACION Y AJUSTE DE CONCENTRACIONES DE DOSIS DE MEDICAMENTOS NO ONCOLOGICOS:

2.  NO ESTERILES
2.1.  SOLIDOS
2.1.1.  REEMPAQUE 
NOTAS ACLARATORIAS:
1.PREPARACIÓN MAGISTRAL: ES EL PREPARADO O PRODUCTO FARMACÉUTICO PARA ATENDER UNA PRESCRIPCIÓN MÉDICA, DE UN PACIENTE INDIVIDUAL, QUE REQUIERE DE ALGÚN TIPO DE INTERVENCIÓN TÉCNICA DE VARIADA COMPLEJIDAD.
2.LA ADECUACIÓN Y AJUSTE DE CONCENTRACIONES DE MEDICAMENTOS ONCOLÓGICOS ES REALIZADA EN ÁREAS INDEPENDIENTES Y EXCLUSIVAS.
3.LA ADECUACIÓN Y AJUSTE DE CONCENTRACIONES DE MEDICAMENTOS NO ONCOLÓGICOS ES REALIZADA EN ÁREAS INDEPENDIENTES Y EXCLUSIVAS.
4.LOS MEDICAMENTOS DE PARTIDA QUE SON SOMETIDOS A MEZCLA, ADECUACIONES Y AJUSTE DE CONCENTRACIONES DE DOSIS CORRESPONDEN A FORMAS FARMACÉUTICAS SÓLIDAS Y LÍQUIDAS. LA PRESENTACIÓN FINAL DE PRODUCTOS ESTÉRILES ES EN BOLSAS.
5.EL ANTERIOR CONCEPTO TÉCNICO AUTORIZA ÚNICAMENTE LOS PROCESOS Y LAS FORMAS FARMACÉUTICAS ANTERIORMENTE DESCRITAS, PARA MEDICAMENTOS QUE REQUIEREN Y NO REQUIEREN CADENA DE FRÍO CON EL FIN DE CUMPLIR CON LAS DOSIS PRESCRITAS. SE REFIERE A QUE DICHOS PROCESOS DEBEN CIRCUNSCRIBIRSE AL SISTEMA DE DISTRIBUCIÓN DE MEDICAMENTOS EN DOSIS UNITARIA.
6.TODO CAMBIO CRÍTICO QUE SE HAGA Y AFECTE LAS CONDICIONES EVALUADAS Y CERTIFICADAS DURANTE LA PRESENTE AUDITORIA, RESPECTO A EQUIPOS, ÁREAS, PROCESOS PRODUCTIVOS, PERSONAL TÉCNICO PRINCIPAL (DIRECTOR TÉCNICO) O DE LAS EMPRESAS CON LAS QUE SE CONTRATÓ LA REALIZACIÓN DE ACTIVIDADES DE PRODUCCIÓN Y CONTROL DE CALIDAD, DEBERÁN SER NOTIFICADOS AL INVIMA CON EL FIN DE QUE ÉSTE EVALÚE Y VERIFIQUE SI SE REQUIERE UNA VISITA DE AMPLIACIÓN O VERIFICACIÓN DEL CONCEPTO TÉCNICO EMITIDO, DE ACUERDO CON LAS DISPOSICIONES DE LA NORMATIVIDAD SANITARIA CORRESPONDIENTE, SO PENA  DE LAS ACCIONES A QUE HAYA LUGAR.",2026-02-17T00:00:00.000,2031-03-12T00:00:00.000
1976R,CENTRO DE MEDICINA NUCLEAR DEL TOLIMA LIMITADA,Ibagué,Tolima,Carrera 1 No.12-84 Piso 3,Cumple Condicionado,"CUMPLE CONDICIONADO CON LAS LAS BUENAS PRACTICAS DE ELABORACION DE RADIOFARMACOS - BPER PARA LOS SIGUIENTES PROCESOS Y/O ACTIVIDADES:

1. ESTERILES
1.1. RADIOMARCACION DE KITS CON REGISTRO SANITARIO, CON MODIFICACION DE LAS INDICACIONES DE PREPARACION DEL FABRICANTE. (INFORMATIVO: TECNECIO 99M (99MTC)) 
1.1.1. LIQUIDOS: SOLUCIONES EN VIALES.
1.2. DILUCION, DOSIFICACION Y AJUSTE DE CONCENTRACION, EN ACTIVIDAD Y/O VOLUMEN DE RADIOFARMACOS CON REGISTRO SANITARIO O AUTORIZACION DEL INSTITUTO NACIONAL DE VIGILANCIA DE MEDICAMENTOS Y ALIMENTOS - INVIMA, PARA ADMINISTRACION PARENTERAL. (INFORMATIVO: TECNECIO 99M (99MTC)) 1.2.1. LIQUIDOS: SOLUCIONES EN JERINGAS.

NOTAS ACLARATORIAS:
1.PREPARACION MAGISTRAL: ES EL PREPARADO O PRODUCTO FARMACEUTICO PARA ATENDER UNA PRESCRIPCION MEDICA, DE UN PACIENTE INDIVIDUAL, QUE REQUIERE DE ALGUN TIPO DE INTERVENCION TECNICA DE VARIADA COMPLEJIDAD.
2.EL PRESENTE CONCEPTO INCLUYE LOS PROCESOS DE ELUCION, MARCACION Y DOSIFICACION DE LOS RADIONUCLIDOS CON LOS FARMACOS DESCRITOS ANTERIORMENTE.
3.LOS PROCESOS ANTERIORMENTE MENCIONADOS SE REALIZAN DE FORMA ASEPTICA.
4.EL ANTERIOR CONCEPTO TECNICO, AUTORIZA UNICAMENTE LOS PROCESOS Y LAS FORMAS FARMACEUTICAS ANTERIORMENTE DESCRITAS PARA RADIOFARMACOS QUE REQUIEREN Y NO REQUIEREN CADENA DE FRIO CON EL FIN CUMPLIR LAS DOSIS PRESCRITAS.
5.TODO CAMBIO CRITICO QUE SE HAGA Y AFECTE LAS CONDICIONES EVALUADAS Y CERTIFICADAS DURANTE LA PRESENTE AUDITORIA, RESPECTO A EQUIPOS, AREAS, PROCESOS PRODUCTIVOS, PERSONAL TECNICO PRINCIPAL (DIRECTOR TECNICO) O DE LAS EMPRESAS CON LAS QUE SE CONTRATO LA REALIZACION DE ACTIVIDADES DE PRODUCCION Y CONTROL DE CALIDAD, DEBERAN SER NOTIFICADOS AL INVIMA CON EL FIN DE QUE ESTE EVALUE Y VERIFIQUE SI SE REQUIERE UNA VISITA DE AMPLIACION O VERIFICACION DEL CONCEPTO TECNICO EMITIDO, DE ACUERDO CON LAS DISPOSICIONES DE LA NORMATIVIDAD SANITARIA CORRESPONDIENTE, SO PENA DE LAS ACCIONES A QUE HAYA LUGAR",,
2358S,INSTITUTO CARDIOVASCULAR DEL CESAR S.A.,VALLEDUPAR,CESAR,Carrera 16 No. 16A - 42 de Valledupar – Cesar,Cumple,"CUMPLE CON LAS BUENAS PRACTICAS DE ELABORACION PARA LOS SIGUIENTES PROCESOS Y/O ACTIVIDADES:

NO ESTERILES
2.1 REEMPAQUE DE MEDICAMENTOS: SOLIDOS, 

NOTAS ACLARATORIAS:
1. EL REEMPAQUE DE MEDICAMENTOS ES PARA SOLIDOS, Y ES REALIZADA EN AREA INDEPENDIENTE Y EXCLUSIVA.
2. EL ANTERIOR CONCEPTO TECNICO AUTORIZA UNICAMENTE LOS PROCESOS Y LAS FORMAS FARMACEUTICAS ANTERIORMENTE DESCRITAS, PARA MEDICAMENTOS QUE NO REQUIEREN CADENA DE FRIO CON EL FIN DE CUMPLIR CON LAS DOSIS PRESCRITAS. SE REFIERE A QUE DICHOS PROCESOS DEBEN CIRCUNSCRIBIRSE AL SISTEMA DE DISTRIBUCION DE MEDICAMENTOS EN DOSIS UNITARIA.
3. LOS PRODUCTOS ELABORADOS SOLO PUEDEN SER COMERCIALIZADOS A TRAVES DE CONVENIOS O CONTRATOS ESTABLECIDOS CON OTROS ESTABLECIMIENTOS FARMACEUTICOS AUTORIZADOS O SERVICIOS FARMACEUTICOS HABILITADOS DE INSTITUCIONES PRESTADORAS DE SERVICIOS DE SALUD.
4. EL ANTERIOR CONCEPTO TECNICO, AUTORIZA UNICAMENTE LOS PROCESOS Y LAS FORMAS FARMACEUTICAS ANTERIORMENTE DESCRITAS.
5. TODO CAMBIO CRITICO QUE SE HAGA Y AFECTE LAS CONDICIONES EVALUADAS Y CERTIFICADAS DURANTE LA PRESENTE AUDITORIA, RESPECTO A EQUIPOS, AREAS, PROCESOS PRODUCTIVOS, PERSONAL TECNICO PRINCIPAL (DIRECTOR TECNICO) O DE LAS EMPRESAS CON LAS QUE SE CONTRATO LA REALIZACION DE ACTIVIDADES DE PRODUCCION Y CONTROL DE CALIDAD, DEBERAN SER NOTIFICADOS AL INVIMA CON EL FIN DE QUE ESTE EVALUE Y VERIFIQUE SI SE REQUIERE UNA VISITA DE AMPLIACION O VERIFICACION DEL CONCEPTO TECNICO EMITIDO, DE ACUERDO CON LAS DISPOSICIONES DE LA NORMATIVIDAD SANITARIA CORRESPONDIENTE, SO PENA DE LAS ACCIONES A QUE HAYA LUGAR.",2026-02-17T00:00:00.000,2031-03-13T00:00:00.000
1748S,SOCIEDAD DE CANCEROLOGIA DE LA COSTA LTDA.,CARTAGENA,BOLIVAR,CARRERA 82 Nro. 31 – 320,Cumple,"CUMPLE CON LAS BUENAS PRACTICAS DE ELABORACION,  PARA LOS SIGUIENTES PROCESOS Y/O ACTIVIDADES:

1. ESTERILES
1.1. ADECUACION Y AJUSTE DE CONCENTRACIONES DE DOSIS DE MEDICAMENTOS ONCOLOGICOS                                                                           1.1.2 LIQUIDOS

NOTAS ACLARATORIAS:
1. PREPARACION MAGISTRAL: ES EL PREPARADO O PRODUCTO FARMACEUTICO PARA ATENDER UNA PRESCRIPCION MEDICA, DE UN PACIENTE INDIVIDUAL, QUE REQUIERE DE ALGUN TIPO DE INTERVENCION TECNICA DE VARIADA COMPLEJIDAD.
2. LA ADECUACION Y AJUSTE DE CONCENTRACIONES DE MEDICAMENTOS ONCOLOGICOS ES REALIZADA EN AREAS INDEPENDIENTES Y EXCLUSIVAS.
3. EL ANTERIOR CONCEPTO TECNICO AUTORIZA UNICAMENTE LOS PROCESOS Y LAS FORMAS FARMACEUTICAS ANTERIORMENTE DESCRITAS, PARA MEDICAMENTOS QUE NO REQUIEREN CADENA DE FRIO CON EL FIN DE CUMPLIR CON LAS DOSIS PRESCRITAS. SE REFIERE A QUE DICHOS PROCESOS DEBEN CIRCUNSCRIBIRSE AL SISTEMA DE DISTRIBUCION DE MEDICAMENTOS EN DOSIS UNITARIA.
4. LOS MEDICAMENTOS DE PARTIDA QUE VAN A SER SOMETIDOS A MEZCLA, ADECUACIONES Y AJUSTE DE CONCENTRACIONES CORRESPONDEN A FORMAS FARMACEUTICAS SOLIDAS Y LIQUIDAS. LA PRESENTACION FINAL ES EN BOLSAS O JERINGAS E INFUSORES.
5. TODO CAMBIO CRITICO QUE SE HAGA Y AFECTE LAS CONDICIONES EVALUADAS Y CERTIFICADAS DURANTE LA PRESENTE AUDITORIA, RESPECTO A EQUIPOS, AREAS, PROCESOS PRODUCTIVOS, PERSONAL TECNICO PRINCIPAL (DIRECTOR TECNICO) O DE LAS EMPRESAS CON LAS QUE SE CONTRATO LA REALIZACION DE ACTIVIDADES DE PRODUCCION Y CONTROL DE CALIDAD, DEBERAN SER NOTIFICADOS AL INVIMA CON EL FIN DE QUE ESTE EVALUE Y VERIFIQUE SI SE REQUIERE UNA VISITA DE AMPLIACION O VERIFICACION DEL CONCEPTO TECNICO EMITIDO, DE ACUERDO CON LAS DISPOSICIONES DE LA NORMATIVIDAD SANITARIA CORRESPONDIENTE, SO PENA DE LAS ACCIONES A QUE HAYA LUGAR.",2026-03-05T00:00:00.000,2031-03-26T00:00:00.000
